{
  "annotationsDerived": {
    "identity": {
      "language": "kl"
    },
    "annotations": {
      "👩‍❤‍💋‍👨": {
        "default": [
          "kærlighed",
          "kvinde",
          "kys",
          "mand",
          "par med hjerte",
          "romantik"
        ],
        "tts": [
          "kys: kvinde, mand"
        ]
      },
      "👨‍❤‍💋‍👨": {
        "default": [
          "kærlighed",
          "kys",
          "mand",
          "par med hjerte",
          "romantik"
        ],
        "tts": [
          "kys: mand, mand"
        ]
      },
      "👩‍❤‍💋‍👩": {
        "default": [
          "kærlighed",
          "kvinde",
          "kys",
          "par med hjerte",
          "romantik"
        ],
        "tts": [
          "kys: kvinde, kvinde"
        ]
      },
      "👩‍❤‍👨": {
        "default": [
          "kærlighed",
          "kvinde",
          "mand",
          "par med hjerte",
          "romantik"
        ],
        "tts": [
          "par med hjerte: kvinde, mand"
        ]
      },
      "👨‍❤‍👨": {
        "default": [
          "kærlighed",
          "mand",
          "par med hjerte",
          "romantik"
        ],
        "tts": [
          "par med hjerte: mand, mand"
        ]
      },
      "👩‍❤‍👩": {
        "default": [
          "kærlighed",
          "kvinde",
          "par med hjerte",
          "romantik"
        ],
        "tts": [
          "par med hjerte: kvinde, kvinde"
        ]
      },
      "👨‍👩‍👦": {
        "default": [
          "barn",
          "dreng",
          "familie",
          "far",
          "kvinde",
          "mand",
          "menneske",
          "mor"
        ],
        "tts": [
          "familie: mand, kvinde, dreng"
        ]
      },
      "👨‍👩‍👧": {
        "default": [
          "barn",
          "familie",
          "far",
          "kvinde",
          "mand",
          "menneske",
          "mor",
          "pige"
        ],
        "tts": [
          "familie: mand, kvinde, pige"
        ]
      },
      "👨‍👩‍👧‍👦": {
        "default": [
          "barn",
          "dreng",
          "familie",
          "far",
          "kvinde",
          "mand",
          "menneske",
          "mor",
          "pige"
        ],
        "tts": [
          "familie: mand, kvinde, pige, dreng"
        ]
      },
      "👨‍👩‍👦‍👦": {
        "default": [
          "barn",
          "dreng",
          "familie",
          "far",
          "kvinde",
          "mand",
          "menneske",
          "mor"
        ],
        "tts": [
          "familie: mand, kvinde, dreng, dreng"
        ]
      },
      "👨‍👩‍👧‍👧": {
        "default": [
          "barn",
          "familie",
          "far",
          "kvinde",
          "mand",
          "menneske",
          "mor",
          "pige"
        ],
        "tts": [
          "familie: mand, kvinde, pige, pige"
        ]
      },
      "👨‍👨‍👦": {
        "default": [
          "barn",
          "dreng",
          "familie",
          "far",
          "mand",
          "menneske",
          "mor"
        ],
        "tts": [
          "familie: mand, mand, dreng"
        ]
      },
      "👨‍👨‍👧": {
        "default": [
          "barn",
          "familie",
          "far",
          "mand",
          "menneske",
          "mor",
          "pige"
        ],
        "tts": [
          "familie: mand, mand, pige"
        ]
      },
      "👨‍👨‍👧‍👦": {
        "default": [
          "barn",
          "dreng",
          "familie",
          "far",
          "mand",
          "menneske",
          "mor",
          "pige"
        ],
        "tts": [
          "familie: mand, mand, pige, dreng"
        ]
      },
      "👨‍👨‍👦‍👦": {
        "default": [
          "barn",
          "dreng",
          "familie",
          "far",
          "mand",
          "menneske",
          "mor"
        ],
        "tts": [
          "familie: mand, mand, dreng, dreng"
        ]
      },
      "👨‍👨‍👧‍👧": {
        "default": [
          "barn",
          "familie",
          "far",
          "mand",
          "menneske",
          "mor",
          "pige"
        ],
        "tts": [
          "familie: mand, mand, pige, pige"
        ]
      },
      "👩‍👩‍👦": {
        "default": [
          "barn",
          "dreng",
          "familie",
          "far",
          "kvinde",
          "menneske",
          "mor"
        ],
        "tts": [
          "familie: kvinde, kvinde, dreng"
        ]
      },
      "👩‍👩‍👧": {
        "default": [
          "barn",
          "familie",
          "far",
          "kvinde",
          "menneske",
          "mor",
          "pige"
        ],
        "tts": [
          "familie: kvinde, kvinde, pige"
        ]
      },
      "👩‍👩‍👧‍👦": {
        "default": [
          "barn",
          "dreng",
          "familie",
          "far",
          "kvinde",
          "menneske",
          "mor",
          "pige"
        ],
        "tts": [
          "familie: kvinde, kvinde, pige, dreng"
        ]
      },
      "👩‍👩‍👦‍👦": {
        "default": [
          "barn",
          "dreng",
          "familie",
          "far",
          "kvinde",
          "menneske",
          "mor"
        ],
        "tts": [
          "familie: kvinde, kvinde, dreng, dreng"
        ]
      },
      "👩‍👩‍👧‍👧": {
        "default": [
          "barn",
          "familie",
          "far",
          "kvinde",
          "menneske",
          "mor",
          "pige"
        ],
        "tts": [
          "familie: kvinde, kvinde, pige, pige"
        ]
      },
      "👨‍👦": {
        "default": [
          "barn",
          "dreng",
          "familie",
          "far",
          "mand",
          "menneske",
          "mor"
        ],
        "tts": [
          "familie: mand, dreng"
        ]
      },
      "👨‍👦‍👦": {
        "default": [
          "barn",
          "dreng",
          "familie",
          "far",
          "mand",
          "menneske",
          "mor"
        ],
        "tts": [
          "familie: mand, dreng, dreng"
        ]
      },
      "👨‍👧": {
        "default": [
          "barn",
          "familie",
          "far",
          "mand",
          "menneske",
          "mor",
          "pige"
        ],
        "tts": [
          "familie: mand, pige"
        ]
      },
      "👨‍👧‍👦": {
        "default": [
          "barn",
          "dreng",
          "familie",
          "far",
          "mand",
          "menneske",
          "mor",
          "pige"
        ],
        "tts": [
          "familie: mand, pige, dreng"
        ]
      },
      "👨‍👧‍👧": {
        "default": [
          "barn",
          "familie",
          "far",
          "mand",
          "menneske",
          "mor",
          "pige"
        ],
        "tts": [
          "familie: mand, pige, pige"
        ]
      },
      "👩‍👦": {
        "default": [
          "barn",
          "dreng",
          "familie",
          "far",
          "kvinde",
          "menneske",
          "mor"
        ],
        "tts": [
          "familie: kvinde, dreng"
        ]
      },
      "👩‍👦‍👦": {
        "default": [
          "barn",
          "dreng",
          "familie",
          "far",
          "kvinde",
          "menneske",
          "mor"
        ],
        "tts": [
          "familie: kvinde, dreng, dreng"
        ]
      },
      "👩‍👧": {
        "default": [
          "barn",
          "familie",
          "far",
          "kvinde",
          "menneske",
          "mor",
          "pige"
        ],
        "tts": [
          "familie: kvinde, pige"
        ]
      },
      "👩‍👧‍👦": {
        "default": [
          "barn",
          "dreng",
          "familie",
          "far",
          "kvinde",
          "menneske",
          "mor",
          "pige"
        ],
        "tts": [
          "familie: kvinde, pige, dreng"
        ]
      },
      "👩‍👧‍👧": {
        "default": [
          "barn",
          "familie",
          "far",
          "kvinde",
          "menneske",
          "mor",
          "pige"
        ],
        "tts": [
          "familie: kvinde, pige, pige"
        ]
      }
    }
  }
}
