{
  "annotationsDerived": {
    "identity": {
      "language": "rhg"
    },
    "annotations": {
      "🚶‍➡": {
        "default": [
          "—",
          "𐴀𐴥𐴝𐴣𐴍𐴡𐴙𐴕𐴧𐴝 𐴔𐴝𐴕𐴥𐴟𐴙𐴐𐴢",
          "𐴁𐴠𐴌𐴝 - 𐴀𐴥𐴝𐴣𐴍𐴡𐴙𐴕𐴧𐴝 𐴔𐴝𐴕𐴥𐴟𐴙𐴐𐴢 - 𐴀𐴥𐴝𐴣𐴍𐴝 - 𐴀𐴥𐴝𐴣𐴍𐴡𐴀𐴡𐴕",
          "𐴋𐴠𐴕",
          "𐴔𐴟𐴑𐴤𐴝"
        ],
        "tts": [
          "𐴀𐴥𐴝𐴣𐴍𐴡𐴙𐴕𐴧𐴝 𐴔𐴝𐴕𐴥𐴟𐴙𐴐𐴢: — 𐴋𐴠𐴕 𐴔𐴟𐴑𐴤𐴝"
        ]
      },
      "🚶‍♀‍➡": {
        "default": [
          "—",
          "𐴀𐴥𐴝𐴣𐴍𐴡𐴙𐴕𐴧𐴝 𐴁𐴠𐴍𐴞",
          "𐴁𐴠𐴌𐴝 - 𐴀𐴥𐴝𐴣𐴍𐴝 - 𐴁𐴠𐴍𐴞 - 𐴀𐴥𐴝𐴣𐴍𐴡𐴙𐴕𐴧𐴝 𐴁𐴠𐴍𐴞",
          "𐴋𐴠𐴕",
          "𐴔𐴟𐴑𐴤𐴝"
        ],
        "tts": [
          "𐴀𐴥𐴝𐴣𐴍𐴡𐴙𐴕𐴧𐴝 𐴁𐴠𐴍𐴞: — 𐴋𐴠𐴕 𐴔𐴟𐴑𐴤𐴝"
        ]
      },
      "🚶‍♂‍➡": {
        "default": [
          "—",
          "𐴀𐴥𐴝𐴣𐴍𐴡𐴙𐴕𐴧𐴝 𐴁𐴠𐴍𐴝",
          "𐴁𐴠𐴌𐴝 - 𐴁𐴠𐴍𐴝 - 𐴀𐴥𐴝𐴣𐴍𐴡𐴙𐴕𐴧𐴝 𐴁𐴠𐴍𐴝 - 𐴀𐴥𐴝𐴣𐴍𐴝",
          "𐴋𐴠𐴕",
          "𐴔𐴟𐴑𐴤𐴝"
        ],
        "tts": [
          "𐴀𐴥𐴝𐴣𐴍𐴡𐴙𐴕𐴧𐴝 𐴁𐴠𐴍𐴝: — 𐴋𐴠𐴕 𐴔𐴟𐴑𐴤𐴝"
        ]
      },
      "🧎‍➡": {
        "default": [
          "—",
          "𐴀𐴝𐴣𐴍𐴥𐴟 - 𐴀𐴝𐴣𐴍𐴥𐴟𐴃𐴢 𐴁𐴤𐴡𐴌𐴊𐴧𐴞𐴘𐴝 𐴔𐴝𐴕𐴥𐴟𐴙𐴐𐴢",
          "𐴀𐴝𐴣𐴍𐴥𐴟𐴃𐴢 𐴁𐴤𐴡𐴌𐴊𐴧𐴞𐴘𐴝 𐴔𐴝𐴕𐴥𐴟𐴙𐴐𐴢",
          "𐴋𐴠𐴕",
          "𐴔𐴟𐴑𐴤𐴝"
        ],
        "tts": [
          "𐴀𐴝𐴣𐴍𐴥𐴟𐴃𐴢 𐴁𐴤𐴡𐴌𐴊𐴧𐴞𐴘𐴝 𐴔𐴝𐴕𐴥𐴟𐴙𐴐𐴢: — 𐴋𐴠𐴕 𐴔𐴟𐴑𐴤𐴝"
        ]
      },
      "🧎‍♀‍➡": {
        "default": [
          "—",
          "𐴀𐴝𐴣𐴍𐴥𐴟𐴃𐴢 𐴁𐴤𐴡𐴌𐴊𐴧𐴞𐴘𐴝 - 𐴁𐴠𐴍𐴞",
          "𐴀𐴝𐴣𐴍𐴥𐴟𐴃𐴢 𐴁𐴤𐴡𐴌𐴊𐴧𐴞𐴘𐴝 𐴁𐴠𐴍𐴞",
          "𐴋𐴠𐴕",
          "𐴔𐴟𐴑𐴤𐴝"
        ],
        "tts": [
          "𐴀𐴝𐴣𐴍𐴥𐴟𐴃𐴢 𐴁𐴤𐴡𐴌𐴊𐴧𐴞𐴘𐴝 𐴁𐴠𐴍𐴞: — 𐴋𐴠𐴕 𐴔𐴟𐴑𐴤𐴝"
        ]
      },
      "🧎‍♂‍➡": {
        "default": [
          "—",
          "𐴀𐴝𐴣𐴍𐴥𐴟𐴃𐴢 𐴁𐴤𐴡𐴌𐴊𐴧𐴞𐴘𐴝 - 𐴁𐴠𐴍𐴝",
          "𐴀𐴝𐴣𐴍𐴥𐴟𐴃𐴢 𐴁𐴤𐴡𐴌𐴊𐴧𐴞𐴘𐴝 𐴁𐴠𐴍𐴝",
          "𐴋𐴠𐴕",
          "𐴔𐴟𐴑𐴤𐴝"
        ],
        "tts": [
          "𐴀𐴝𐴣𐴍𐴥𐴟𐴃𐴢 𐴁𐴤𐴡𐴌𐴊𐴧𐴞𐴘𐴝 𐴁𐴠𐴍𐴝: — 𐴋𐴠𐴕 𐴔𐴟𐴑𐴤𐴝"
        ]
      },
      "🧑‍🦯‍➡": {
        "default": [
          "—",
          "𐴉𐴡𐴣𐴀𐴡𐴏𐴞 𐴉𐴝𐴌𐴝 - 𐴀𐴝𐴣𐴊𐴤𐴝 - 𐴓𐴝𐴍𐴥𐴞 𐴊𐴤𐴡𐴙𐴅𐴧𐴙𐴝 𐴔𐴝𐴕𐴥𐴟𐴙𐴐𐴢",
          "𐴋𐴠𐴕",
          "𐴓𐴝𐴍𐴥𐴞 𐴊𐴤𐴡𐴙𐴅𐴧𐴙𐴝 𐴔𐴝𐴕𐴥𐴟𐴙𐴐𐴢",
          "𐴔𐴟𐴑𐴤𐴝"
        ],
        "tts": [
          "𐴓𐴝𐴍𐴥𐴞 𐴊𐴤𐴡𐴙𐴅𐴧𐴙𐴝 𐴔𐴝𐴕𐴥𐴟𐴙𐴐𐴢: — 𐴋𐴠𐴕 𐴔𐴟𐴑𐴤𐴝"
        ]
      },
      "👨‍🦯‍➡": {
        "default": [
          "—",
          "𐴉𐴡𐴣𐴀𐴡𐴏𐴞 𐴉𐴝𐴌𐴝 - 𐴀𐴝𐴣𐴊𐴤𐴝 - 𐴁𐴠𐴍𐴝 - 𐴓𐴝𐴍𐴥𐴞 𐴊𐴤𐴡𐴙𐴅𐴧𐴙𐴝 𐴁𐴠𐴍𐴝",
          "𐴋𐴠𐴕",
          "𐴓𐴝𐴍𐴥𐴞 𐴊𐴤𐴡𐴙𐴅𐴧𐴙𐴝 𐴁𐴠𐴍𐴝",
          "𐴔𐴟𐴑𐴤𐴝"
        ],
        "tts": [
          "𐴓𐴝𐴍𐴥𐴞 𐴊𐴤𐴡𐴙𐴅𐴧𐴙𐴝 𐴁𐴠𐴍𐴝: — 𐴋𐴠𐴕 𐴔𐴟𐴑𐴤𐴝"
        ]
      },
      "👩‍🦯‍➡": {
        "default": [
          "—",
          "𐴉𐴡𐴣𐴀𐴡𐴏𐴞 𐴉𐴝𐴌𐴝 - 𐴀𐴝𐴣𐴊𐴤𐴝 - 𐴁𐴠𐴍𐴞 - 𐴓𐴝𐴍𐴥𐴞 𐴊𐴤𐴡𐴙𐴅𐴧𐴙𐴝 𐴁𐴠𐴍𐴞",
          "𐴋𐴠𐴕",
          "𐴓𐴝𐴍𐴥𐴞 𐴊𐴤𐴡𐴙𐴅𐴧𐴙𐴝 𐴁𐴠𐴍𐴞",
          "𐴔𐴟𐴑𐴤𐴝"
        ],
        "tts": [
          "𐴓𐴝𐴍𐴥𐴞 𐴊𐴤𐴡𐴙𐴅𐴧𐴙𐴝 𐴁𐴠𐴍𐴞: — 𐴋𐴠𐴕 𐴔𐴟𐴑𐴤𐴝"
        ]
      },
      "🧑‍🦼‍➡": {
        "default": [
          "—",
          "𐴉𐴡𐴣𐴀𐴡𐴏𐴞 𐴉𐴝𐴌𐴝 - 𐴔𐴡𐴄𐴤𐴡𐴌 𐴖𐴥𐴠𐴓𐴆𐴤𐴙𐴝𐴌𐴡𐴃𐴢 𐴁𐴡𐴙𐴐𐴧𐴤𐴙𐴝 𐴔𐴝𐴕𐴥𐴟𐴙𐴐𐴢 - 𐴖𐴥𐴠𐴓𐴆𐴤𐴙𐴝𐴌",
          "𐴋𐴠𐴕",
          "𐴔𐴟𐴑𐴤𐴝",
          "𐴔𐴡𐴄𐴤𐴡𐴌 𐴖𐴥𐴠𐴓𐴆𐴤𐴙𐴝𐴌𐴡𐴃𐴢 𐴁𐴡𐴙𐴐𐴧𐴤𐴙𐴝 𐴔𐴝𐴕𐴥𐴟𐴙𐴐𐴢"
        ],
        "tts": [
          "𐴔𐴡𐴄𐴤𐴡𐴌 𐴖𐴥𐴠𐴓𐴆𐴤𐴙𐴝𐴌𐴡𐴃𐴢 𐴁𐴡𐴙𐴐𐴧𐴤𐴙𐴝 𐴔𐴝𐴕𐴥𐴟𐴙𐴐𐴢: — 𐴋𐴠𐴕 𐴔𐴟𐴑𐴤𐴝"
        ]
      },
      "👨‍🦼‍➡": {
        "default": [
          "—",
          "𐴉𐴡𐴣𐴀𐴡𐴏𐴞 𐴉𐴝𐴌𐴝 - 𐴁𐴠𐴍𐴝 -𐴔𐴡𐴄𐴤𐴡𐴌 𐴖𐴥𐴠𐴓𐴆𐴤𐴙𐴝𐴌𐴡𐴃𐴢 𐴁𐴡𐴙𐴐𐴧𐴤𐴙𐴝 𐴁𐴠𐴍𐴝 - 𐴖𐴥𐴠𐴓𐴆𐴤𐴙𐴝𐴌",
          "𐴋𐴠𐴕",
          "𐴔𐴟𐴑𐴤𐴝",
          "𐴔𐴡𐴄𐴤𐴡𐴌 𐴖𐴥𐴠𐴓𐴆𐴤𐴙𐴝𐴌𐴡𐴃𐴢 𐴁𐴡𐴙𐴐𐴧𐴤𐴙𐴝 𐴁𐴠𐴍𐴝"
        ],
        "tts": [
          "𐴔𐴡𐴄𐴤𐴡𐴌 𐴖𐴥𐴠𐴓𐴆𐴤𐴙𐴝𐴌𐴡𐴃𐴢 𐴁𐴡𐴙𐴐𐴧𐴤𐴙𐴝 𐴁𐴠𐴍𐴝: — 𐴋𐴠𐴕 𐴔𐴟𐴑𐴤𐴝"
        ]
      },
      "👩‍🦼‍➡": {
        "default": [
          "—",
          "𐴉𐴡𐴣𐴀𐴡𐴏𐴞 𐴉𐴝𐴌𐴝 - 𐴖𐴥𐴠𐴓𐴆𐴤𐴙𐴝𐴌𐴡𐴃𐴢 - 𐴁𐴠𐴍𐴞 -𐴔𐴡𐴄𐴤𐴡𐴌 𐴖𐴥𐴠𐴓𐴆𐴤𐴙𐴝𐴌𐴡𐴃𐴢 𐴁𐴡𐴙𐴐𐴧𐴤𐴙𐴝 𐴁𐴠𐴍𐴞",
          "𐴋𐴠𐴕",
          "𐴔𐴟𐴑𐴤𐴝",
          "𐴔𐴡𐴄𐴤𐴡𐴌 𐴖𐴥𐴠𐴓𐴆𐴤𐴙𐴝𐴌𐴡𐴃𐴢 𐴁𐴡𐴙𐴐𐴧𐴤𐴙𐴝 𐴁𐴠𐴍𐴞"
        ],
        "tts": [
          "𐴔𐴡𐴄𐴤𐴡𐴌 𐴖𐴥𐴠𐴓𐴆𐴤𐴙𐴝𐴌𐴡𐴃𐴢 𐴁𐴡𐴙𐴐𐴧𐴤𐴙𐴝 𐴁𐴠𐴍𐴞: — 𐴋𐴠𐴕 𐴔𐴟𐴑𐴤𐴝"
        ]
      },
      "🧑‍🦽‍➡": {
        "default": [
          "—",
          "𐴉𐴡𐴣𐴀𐴡𐴏𐴞 𐴉𐴝𐴌𐴝 - 𐴖𐴥𐴠𐴓𐴆𐴤𐴙𐴝𐴌𐴡𐴃𐴢 𐴁𐴡𐴙𐴐𐴧𐴤𐴙𐴝 𐴔𐴝𐴕𐴥𐴟𐴙𐴐𐴢 - 𐴖𐴥𐴠𐴓𐴆𐴤𐴙𐴝𐴌",
          "𐴋𐴠𐴕",
          "𐴔𐴟𐴑𐴤𐴝",
          "𐴖𐴥𐴠𐴓𐴆𐴤𐴙𐴝𐴌𐴡𐴃𐴢 𐴁𐴡𐴙𐴐𐴧𐴤𐴙𐴝 𐴔𐴝𐴕𐴥𐴟𐴙𐴐𐴢"
        ],
        "tts": [
          "𐴖𐴥𐴠𐴓𐴆𐴤𐴙𐴝𐴌𐴡𐴃𐴢 𐴁𐴡𐴙𐴐𐴧𐴤𐴙𐴝 𐴔𐴝𐴕𐴥𐴟𐴙𐴐𐴢: — 𐴋𐴠𐴕 𐴔𐴟𐴑𐴤𐴝"
        ]
      },
      "👨‍🦽‍➡": {
        "default": [
          "—",
          "𐴉𐴡𐴣𐴀𐴡𐴏𐴞 𐴉𐴝𐴌𐴝 - 𐴁𐴠𐴍𐴝 - 𐴖𐴥𐴠𐴓𐴆𐴤𐴙𐴝𐴌𐴡𐴃𐴢 𐴁𐴡𐴙𐴐𐴧𐴤𐴙𐴝 𐴁𐴠𐴍𐴝 - 𐴖𐴥𐴠𐴓𐴆𐴤𐴙𐴝𐴌",
          "𐴋𐴠𐴕",
          "𐴔𐴟𐴑𐴤𐴝",
          "𐴖𐴥𐴠𐴓𐴆𐴤𐴙𐴝𐴌𐴡𐴃𐴢 𐴁𐴡𐴙𐴐𐴧𐴤𐴙𐴝 𐴁𐴠𐴍𐴝"
        ],
        "tts": [
          "𐴖𐴥𐴠𐴓𐴆𐴤𐴙𐴝𐴌𐴡𐴃𐴢 𐴁𐴡𐴙𐴐𐴧𐴤𐴙𐴝 𐴁𐴠𐴍𐴝: — 𐴋𐴠𐴕 𐴔𐴟𐴑𐴤𐴝"
        ]
      },
      "👩‍🦽‍➡": {
        "default": [
          "—",
          "𐴉𐴡𐴣𐴀𐴡𐴏𐴞 𐴉𐴝𐴌𐴝 - 𐴖𐴥𐴠𐴓𐴆𐴤𐴙𐴝𐴌 - 𐴁𐴠𐴍𐴞 - 𐴖𐴥𐴠𐴓𐴆𐴤𐴙𐴝𐴌𐴡𐴃𐴢 𐴁𐴡𐴙𐴐𐴧𐴤𐴙𐴝 𐴁𐴠𐴍𐴞",
          "𐴋𐴠𐴕",
          "𐴔𐴟𐴑𐴤𐴝",
          "𐴖𐴥𐴠𐴓𐴆𐴤𐴙𐴝𐴌𐴡𐴃𐴢 𐴁𐴡𐴙𐴐𐴧𐴤𐴙𐴝 𐴁𐴠𐴍𐴞"
        ],
        "tts": [
          "𐴖𐴥𐴠𐴓𐴆𐴤𐴙𐴝𐴌𐴡𐴃𐴢 𐴁𐴡𐴙𐴐𐴧𐴤𐴙𐴝 𐴁𐴠𐴍𐴞: — 𐴋𐴠𐴕 𐴔𐴟𐴑𐴤𐴝"
        ]
      },
      "🏃‍➡": {
        "default": [
          "—",
          "𐴊𐴦𐴟𐴣𐴌𐴠𐴌𐴊𐴧𐴠 𐴔𐴝𐴕𐴥𐴟𐴙𐴐𐴢",
          "𐴋𐴠𐴕",
          "𐴔𐴝𐴌𐴝𐴃𐴟𐴕 - 𐴊𐴦𐴟𐴣𐴌𐴠𐴌𐴊𐴧𐴠 𐴔𐴝𐴕𐴥𐴟𐴙𐴐𐴢 - 𐴊𐴦𐴟𐴣𐴌𐴝",
          "𐴔𐴟𐴑𐴤𐴝"
        ],
        "tts": [
          "𐴊𐴦𐴟𐴣𐴌𐴠𐴌𐴊𐴧𐴠 𐴔𐴝𐴕𐴥𐴟𐴙𐴐𐴢: — 𐴋𐴠𐴕 𐴔𐴟𐴑𐴤𐴝"
        ]
      },
      "🏃‍♀‍➡": {
        "default": [
          "—",
          "𐴊𐴦𐴟𐴣𐴌𐴠𐴌𐴊𐴧𐴠 𐴁𐴠𐴍𐴞",
          "𐴋𐴠𐴕",
          "𐴔𐴝𐴌𐴝𐴃𐴟𐴕 - 𐴎𐴞𐴁𐴧𐴝𐴃𐴢 - 𐴊𐴦𐴟𐴣𐴌𐴡𐴀𐴡𐴕 - 𐴁𐴠𐴍𐴞",
          "𐴔𐴟𐴑𐴤𐴝"
        ],
        "tts": [
          "𐴊𐴦𐴟𐴣𐴌𐴠𐴌𐴊𐴧𐴠 𐴁𐴠𐴍𐴞: — 𐴋𐴠𐴕 𐴔𐴟𐴑𐴤𐴝"
        ]
      },
      "🏃‍♂‍➡": {
        "default": [
          "—",
          "𐴁𐴠𐴍𐴝 - 𐴔𐴝𐴌𐴝𐴃𐴟𐴕 - 𐴎𐴞𐴁𐴧𐴝𐴃𐴢 - 𐴊𐴦𐴟𐴣𐴌𐴠𐴌",
          "𐴊𐴦𐴟𐴣𐴌𐴠𐴌𐴊𐴧𐴠 𐴁𐴠𐴍𐴝",
          "𐴋𐴠𐴕",
          "𐴔𐴟𐴑𐴤𐴝"
        ],
        "tts": [
          "𐴊𐴦𐴟𐴣𐴌𐴠𐴌𐴊𐴧𐴠 𐴁𐴠𐴍𐴝: — 𐴋𐴠𐴕 𐴔𐴟𐴑𐴤𐴝"
        ]
      },
      "👩‍❤‍💋‍👨": {
        "default": [
          "𐴀𐴝𐴂𐴧𐴥𐴗𐴝",
          "𐴁𐴠𐴍𐴞",
          "𐴎𐴟𐴌 - 𐴀𐴝𐴂𐴧𐴥𐴗𐴝",
          "𐴔𐴝𐴕𐴥𐴟𐴙𐴐𐴢"
        ],
        "tts": [
          "𐴀𐴝𐴂𐴧𐴥𐴗𐴝: 𐴁𐴠𐴍𐴞, 𐴔𐴝𐴕𐴥𐴟𐴙𐴐𐴢"
        ]
      },
      "👨‍❤‍💋‍👨": {
        "default": [
          "𐴀𐴝𐴂𐴧𐴥𐴗𐴝",
          "𐴎𐴟𐴌 - 𐴀𐴝𐴂𐴧𐴥𐴗𐴝",
          "𐴔𐴝𐴕𐴥𐴟𐴙𐴐𐴢"
        ],
        "tts": [
          "𐴀𐴝𐴂𐴧𐴥𐴗𐴝: 𐴔𐴝𐴕𐴥𐴟𐴙𐴐𐴢, 𐴔𐴝𐴕𐴥𐴟𐴙𐴐𐴢"
        ]
      },
      "👩‍❤‍💋‍👩": {
        "default": [
          "𐴀𐴝𐴂𐴧𐴥𐴗𐴝",
          "𐴁𐴠𐴍𐴞",
          "𐴎𐴟𐴌 - 𐴀𐴝𐴂𐴧𐴥𐴗𐴝"
        ],
        "tts": [
          "𐴀𐴝𐴂𐴧𐴥𐴗𐴝: 𐴁𐴠𐴍𐴞, 𐴁𐴠𐴍𐴞"
        ]
      },
      "👩‍❤‍👨": {
        "default": [
          "𐴁𐴠𐴍𐴞",
          "𐴎𐴟𐴌 - 𐴎𐴟𐴌 𐴀𐴝𐴌 𐴑𐴡𐴓𐴥𐴡𐴁𐴢 - 𐴀𐴝𐴊𐴡𐴌",
          "𐴎𐴟𐴌 𐴀𐴝𐴌 𐴑𐴡𐴓𐴥𐴡𐴁𐴢",
          "𐴔𐴝𐴕𐴥𐴟𐴙𐴐𐴢"
        ],
        "tts": [
          "𐴎𐴟𐴌 𐴀𐴝𐴌 𐴑𐴡𐴓𐴥𐴡𐴁𐴢: 𐴁𐴠𐴍𐴞, 𐴔𐴝𐴕𐴥𐴟𐴙𐴐𐴢"
        ]
      },
      "👨‍❤‍👨": {
        "default": [
          "𐴎𐴟𐴌 - 𐴎𐴟𐴌 𐴀𐴝𐴌 𐴑𐴡𐴓𐴥𐴡𐴁𐴢 - 𐴀𐴝𐴊𐴡𐴌",
          "𐴎𐴟𐴌 𐴀𐴝𐴌 𐴑𐴡𐴓𐴥𐴡𐴁𐴢",
          "𐴔𐴝𐴕𐴥𐴟𐴙𐴐𐴢"
        ],
        "tts": [
          "𐴎𐴟𐴌 𐴀𐴝𐴌 𐴑𐴡𐴓𐴥𐴡𐴁𐴢: 𐴔𐴝𐴕𐴥𐴟𐴙𐴐𐴢, 𐴔𐴝𐴕𐴥𐴟𐴙𐴐𐴢"
        ]
      },
      "👩‍❤‍👩": {
        "default": [
          "𐴁𐴠𐴍𐴞",
          "𐴎𐴟𐴌 - 𐴎𐴟𐴌 𐴀𐴝𐴌 𐴑𐴡𐴓𐴥𐴡𐴁𐴢 - 𐴀𐴝𐴊𐴡𐴌",
          "𐴎𐴟𐴌 𐴀𐴝𐴌 𐴑𐴡𐴓𐴥𐴡𐴁𐴢"
        ],
        "tts": [
          "𐴎𐴟𐴌 𐴀𐴝𐴌 𐴑𐴡𐴓𐴥𐴡𐴁𐴢: 𐴁𐴠𐴍𐴞, 𐴁𐴠𐴍𐴞"
        ]
      },
      "👨‍👩‍👦": {
        "default": [
          "𐴁𐴠𐴍𐴞",
          "𐴉𐴟𐴖𐴝",
          "𐴒𐴤𐴡𐴌 𐴒𐴟𐴐𐴧𐴞",
          "𐴔𐴝𐴕𐴥𐴟𐴙𐴐𐴢"
        ],
        "tts": [
          "𐴒𐴤𐴡𐴌 𐴒𐴟𐴐𐴧𐴞: 𐴔𐴝𐴕𐴥𐴟𐴙𐴐𐴢, 𐴁𐴠𐴍𐴞, 𐴉𐴟𐴖𐴝"
        ]
      },
      "👨‍👩‍👧": {
        "default": [
          "𐴁𐴠𐴍𐴞",
          "𐴒𐴤𐴡𐴌 𐴒𐴟𐴐𐴧𐴞",
          "𐴔𐴝𐴕𐴥𐴟𐴙𐴐𐴢",
          "𐴔𐴝𐴘𐴧𐴝"
        ],
        "tts": [
          "𐴒𐴤𐴡𐴌 𐴒𐴟𐴐𐴧𐴞: 𐴔𐴝𐴕𐴥𐴟𐴙𐴐𐴢, 𐴁𐴠𐴍𐴞, 𐴔𐴝𐴘𐴧𐴝"
        ]
      },
      "👨‍👩‍👧‍👦": {
        "default": [
          "𐴁𐴠𐴍𐴞",
          "𐴉𐴟𐴖𐴝",
          "𐴒𐴤𐴡𐴌 𐴒𐴟𐴐𐴧𐴞",
          "𐴔𐴝𐴕𐴥𐴟𐴙𐴐𐴢",
          "𐴔𐴝𐴘𐴧𐴝"
        ],
        "tts": [
          "𐴒𐴤𐴡𐴌 𐴒𐴟𐴐𐴧𐴞: 𐴔𐴝𐴕𐴥𐴟𐴙𐴐𐴢, 𐴁𐴠𐴍𐴞, 𐴔𐴝𐴘𐴧𐴝, 𐴉𐴟𐴖𐴝"
        ]
      },
      "👨‍👩‍👦‍👦": {
        "default": [
          "𐴁𐴠𐴍𐴞",
          "𐴉𐴟𐴖𐴝",
          "𐴒𐴤𐴡𐴌 𐴒𐴟𐴐𐴧𐴞",
          "𐴔𐴝𐴕𐴥𐴟𐴙𐴐𐴢"
        ],
        "tts": [
          "𐴒𐴤𐴡𐴌 𐴒𐴟𐴐𐴧𐴞: 𐴔𐴝𐴕𐴥𐴟𐴙𐴐𐴢, 𐴁𐴠𐴍𐴞, 𐴉𐴟𐴖𐴝, 𐴉𐴟𐴖𐴝"
        ]
      },
      "👨‍👩‍👧‍👧": {
        "default": [
          "𐴁𐴠𐴍𐴞",
          "𐴒𐴤𐴡𐴌 𐴒𐴟𐴐𐴧𐴞",
          "𐴔𐴝𐴕𐴥𐴟𐴙𐴐𐴢",
          "𐴔𐴝𐴘𐴧𐴝"
        ],
        "tts": [
          "𐴒𐴤𐴡𐴌 𐴒𐴟𐴐𐴧𐴞: 𐴔𐴝𐴕𐴥𐴟𐴙𐴐𐴢, 𐴁𐴠𐴍𐴞, 𐴔𐴝𐴘𐴧𐴝, 𐴔𐴝𐴘𐴧𐴝"
        ]
      },
      "👨‍👨‍👦": {
        "default": [
          "𐴉𐴟𐴖𐴝",
          "𐴒𐴤𐴡𐴌 𐴒𐴟𐴐𐴧𐴞",
          "𐴔𐴝𐴕𐴥𐴟𐴙𐴐𐴢"
        ],
        "tts": [
          "𐴒𐴤𐴡𐴌 𐴒𐴟𐴐𐴧𐴞: 𐴔𐴝𐴕𐴥𐴟𐴙𐴐𐴢, 𐴔𐴝𐴕𐴥𐴟𐴙𐴐𐴢, 𐴉𐴟𐴖𐴝"
        ]
      },
      "👨‍👨‍👧": {
        "default": [
          "𐴒𐴤𐴡𐴌 𐴒𐴟𐴐𐴧𐴞",
          "𐴔𐴝𐴕𐴥𐴟𐴙𐴐𐴢",
          "𐴔𐴝𐴘𐴧𐴝"
        ],
        "tts": [
          "𐴒𐴤𐴡𐴌 𐴒𐴟𐴐𐴧𐴞: 𐴔𐴝𐴕𐴥𐴟𐴙𐴐𐴢, 𐴔𐴝𐴕𐴥𐴟𐴙𐴐𐴢, 𐴔𐴝𐴘𐴧𐴝"
        ]
      },
      "👨‍👨‍👧‍👦": {
        "default": [
          "𐴉𐴟𐴖𐴝",
          "𐴒𐴤𐴡𐴌 𐴒𐴟𐴐𐴧𐴞",
          "𐴔𐴝𐴕𐴥𐴟𐴙𐴐𐴢",
          "𐴔𐴝𐴘𐴧𐴝"
        ],
        "tts": [
          "𐴒𐴤𐴡𐴌 𐴒𐴟𐴐𐴧𐴞: 𐴔𐴝𐴕𐴥𐴟𐴙𐴐𐴢, 𐴔𐴝𐴕𐴥𐴟𐴙𐴐𐴢, 𐴔𐴝𐴘𐴧𐴝, 𐴉𐴟𐴖𐴝"
        ]
      },
      "👨‍👨‍👦‍👦": {
        "default": [
          "𐴉𐴟𐴖𐴝",
          "𐴒𐴤𐴡𐴌 𐴒𐴟𐴐𐴧𐴞",
          "𐴔𐴝𐴕𐴥𐴟𐴙𐴐𐴢"
        ],
        "tts": [
          "𐴒𐴤𐴡𐴌 𐴒𐴟𐴐𐴧𐴞: 𐴔𐴝𐴕𐴥𐴟𐴙𐴐𐴢, 𐴔𐴝𐴕𐴥𐴟𐴙𐴐𐴢, 𐴉𐴟𐴖𐴝, 𐴉𐴟𐴖𐴝"
        ]
      },
      "👨‍👨‍👧‍👧": {
        "default": [
          "𐴒𐴤𐴡𐴌 𐴒𐴟𐴐𐴧𐴞",
          "𐴔𐴝𐴕𐴥𐴟𐴙𐴐𐴢",
          "𐴔𐴝𐴘𐴧𐴝"
        ],
        "tts": [
          "𐴒𐴤𐴡𐴌 𐴒𐴟𐴐𐴧𐴞: 𐴔𐴝𐴕𐴥𐴟𐴙𐴐𐴢, 𐴔𐴝𐴕𐴥𐴟𐴙𐴐𐴢, 𐴔𐴝𐴘𐴧𐴝, 𐴔𐴝𐴘𐴧𐴝"
        ]
      },
      "👩‍👩‍👦": {
        "default": [
          "𐴁𐴠𐴍𐴞",
          "𐴉𐴟𐴖𐴝",
          "𐴒𐴤𐴡𐴌 𐴒𐴟𐴐𐴧𐴞"
        ],
        "tts": [
          "𐴒𐴤𐴡𐴌 𐴒𐴟𐴐𐴧𐴞: 𐴁𐴠𐴍𐴞, 𐴁𐴠𐴍𐴞, 𐴉𐴟𐴖𐴝"
        ]
      },
      "👩‍👩‍👧": {
        "default": [
          "𐴁𐴠𐴍𐴞",
          "𐴒𐴤𐴡𐴌 𐴒𐴟𐴐𐴧𐴞",
          "𐴔𐴝𐴘𐴧𐴝"
        ],
        "tts": [
          "𐴒𐴤𐴡𐴌 𐴒𐴟𐴐𐴧𐴞: 𐴁𐴠𐴍𐴞, 𐴁𐴠𐴍𐴞, 𐴔𐴝𐴘𐴧𐴝"
        ]
      },
      "👩‍👩‍👧‍👦": {
        "default": [
          "𐴁𐴠𐴍𐴞",
          "𐴉𐴟𐴖𐴝",
          "𐴒𐴤𐴡𐴌 𐴒𐴟𐴐𐴧𐴞",
          "𐴔𐴝𐴘𐴧𐴝"
        ],
        "tts": [
          "𐴒𐴤𐴡𐴌 𐴒𐴟𐴐𐴧𐴞: 𐴁𐴠𐴍𐴞, 𐴁𐴠𐴍𐴞, 𐴔𐴝𐴘𐴧𐴝, 𐴉𐴟𐴖𐴝"
        ]
      },
      "👩‍👩‍👦‍👦": {
        "default": [
          "𐴁𐴠𐴍𐴞",
          "𐴉𐴟𐴖𐴝",
          "𐴒𐴤𐴡𐴌 𐴒𐴟𐴐𐴧𐴞"
        ],
        "tts": [
          "𐴒𐴤𐴡𐴌 𐴒𐴟𐴐𐴧𐴞: 𐴁𐴠𐴍𐴞, 𐴁𐴠𐴍𐴞, 𐴉𐴟𐴖𐴝, 𐴉𐴟𐴖𐴝"
        ]
      },
      "👩‍👩‍👧‍👧": {
        "default": [
          "𐴁𐴠𐴍𐴞",
          "𐴒𐴤𐴡𐴌 𐴒𐴟𐴐𐴧𐴞",
          "𐴔𐴝𐴘𐴧𐴝"
        ],
        "tts": [
          "𐴒𐴤𐴡𐴌 𐴒𐴟𐴐𐴧𐴞: 𐴁𐴠𐴍𐴞, 𐴁𐴠𐴍𐴞, 𐴔𐴝𐴘𐴧𐴝, 𐴔𐴝𐴘𐴧𐴝"
        ]
      },
      "👨‍👦": {
        "default": [
          "𐴉𐴟𐴖𐴝",
          "𐴒𐴤𐴡𐴌 𐴒𐴟𐴐𐴧𐴞",
          "𐴔𐴝𐴕𐴥𐴟𐴙𐴐𐴢"
        ],
        "tts": [
          "𐴒𐴤𐴡𐴌 𐴒𐴟𐴐𐴧𐴞: 𐴔𐴝𐴕𐴥𐴟𐴙𐴐𐴢, 𐴉𐴟𐴖𐴝"
        ]
      },
      "👨‍👦‍👦": {
        "default": [
          "𐴉𐴟𐴖𐴝",
          "𐴒𐴤𐴡𐴌 𐴒𐴟𐴐𐴧𐴞",
          "𐴔𐴝𐴕𐴥𐴟𐴙𐴐𐴢"
        ],
        "tts": [
          "𐴒𐴤𐴡𐴌 𐴒𐴟𐴐𐴧𐴞: 𐴔𐴝𐴕𐴥𐴟𐴙𐴐𐴢, 𐴉𐴟𐴖𐴝, 𐴉𐴟𐴖𐴝"
        ]
      },
      "👨‍👧": {
        "default": [
          "𐴒𐴤𐴡𐴌 𐴒𐴟𐴐𐴧𐴞",
          "𐴔𐴝𐴕𐴥𐴟𐴙𐴐𐴢",
          "𐴔𐴝𐴘𐴧𐴝"
        ],
        "tts": [
          "𐴒𐴤𐴡𐴌 𐴒𐴟𐴐𐴧𐴞: 𐴔𐴝𐴕𐴥𐴟𐴙𐴐𐴢, 𐴔𐴝𐴘𐴧𐴝"
        ]
      },
      "👨‍👧‍👦": {
        "default": [
          "𐴉𐴟𐴖𐴝",
          "𐴒𐴤𐴡𐴌 𐴒𐴟𐴐𐴧𐴞",
          "𐴔𐴝𐴕𐴥𐴟𐴙𐴐𐴢",
          "𐴔𐴝𐴘𐴧𐴝"
        ],
        "tts": [
          "𐴒𐴤𐴡𐴌 𐴒𐴟𐴐𐴧𐴞: 𐴔𐴝𐴕𐴥𐴟𐴙𐴐𐴢, 𐴔𐴝𐴘𐴧𐴝, 𐴉𐴟𐴖𐴝"
        ]
      },
      "👨‍👧‍👧": {
        "default": [
          "𐴒𐴤𐴡𐴌 𐴒𐴟𐴐𐴧𐴞",
          "𐴔𐴝𐴕𐴥𐴟𐴙𐴐𐴢",
          "𐴔𐴝𐴘𐴧𐴝"
        ],
        "tts": [
          "𐴒𐴤𐴡𐴌 𐴒𐴟𐴐𐴧𐴞: 𐴔𐴝𐴕𐴥𐴟𐴙𐴐𐴢, 𐴔𐴝𐴘𐴧𐴝, 𐴔𐴝𐴘𐴧𐴝"
        ]
      },
      "👩‍👦": {
        "default": [
          "𐴁𐴠𐴍𐴞",
          "𐴉𐴟𐴖𐴝",
          "𐴒𐴤𐴡𐴌 𐴒𐴟𐴐𐴧𐴞"
        ],
        "tts": [
          "𐴒𐴤𐴡𐴌 𐴒𐴟𐴐𐴧𐴞: 𐴁𐴠𐴍𐴞, 𐴉𐴟𐴖𐴝"
        ]
      },
      "👩‍👦‍👦": {
        "default": [
          "𐴁𐴠𐴍𐴞",
          "𐴉𐴟𐴖𐴝",
          "𐴒𐴤𐴡𐴌 𐴒𐴟𐴐𐴧𐴞"
        ],
        "tts": [
          "𐴒𐴤𐴡𐴌 𐴒𐴟𐴐𐴧𐴞: 𐴁𐴠𐴍𐴞, 𐴉𐴟𐴖𐴝, 𐴉𐴟𐴖𐴝"
        ]
      },
      "👩‍👧": {
        "default": [
          "𐴁𐴠𐴍𐴞",
          "𐴒𐴤𐴡𐴌 𐴒𐴟𐴐𐴧𐴞",
          "𐴔𐴝𐴘𐴧𐴝"
        ],
        "tts": [
          "𐴒𐴤𐴡𐴌 𐴒𐴟𐴐𐴧𐴞: 𐴁𐴠𐴍𐴞, 𐴔𐴝𐴘𐴧𐴝"
        ]
      },
      "👩‍👧‍👦": {
        "default": [
          "𐴁𐴠𐴍𐴞",
          "𐴉𐴟𐴖𐴝",
          "𐴒𐴤𐴡𐴌 𐴒𐴟𐴐𐴧𐴞",
          "𐴔𐴝𐴘𐴧𐴝"
        ],
        "tts": [
          "𐴒𐴤𐴡𐴌 𐴒𐴟𐴐𐴧𐴞: 𐴁𐴠𐴍𐴞, 𐴔𐴝𐴘𐴧𐴝, 𐴉𐴟𐴖𐴝"
        ]
      },
      "👩‍👧‍👧": {
        "default": [
          "𐴁𐴠𐴍𐴞",
          "𐴒𐴤𐴡𐴌 𐴒𐴟𐴐𐴧𐴞",
          "𐴔𐴝𐴘𐴧𐴝"
        ],
        "tts": [
          "𐴒𐴤𐴡𐴌 𐴒𐴟𐴐𐴧𐴞: 𐴁𐴠𐴍𐴞, 𐴔𐴝𐴘𐴧𐴝, 𐴔𐴝𐴘𐴧𐴝"
        ]
      },
      "#⃣": {
        "default": [
          "𐴑𐴞𐴑𐴤𐴠𐴂𐴢"
        ],
        "tts": [
          "𐴑𐴞𐴑𐴤𐴠𐴂𐴢: #"
        ]
      },
      "*⃣": {
        "default": [
          "𐴑𐴞𐴑𐴤𐴠𐴂𐴢"
        ],
        "tts": [
          "𐴑𐴞𐴑𐴤𐴠𐴂𐴢: *"
        ]
      },
      "🔟": {
        "default": [
          "𐴑𐴞𐴑𐴤𐴠𐴂𐴢"
        ],
        "tts": [
          "𐴑𐴞𐴑𐴤𐴠𐴂𐴢: 10"
        ]
      }
    }
  }
}
