{
  "annotationsDerived": {
    "identity": {
      "language": "oc"
    },
    "annotations": {
      "👩‍❤‍💋‍👨": {
        "default": [
          "femna",
          "òme",
          "poton"
        ],
        "tts": [
          "poton: femna e òme"
        ]
      },
      "👨‍❤‍💋‍👨": {
        "default": [
          "òme",
          "poton"
        ],
        "tts": [
          "poton: òme e òme"
        ]
      },
      "👩‍❤‍💋‍👩": {
        "default": [
          "femna",
          "poton"
        ],
        "tts": [
          "poton: femna e femna"
        ]
      },
      "👨‍👩‍👦": {
        "default": [
          "dròlle",
          "familha",
          "femna",
          "òme"
        ],
        "tts": [
          "familha: òme, femna e dròlle"
        ]
      },
      "👨‍👩‍👧": {
        "default": [
          "dròlla",
          "familha",
          "femna",
          "òme"
        ],
        "tts": [
          "familha: òme, femna e dròlla"
        ]
      },
      "👨‍👩‍👧‍👦": {
        "default": [
          "dròlla",
          "dròlle",
          "familha",
          "femna",
          "òme"
        ],
        "tts": [
          "familha: òme, femna, dròlla e dròlle"
        ]
      },
      "👨‍👩‍👦‍👦": {
        "default": [
          "dròlle",
          "familha",
          "femna",
          "òme"
        ],
        "tts": [
          "familha: òme, femna, dròlle e dròlle"
        ]
      },
      "👨‍👩‍👧‍👧": {
        "default": [
          "dròlla",
          "familha",
          "femna",
          "òme"
        ],
        "tts": [
          "familha: òme, femna, dròlla e dròlla"
        ]
      },
      "👨‍👨‍👦": {
        "default": [
          "dròlle",
          "familha",
          "òme"
        ],
        "tts": [
          "familha: òme, òme e dròlle"
        ]
      },
      "👨‍👨‍👧": {
        "default": [
          "dròlla",
          "familha",
          "òme"
        ],
        "tts": [
          "familha: òme, òme e dròlla"
        ]
      },
      "👨‍👨‍👧‍👦": {
        "default": [
          "dròlla",
          "dròlle",
          "familha",
          "òme"
        ],
        "tts": [
          "familha: òme, òme, dròlla e dròlle"
        ]
      },
      "👨‍👨‍👦‍👦": {
        "default": [
          "dròlle",
          "familha",
          "òme"
        ],
        "tts": [
          "familha: òme, òme, dròlle e dròlle"
        ]
      },
      "👨‍👨‍👧‍👧": {
        "default": [
          "dròlla",
          "familha",
          "òme"
        ],
        "tts": [
          "familha: òme, òme, dròlla e dròlla"
        ]
      },
      "👩‍👩‍👦": {
        "default": [
          "dròlle",
          "familha",
          "femna"
        ],
        "tts": [
          "familha: femna, femna e dròlle"
        ]
      },
      "👩‍👩‍👧": {
        "default": [
          "dròlla",
          "familha",
          "femna"
        ],
        "tts": [
          "familha: femna, femna e dròlla"
        ]
      },
      "👩‍👩‍👧‍👦": {
        "default": [
          "dròlla",
          "dròlle",
          "familha",
          "femna"
        ],
        "tts": [
          "familha: femna, femna, dròlla e dròlle"
        ]
      },
      "👩‍👩‍👦‍👦": {
        "default": [
          "dròlle",
          "familha",
          "femna"
        ],
        "tts": [
          "familha: femna, femna, dròlle e dròlle"
        ]
      },
      "👩‍👩‍👧‍👧": {
        "default": [
          "dròlla",
          "familha",
          "femna"
        ],
        "tts": [
          "familha: femna, femna, dròlla e dròlla"
        ]
      },
      "👨‍👦": {
        "default": [
          "dròlle",
          "familha",
          "òme"
        ],
        "tts": [
          "familha: òme e dròlle"
        ]
      },
      "👨‍👦‍👦": {
        "default": [
          "dròlle",
          "familha",
          "òme"
        ],
        "tts": [
          "familha: òme, dròlle e dròlle"
        ]
      },
      "👨‍👧": {
        "default": [
          "dròlla",
          "familha",
          "òme"
        ],
        "tts": [
          "familha: òme e dròlla"
        ]
      },
      "👨‍👧‍👦": {
        "default": [
          "dròlla",
          "dròlle",
          "familha",
          "òme"
        ],
        "tts": [
          "familha: òme, dròlla e dròlle"
        ]
      },
      "👨‍👧‍👧": {
        "default": [
          "dròlla",
          "familha",
          "òme"
        ],
        "tts": [
          "familha: òme, dròlla e dròlla"
        ]
      },
      "👩‍👦": {
        "default": [
          "dròlle",
          "familha",
          "femna"
        ],
        "tts": [
          "familha: femna e dròlle"
        ]
      },
      "👩‍👦‍👦": {
        "default": [
          "dròlle",
          "familha",
          "femna"
        ],
        "tts": [
          "familha: femna, dròlle e dròlle"
        ]
      },
      "👩‍👧": {
        "default": [
          "dròlla",
          "familha",
          "femna"
        ],
        "tts": [
          "familha: femna e dròlla"
        ]
      },
      "👩‍👧‍👦": {
        "default": [
          "dròlla",
          "dròlle",
          "familha",
          "femna"
        ],
        "tts": [
          "familha: femna, dròlla e dròlle"
        ]
      },
      "👩‍👧‍👧": {
        "default": [
          "dròlla",
          "familha",
          "femna"
        ],
        "tts": [
          "familha: femna, dròlla e dròlla"
        ]
      },
      "🇦🇨": {
        "default": [
          "bandièra"
        ],
        "tts": [
          "bandièra: Isla Ascension"
        ]
      },
      "🇦🇩": {
        "default": [
          "bandièra"
        ],
        "tts": [
          "bandièra: Andòrra"
        ]
      },
      "🇦🇪": {
        "default": [
          "bandièra"
        ],
        "tts": [
          "bandièra: Emirats Arabs Units"
        ]
      },
      "🇦🇫": {
        "default": [
          "bandièra"
        ],
        "tts": [
          "bandièra: Afganistan"
        ]
      },
      "🇦🇬": {
        "default": [
          "bandièra"
        ],
        "tts": [
          "bandièra: Antigua e Barbuda"
        ]
      },
      "🇦🇮": {
        "default": [
          "bandièra"
        ],
        "tts": [
          "bandièra: Anguilla"
        ]
      },
      "🇦🇱": {
        "default": [
          "bandièra"
        ],
        "tts": [
          "bandièra: Albania"
        ]
      },
      "🇦🇲": {
        "default": [
          "bandièra"
        ],
        "tts": [
          "bandièra: Armenia"
        ]
      },
      "🇦🇴": {
        "default": [
          "bandièra"
        ],
        "tts": [
          "bandièra: Angòla"
        ]
      },
      "🇦🇶": {
        "default": [
          "bandièra"
        ],
        "tts": [
          "bandièra: Antartica"
        ]
      },
      "🇦🇷": {
        "default": [
          "bandièra"
        ],
        "tts": [
          "bandièra: Argentina"
        ]
      },
      "🇦🇸": {
        "default": [
          "bandièra"
        ],
        "tts": [
          "bandièra: Samoa americana"
        ]
      },
      "🇦🇹": {
        "default": [
          "bandièra"
        ],
        "tts": [
          "bandièra: Àustria"
        ]
      },
      "🇦🇺": {
        "default": [
          "bandièra"
        ],
        "tts": [
          "bandièra: Austràlia"
        ]
      },
      "🇦🇼": {
        "default": [
          "bandièra"
        ],
        "tts": [
          "bandièra: Aruba"
        ]
      },
      "🇦🇽": {
        "default": [
          "bandièra"
        ],
        "tts": [
          "bandièra: llas Åland"
        ]
      },
      "🇦🇿": {
        "default": [
          "bandièra"
        ],
        "tts": [
          "bandièra: Azerbaijan"
        ]
      },
      "🇧🇦": {
        "default": [
          "bandièra"
        ],
        "tts": [
          "bandièra: Bòsnia e Ercegovina"
        ]
      },
      "🇧🇧": {
        "default": [
          "bandièra"
        ],
        "tts": [
          "bandièra: Barbados"
        ]
      },
      "🇧🇩": {
        "default": [
          "bandièra"
        ],
        "tts": [
          "bandièra: Bangladesh"
        ]
      },
      "🇧🇪": {
        "default": [
          "bandièra"
        ],
        "tts": [
          "bandièra: Belgica"
        ]
      },
      "🇧🇫": {
        "default": [
          "bandièra"
        ],
        "tts": [
          "bandièra: Burkina Faso"
        ]
      },
      "🇧🇬": {
        "default": [
          "bandièra"
        ],
        "tts": [
          "bandièra: Bolgària"
        ]
      },
      "🇧🇭": {
        "default": [
          "bandièra"
        ],
        "tts": [
          "bandièra: Barain"
        ]
      },
      "🇧🇮": {
        "default": [
          "bandièra"
        ],
        "tts": [
          "bandièra: Burundi"
        ]
      },
      "🇧🇯": {
        "default": [
          "bandièra"
        ],
        "tts": [
          "bandièra: Benin"
        ]
      },
      "🇧🇱": {
        "default": [
          "bandièra"
        ],
        "tts": [
          "bandièra: Sant Bertomiu"
        ]
      },
      "🇧🇲": {
        "default": [
          "bandièra"
        ],
        "tts": [
          "bandièra: Bermuda"
        ]
      },
      "🇧🇳": {
        "default": [
          "bandièra"
        ],
        "tts": [
          "bandièra: Brunei"
        ]
      },
      "🇧🇴": {
        "default": [
          "bandièra"
        ],
        "tts": [
          "bandièra: Bolívia"
        ]
      },
      "🇧🇶": {
        "default": [
          "bandièra"
        ],
        "tts": [
          "bandièra: Païses Basses caribèus"
        ]
      },
      "🇧🇷": {
        "default": [
          "bandièra"
        ],
        "tts": [
          "bandièra: Brasil"
        ]
      },
      "🇧🇸": {
        "default": [
          "bandièra"
        ],
        "tts": [
          "bandièra: Bahamas"
        ]
      },
      "🇧🇹": {
        "default": [
          "bandièra"
        ],
        "tts": [
          "bandièra: Botan"
        ]
      },
      "🇧🇻": {
        "default": [
          "bandièra"
        ],
        "tts": [
          "bandièra: Isla Bouvet"
        ]
      },
      "🇧🇼": {
        "default": [
          "bandièra"
        ],
        "tts": [
          "bandièra: Botswana"
        ]
      },
      "🇧🇾": {
        "default": [
          "bandièra"
        ],
        "tts": [
          "bandièra: Bielorussia"
        ]
      },
      "🇧🇿": {
        "default": [
          "bandièra"
        ],
        "tts": [
          "bandièra: Belize"
        ]
      },
      "🇨🇦": {
        "default": [
          "bandièra"
        ],
        "tts": [
          "bandièra: Canadà"
        ]
      },
      "🇨🇨": {
        "default": [
          "bandièra"
        ],
        "tts": [
          "bandièra: Illas Còcos"
        ]
      },
      "🇨🇩": {
        "default": [
          "bandièra"
        ],
        "tts": [
          "bandièra: Còngo de Kinshasa"
        ]
      },
      "🇨🇫": {
        "default": [
          "bandièra"
        ],
        "tts": [
          "bandièra: Republica Centraficana"
        ]
      },
      "🇨🇬": {
        "default": [
          "bandièra"
        ],
        "tts": [
          "bandièra: Còngo de Brazzavila"
        ]
      },
      "🇨🇭": {
        "default": [
          "bandièra"
        ],
        "tts": [
          "bandièra: Soïssa"
        ]
      },
      "🇨🇮": {
        "default": [
          "bandièra"
        ],
        "tts": [
          "bandièra: Còsta d’Evòri"
        ]
      },
      "🇨🇰": {
        "default": [
          "bandièra"
        ],
        "tts": [
          "bandièra: Illas Cook"
        ]
      },
      "🇨🇱": {
        "default": [
          "bandièra"
        ],
        "tts": [
          "bandièra: Chile"
        ]
      },
      "🇨🇲": {
        "default": [
          "bandièra"
        ],
        "tts": [
          "bandièra: Cameron"
        ]
      },
      "🇨🇳": {
        "default": [
          "bandièra"
        ],
        "tts": [
          "bandièra: China"
        ]
      },
      "🇨🇴": {
        "default": [
          "bandièra"
        ],
        "tts": [
          "bandièra: Colómbia"
        ]
      },
      "🇨🇵": {
        "default": [
          "bandièra"
        ],
        "tts": [
          "bandièra: Iscla Clipperton"
        ]
      },
      "🇨🇷": {
        "default": [
          "bandièra"
        ],
        "tts": [
          "bandièra: Còsta Rica"
        ]
      },
      "🇨🇺": {
        "default": [
          "bandièra"
        ],
        "tts": [
          "bandièra: Cuba"
        ]
      },
      "🇨🇻": {
        "default": [
          "bandièra"
        ],
        "tts": [
          "bandièra: Cap Verd"
        ]
      },
      "🇨🇼": {
        "default": [
          "bandièra"
        ],
        "tts": [
          "bandièra: Curaçao"
        ]
      },
      "🇨🇽": {
        "default": [
          "bandièra"
        ],
        "tts": [
          "bandièra: Illa Christmas"
        ]
      },
      "🇨🇾": {
        "default": [
          "bandièra"
        ],
        "tts": [
          "bandièra: Chipre"
        ]
      },
      "🇨🇿": {
        "default": [
          "bandièra"
        ],
        "tts": [
          "bandièra: Chequia"
        ]
      },
      "🇩🇪": {
        "default": [
          "bandièra"
        ],
        "tts": [
          "bandièra: Alemanha"
        ]
      },
      "🇩🇬": {
        "default": [
          "bandièra"
        ],
        "tts": [
          "bandièra: Diego Garcia"
        ]
      },
      "🇩🇯": {
        "default": [
          "bandièra"
        ],
        "tts": [
          "bandièra: Jiboti"
        ]
      },
      "🇩🇰": {
        "default": [
          "bandièra"
        ],
        "tts": [
          "bandièra: Danemarc"
        ]
      },
      "🇩🇲": {
        "default": [
          "bandièra"
        ],
        "tts": [
          "bandièra: Dominica"
        ]
      },
      "🇩🇴": {
        "default": [
          "bandièra"
        ],
        "tts": [
          "bandièra: Republica dominicana"
        ]
      },
      "🇩🇿": {
        "default": [
          "bandièra"
        ],
        "tts": [
          "bandièra: Argeria"
        ]
      },
      "🇪🇦": {
        "default": [
          "bandièra"
        ],
        "tts": [
          "bandièra: Ceuta e Melilha"
        ]
      },
      "🇪🇨": {
        "default": [
          "bandièra"
        ],
        "tts": [
          "bandièra: Eqüator"
        ]
      },
      "🇪🇪": {
        "default": [
          "bandièra"
        ],
        "tts": [
          "bandièra: Estònia"
        ]
      },
      "🇪🇬": {
        "default": [
          "bandièra"
        ],
        "tts": [
          "bandièra: Egipte"
        ]
      },
      "🇪🇭": {
        "default": [
          "bandièra"
        ],
        "tts": [
          "bandièra: Saharà occidental"
        ]
      },
      "🇪🇷": {
        "default": [
          "bandièra"
        ],
        "tts": [
          "bandièra: Eritrèa"
        ]
      },
      "🇪🇸": {
        "default": [
          "bandièra"
        ],
        "tts": [
          "bandièra: Espanha"
        ]
      },
      "🇪🇹": {
        "default": [
          "bandièra"
        ],
        "tts": [
          "bandièra: Etiopia"
        ]
      },
      "🇪🇺": {
        "default": [
          "bandièra"
        ],
        "tts": [
          "bandièra: Union Europèa"
        ]
      },
      "🇫🇮": {
        "default": [
          "bandièra"
        ],
        "tts": [
          "bandièra: Finlàndia"
        ]
      },
      "🇫🇯": {
        "default": [
          "bandièra"
        ],
        "tts": [
          "bandièra: Fiji"
        ]
      },
      "🇫🇰": {
        "default": [
          "bandièra"
        ],
        "tts": [
          "bandièra: Isclas Falkland"
        ]
      },
      "🇫🇲": {
        "default": [
          "bandièra"
        ],
        "tts": [
          "bandièra: Micronesia"
        ]
      },
      "🇫🇴": {
        "default": [
          "bandièra"
        ],
        "tts": [
          "bandièra: Illas Feròe"
        ]
      },
      "🇫🇷": {
        "default": [
          "bandièra"
        ],
        "tts": [
          "bandièra: França"
        ]
      },
      "🇬🇦": {
        "default": [
          "bandièra"
        ],
        "tts": [
          "bandièra: Gabon"
        ]
      },
      "🇬🇧": {
        "default": [
          "bandièra"
        ],
        "tts": [
          "bandièra: Reiaume Unit"
        ]
      },
      "🇬🇩": {
        "default": [
          "bandièra"
        ],
        "tts": [
          "bandièra: Grenada"
        ]
      },
      "🇬🇪": {
        "default": [
          "bandièra"
        ],
        "tts": [
          "bandièra: Geòrgia"
        ]
      },
      "🇬🇫": {
        "default": [
          "bandièra"
        ],
        "tts": [
          "bandièra: Guiana francesa"
        ]
      },
      "🇬🇬": {
        "default": [
          "bandièra"
        ],
        "tts": [
          "bandièra: Guernsey"
        ]
      },
      "🇬🇭": {
        "default": [
          "bandièra"
        ],
        "tts": [
          "bandièra: Ganà"
        ]
      },
      "🇬🇮": {
        "default": [
          "bandièra"
        ],
        "tts": [
          "bandièra: Gibartar"
        ]
      },
      "🇬🇱": {
        "default": [
          "bandièra"
        ],
        "tts": [
          "bandièra: Groenlàndia"
        ]
      },
      "🇬🇲": {
        "default": [
          "bandièra"
        ],
        "tts": [
          "bandièra: Gàmbia"
        ]
      },
      "🇬🇳": {
        "default": [
          "bandièra"
        ],
        "tts": [
          "bandièra: Guinèa"
        ]
      },
      "🇬🇵": {
        "default": [
          "bandièra"
        ],
        "tts": [
          "bandièra: Guadalope"
        ]
      },
      "🇬🇶": {
        "default": [
          "bandièra"
        ],
        "tts": [
          "bandièra: Guinèa Eqüatoriala"
        ]
      },
      "🇬🇷": {
        "default": [
          "bandièra"
        ],
        "tts": [
          "bandièra: Grècia"
        ]
      },
      "🇬🇸": {
        "default": [
          "bandièra"
        ],
        "tts": [
          "bandièra: Georgie del Sud e les Illes Sandwich del Sud"
        ]
      },
      "🇬🇹": {
        "default": [
          "bandièra"
        ],
        "tts": [
          "bandièra: Guatemala"
        ]
      },
      "🇬🇺": {
        "default": [
          "bandièra"
        ],
        "tts": [
          "bandièra: Guam"
        ]
      },
      "🇬🇼": {
        "default": [
          "bandièra"
        ],
        "tts": [
          "bandièra: Guinèa-Bissau"
        ]
      },
      "🇬🇾": {
        "default": [
          "bandièra"
        ],
        "tts": [
          "bandièra: Guianà"
        ]
      },
      "🇭🇰": {
        "default": [
          "bandièra"
        ],
        "tts": [
          "bandièra: Hong Kong"
        ]
      },
      "🇭🇲": {
        "default": [
          "bandièra"
        ],
        "tts": [
          "bandièra: Illas Heard e McDonald"
        ]
      },
      "🇭🇳": {
        "default": [
          "bandièra"
        ],
        "tts": [
          "bandièra: Onduras"
        ]
      },
      "🇭🇷": {
        "default": [
          "bandièra"
        ],
        "tts": [
          "bandièra: Croàcia"
        ]
      },
      "🇭🇹": {
        "default": [
          "bandièra"
        ],
        "tts": [
          "bandièra: Haití"
        ]
      },
      "🇭🇺": {
        "default": [
          "bandièra"
        ],
        "tts": [
          "bandièra: Ongria"
        ]
      },
      "🇮🇨": {
        "default": [
          "bandièra"
        ],
        "tts": [
          "bandièra: Isclas Canàrias"
        ]
      },
      "🇮🇩": {
        "default": [
          "bandièra"
        ],
        "tts": [
          "bandièra: Indonesia"
        ]
      },
      "🇮🇪": {
        "default": [
          "bandièra"
        ],
        "tts": [
          "bandièra: Irlanda"
        ]
      },
      "🇮🇱": {
        "default": [
          "bandièra"
        ],
        "tts": [
          "bandièra: Israèl"
        ]
      },
      "🇮🇲": {
        "default": [
          "bandièra"
        ],
        "tts": [
          "bandièra: Illa de Man"
        ]
      },
      "🇮🇳": {
        "default": [
          "bandièra"
        ],
        "tts": [
          "bandièra: Índia"
        ]
      },
      "🇮🇴": {
        "default": [
          "bandièra"
        ],
        "tts": [
          "bandièra: Territòri Britanic de l’Ocean Indian"
        ]
      },
      "🇮🇶": {
        "default": [
          "bandièra"
        ],
        "tts": [
          "bandièra: Iraq"
        ]
      },
      "🇮🇷": {
        "default": [
          "bandièra"
        ],
        "tts": [
          "bandièra: Iran"
        ]
      },
      "🇮🇸": {
        "default": [
          "bandièra"
        ],
        "tts": [
          "bandièra: Islàndia"
        ]
      },
      "🇮🇹": {
        "default": [
          "bandièra"
        ],
        "tts": [
          "bandièra: Itàlia"
        ]
      },
      "🇯🇪": {
        "default": [
          "bandièra"
        ],
        "tts": [
          "bandièra: Jersey"
        ]
      },
      "🇯🇲": {
        "default": [
          "bandièra"
        ],
        "tts": [
          "bandièra: Jamaïca"
        ]
      },
      "🇯🇴": {
        "default": [
          "bandièra"
        ],
        "tts": [
          "bandièra: Jordania"
        ]
      },
      "🇯🇵": {
        "default": [
          "bandièra"
        ],
        "tts": [
          "bandièra: Japon"
        ]
      },
      "🇰🇪": {
        "default": [
          "bandièra"
        ],
        "tts": [
          "bandièra: Kenya"
        ]
      },
      "🇰🇬": {
        "default": [
          "bandièra"
        ],
        "tts": [
          "bandièra: Kirguizstan"
        ]
      },
      "🇰🇭": {
        "default": [
          "bandièra"
        ],
        "tts": [
          "bandièra: Cambòja"
        ]
      },
      "🇰🇮": {
        "default": [
          "bandièra"
        ],
        "tts": [
          "bandièra: Kiribatí"
        ]
      },
      "🇰🇲": {
        "default": [
          "bandièra"
        ],
        "tts": [
          "bandièra: Comòras"
        ]
      },
      "🇰🇳": {
        "default": [
          "bandièra"
        ],
        "tts": [
          "bandièra: Sant Kitts e Nevis"
        ]
      },
      "🇰🇵": {
        "default": [
          "bandièra"
        ],
        "tts": [
          "bandièra: Corèa del Nòrd"
        ]
      },
      "🇰🇷": {
        "default": [
          "bandièra"
        ],
        "tts": [
          "bandièra: Corèa del Sud"
        ]
      },
      "🇰🇼": {
        "default": [
          "bandièra"
        ],
        "tts": [
          "bandièra: Kowait"
        ]
      },
      "🇰🇾": {
        "default": [
          "bandièra"
        ],
        "tts": [
          "bandièra: Islas Caiman"
        ]
      },
      "🇰🇿": {
        "default": [
          "bandièra"
        ],
        "tts": [
          "bandièra: Cazacstan"
        ]
      },
      "🇱🇦": {
        "default": [
          "bandièra"
        ],
        "tts": [
          "bandièra: Laos"
        ]
      },
      "🇱🇧": {
        "default": [
          "bandièra"
        ],
        "tts": [
          "bandièra: Liban"
        ]
      },
      "🇱🇨": {
        "default": [
          "bandièra"
        ],
        "tts": [
          "bandièra: Santa Lucia"
        ]
      },
      "🇱🇮": {
        "default": [
          "bandièra"
        ],
        "tts": [
          "bandièra: Liechtenstein"
        ]
      },
      "🇱🇰": {
        "default": [
          "bandièra"
        ],
        "tts": [
          "bandièra: Sri Lanka"
        ]
      },
      "🇱🇷": {
        "default": [
          "bandièra"
        ],
        "tts": [
          "bandièra: Liberià"
        ]
      },
      "🇱🇸": {
        "default": [
          "bandièra"
        ],
        "tts": [
          "bandièra: Lesotho"
        ]
      },
      "🇱🇹": {
        "default": [
          "bandièra"
        ],
        "tts": [
          "bandièra: Lituània"
        ]
      },
      "🇱🇺": {
        "default": [
          "bandièra"
        ],
        "tts": [
          "bandièra: Luxemborg"
        ]
      },
      "🇱🇻": {
        "default": [
          "bandièra"
        ],
        "tts": [
          "bandièra: Letònia"
        ]
      },
      "🇱🇾": {
        "default": [
          "bandièra"
        ],
        "tts": [
          "bandièra: Libia"
        ]
      },
      "🇲🇦": {
        "default": [
          "bandièra"
        ],
        "tts": [
          "bandièra: Marròc"
        ]
      },
      "🇲🇨": {
        "default": [
          "bandièra"
        ],
        "tts": [
          "bandièra: Mónegue"
        ]
      },
      "🇲🇩": {
        "default": [
          "bandièra"
        ],
        "tts": [
          "bandièra: Moldàvia"
        ]
      },
      "🇲🇪": {
        "default": [
          "bandièra"
        ],
        "tts": [
          "bandièra: Montenegro"
        ]
      },
      "🇲🇫": {
        "default": [
          "bandièra"
        ],
        "tts": [
          "bandièra: St. Martin"
        ]
      },
      "🇲🇬": {
        "default": [
          "bandièra"
        ],
        "tts": [
          "bandièra: Madagascar"
        ]
      },
      "🇲🇭": {
        "default": [
          "bandièra"
        ],
        "tts": [
          "bandièra: Illas Marshall"
        ]
      },
      "🇲🇰": {
        "default": [
          "bandièra"
        ],
        "tts": [
          "bandièra: Macedónia del Nòrd"
        ]
      },
      "🇲🇱": {
        "default": [
          "bandièra"
        ],
        "tts": [
          "bandièra: Mali"
        ]
      },
      "🇲🇲": {
        "default": [
          "bandièra"
        ],
        "tts": [
          "bandièra: Birmania"
        ]
      },
      "🇲🇳": {
        "default": [
          "bandièra"
        ],
        "tts": [
          "bandièra: Mongolia"
        ]
      },
      "🇲🇴": {
        "default": [
          "bandièra"
        ],
        "tts": [
          "bandièra: Macau"
        ]
      },
      "🇲🇵": {
        "default": [
          "bandièra"
        ],
        "tts": [
          "bandièra: Illas Mariannas del Nòrd"
        ]
      },
      "🇲🇶": {
        "default": [
          "bandièra"
        ],
        "tts": [
          "bandièra: Martinica"
        ]
      },
      "🇲🇷": {
        "default": [
          "bandièra"
        ],
        "tts": [
          "bandièra: Mauritània"
        ]
      },
      "🇲🇸": {
        "default": [
          "bandièra"
        ],
        "tts": [
          "bandièra: Montserrat"
        ]
      },
      "🇲🇹": {
        "default": [
          "bandièra"
        ],
        "tts": [
          "bandièra: Malta"
        ]
      },
      "🇲🇺": {
        "default": [
          "bandièra"
        ],
        "tts": [
          "bandièra: Maurici"
        ]
      },
      "🇲🇻": {
        "default": [
          "bandièra"
        ],
        "tts": [
          "bandièra: Maldivas"
        ]
      },
      "🇲🇼": {
        "default": [
          "bandièra"
        ],
        "tts": [
          "bandièra: Malavi"
        ]
      },
      "🇲🇽": {
        "default": [
          "bandièra"
        ],
        "tts": [
          "bandièra: Mexic"
        ]
      },
      "🇲🇾": {
        "default": [
          "bandièra"
        ],
        "tts": [
          "bandièra: Malàisia"
        ]
      },
      "🇲🇿": {
        "default": [
          "bandièra"
        ],
        "tts": [
          "bandièra: Moçambic"
        ]
      },
      "🇳🇦": {
        "default": [
          "bandièra"
        ],
        "tts": [
          "bandièra: Namibia"
        ]
      },
      "🇳🇨": {
        "default": [
          "bandièra"
        ],
        "tts": [
          "bandièra: Nòva Caledonia"
        ]
      },
      "🇳🇪": {
        "default": [
          "bandièra"
        ],
        "tts": [
          "bandièra: Nigèr"
        ]
      },
      "🇳🇫": {
        "default": [
          "bandièra"
        ],
        "tts": [
          "bandièra: Illas Norfòlk"
        ]
      },
      "🇳🇬": {
        "default": [
          "bandièra"
        ],
        "tts": [
          "bandièra: Nigèria"
        ]
      },
      "🇳🇮": {
        "default": [
          "bandièra"
        ],
        "tts": [
          "bandièra: Nicaragüa"
        ]
      },
      "🇳🇱": {
        "default": [
          "bandièra"
        ],
        "tts": [
          "bandièra: Païses Basses"
        ]
      },
      "🇳🇴": {
        "default": [
          "bandièra"
        ],
        "tts": [
          "bandièra: Norvègia"
        ]
      },
      "🇳🇵": {
        "default": [
          "bandièra"
        ],
        "tts": [
          "bandièra: Nepal"
        ]
      },
      "🇳🇷": {
        "default": [
          "bandièra"
        ],
        "tts": [
          "bandièra: Nauru"
        ]
      },
      "🇳🇺": {
        "default": [
          "bandièra"
        ],
        "tts": [
          "bandièra: Niue"
        ]
      },
      "🇳🇿": {
        "default": [
          "bandièra"
        ],
        "tts": [
          "bandièra: Nòva Zelanda"
        ]
      },
      "🇴🇲": {
        "default": [
          "bandièra"
        ],
        "tts": [
          "bandièra: Òman"
        ]
      },
      "🇵🇦": {
        "default": [
          "bandièra"
        ],
        "tts": [
          "bandièra: Panamà"
        ]
      },
      "🇵🇪": {
        "default": [
          "bandièra"
        ],
        "tts": [
          "bandièra: Peró"
        ]
      },
      "🇵🇫": {
        "default": [
          "bandièra"
        ],
        "tts": [
          "bandièra: Polinesia francesa"
        ]
      },
      "🇵🇬": {
        "default": [
          "bandièra"
        ],
        "tts": [
          "bandièra: Papoa-Nòva Guinèa"
        ]
      },
      "🇵🇭": {
        "default": [
          "bandièra"
        ],
        "tts": [
          "bandièra: Filipinas"
        ]
      },
      "🇵🇰": {
        "default": [
          "bandièra"
        ],
        "tts": [
          "bandièra: Paquistan"
        ]
      },
      "🇵🇱": {
        "default": [
          "bandièra"
        ],
        "tts": [
          "bandièra: Polonha"
        ]
      },
      "🇵🇲": {
        "default": [
          "bandièra"
        ],
        "tts": [
          "bandièra: Sant Pèire e Miquelon"
        ]
      },
      "🇵🇳": {
        "default": [
          "bandièra"
        ],
        "tts": [
          "bandièra: Iscla Pitcairn"
        ]
      },
      "🇵🇷": {
        "default": [
          "bandièra"
        ],
        "tts": [
          "bandièra: Puerto Rico"
        ]
      },
      "🇵🇸": {
        "default": [
          "bandièra"
        ],
        "tts": [
          "bandièra: Territòris palestinians"
        ]
      },
      "🇵🇹": {
        "default": [
          "bandièra"
        ],
        "tts": [
          "bandièra: Portugal"
        ]
      },
      "🇵🇼": {
        "default": [
          "bandièra"
        ],
        "tts": [
          "bandièra: Belau"
        ]
      },
      "🇵🇾": {
        "default": [
          "bandièra"
        ],
        "tts": [
          "bandièra: Paraguai"
        ]
      },
      "🇶🇦": {
        "default": [
          "bandièra"
        ],
        "tts": [
          "bandièra: Catar"
        ]
      },
      "🇷🇪": {
        "default": [
          "bandièra"
        ],
        "tts": [
          "bandièra: Reünion"
        ]
      },
      "🇷🇴": {
        "default": [
          "bandièra"
        ],
        "tts": [
          "bandièra: Romania"
        ]
      },
      "🇷🇸": {
        "default": [
          "bandièra"
        ],
        "tts": [
          "bandièra: Serbia"
        ]
      },
      "🇷🇺": {
        "default": [
          "bandièra"
        ],
        "tts": [
          "bandièra: Russia"
        ]
      },
      "🇷🇼": {
        "default": [
          "bandièra"
        ],
        "tts": [
          "bandièra: Roanda"
        ]
      },
      "🇸🇦": {
        "default": [
          "bandièra"
        ],
        "tts": [
          "bandièra: Arabia Saudita"
        ]
      },
      "🇸🇧": {
        "default": [
          "bandièra"
        ],
        "tts": [
          "bandièra: Illas Salamon"
        ]
      },
      "🇸🇨": {
        "default": [
          "bandièra"
        ],
        "tts": [
          "bandièra: Seissèlas"
        ]
      },
      "🇸🇩": {
        "default": [
          "bandièra"
        ],
        "tts": [
          "bandièra: Sodan"
        ]
      },
      "🇸🇪": {
        "default": [
          "bandièra"
        ],
        "tts": [
          "bandièra: Suècia"
        ]
      },
      "🇸🇬": {
        "default": [
          "bandièra"
        ],
        "tts": [
          "bandièra: Singapor"
        ]
      },
      "🇸🇭": {
        "default": [
          "bandièra"
        ],
        "tts": [
          "bandièra: Santa Elena"
        ]
      },
      "🇸🇮": {
        "default": [
          "bandièra"
        ],
        "tts": [
          "bandièra: Eslovènia"
        ]
      },
      "🇸🇯": {
        "default": [
          "bandièra"
        ],
        "tts": [
          "bandièra: Svalbard e Jan Mayen"
        ]
      },
      "🇸🇰": {
        "default": [
          "bandièra"
        ],
        "tts": [
          "bandièra: Eslovaquia"
        ]
      },
      "🇸🇱": {
        "default": [
          "bandièra"
        ],
        "tts": [
          "bandièra: Sierra Leone"
        ]
      },
      "🇸🇲": {
        "default": [
          "bandièra"
        ],
        "tts": [
          "bandièra: Sant Marin"
        ]
      },
      "🇸🇳": {
        "default": [
          "bandièra"
        ],
        "tts": [
          "bandièra: Senegal"
        ]
      },
      "🇸🇴": {
        "default": [
          "bandièra"
        ],
        "tts": [
          "bandièra: Somalia"
        ]
      },
      "🇸🇷": {
        "default": [
          "bandièra"
        ],
        "tts": [
          "bandièra: Surinam"
        ]
      },
      "🇸🇸": {
        "default": [
          "bandièra"
        ],
        "tts": [
          "bandièra: Sodan del Sud"
        ]
      },
      "🇸🇹": {
        "default": [
          "bandièra"
        ],
        "tts": [
          "bandièra: Sant Tomàs e Prince"
        ]
      },
      "🇸🇻": {
        "default": [
          "bandièra"
        ],
        "tts": [
          "bandièra: Lo Salvador"
        ]
      },
      "🇸🇽": {
        "default": [
          "bandièra"
        ],
        "tts": [
          "bandièra: Sant Martin"
        ]
      },
      "🇸🇾": {
        "default": [
          "bandièra"
        ],
        "tts": [
          "bandièra: Súria"
        ]
      },
      "🇸🇿": {
        "default": [
          "bandièra"
        ],
        "tts": [
          "bandièra: Eswatini"
        ]
      },
      "🇹🇦": {
        "default": [
          "bandièra"
        ],
        "tts": [
          "bandièra: Tristan da Cunha"
        ]
      },
      "🇹🇨": {
        "default": [
          "bandièra"
        ],
        "tts": [
          "bandièra: Illas Turcas e Caïcas"
        ]
      },
      "🇹🇩": {
        "default": [
          "bandièra"
        ],
        "tts": [
          "bandièra: Chad"
        ]
      },
      "🇹🇫": {
        "default": [
          "bandièra"
        ],
        "tts": [
          "bandièra: Territòris del Sud franceses"
        ]
      },
      "🇹🇬": {
        "default": [
          "bandièra"
        ],
        "tts": [
          "bandièra: Tògo"
        ]
      },
      "🇹🇭": {
        "default": [
          "bandièra"
        ],
        "tts": [
          "bandièra: Tailàndia"
        ]
      },
      "🇹🇯": {
        "default": [
          "bandièra"
        ],
        "tts": [
          "bandièra: Tatgiquistan"
        ]
      },
      "🇹🇰": {
        "default": [
          "bandièra"
        ],
        "tts": [
          "bandièra: Tokelau"
        ]
      },
      "🇹🇱": {
        "default": [
          "bandièra"
        ],
        "tts": [
          "bandièra: Timòr Èst"
        ]
      },
      "🇹🇲": {
        "default": [
          "bandièra"
        ],
        "tts": [
          "bandièra: Turcmenistan"
        ]
      },
      "🇹🇳": {
        "default": [
          "bandièra"
        ],
        "tts": [
          "bandièra: Tunisia"
        ]
      },
      "🇹🇴": {
        "default": [
          "bandièra"
        ],
        "tts": [
          "bandièra: Tònga"
        ]
      },
      "🇹🇷": {
        "default": [
          "bandièra"
        ],
        "tts": [
          "bandièra: Turquia"
        ]
      },
      "🇹🇹": {
        "default": [
          "bandièra"
        ],
        "tts": [
          "bandièra: Trinidad e Tobago"
        ]
      },
      "🇹🇻": {
        "default": [
          "bandièra"
        ],
        "tts": [
          "bandièra: Tuvalu"
        ]
      },
      "🇹🇼": {
        "default": [
          "bandièra"
        ],
        "tts": [
          "bandièra: Taiwan"
        ]
      },
      "🇹🇿": {
        "default": [
          "bandièra"
        ],
        "tts": [
          "bandièra: Tanzania"
        ]
      },
      "🇺🇦": {
        "default": [
          "bandièra"
        ],
        "tts": [
          "bandièra: Ucraïna"
        ]
      },
      "🇺🇬": {
        "default": [
          "bandièra"
        ],
        "tts": [
          "bandièra: Oganda"
        ]
      },
      "🇺🇳": {
        "default": [
          "bandièra"
        ],
        "tts": [
          "bandièra: Nacions Unidas"
        ]
      },
      "🇺🇸": {
        "default": [
          "bandièra"
        ],
        "tts": [
          "bandièra: Estats Units"
        ]
      },
      "🇺🇾": {
        "default": [
          "bandièra"
        ],
        "tts": [
          "bandièra: Uruguai"
        ]
      },
      "🇺🇿": {
        "default": [
          "bandièra"
        ],
        "tts": [
          "bandièra: Ozbequistan"
        ]
      },
      "🇻🇦": {
        "default": [
          "bandièra"
        ],
        "tts": [
          "bandièra: Ciutat del Vatican"
        ]
      },
      "🇻🇨": {
        "default": [
          "bandièra"
        ],
        "tts": [
          "bandièra: St Vincent e Granadinas"
        ]
      },
      "🇻🇪": {
        "default": [
          "bandièra"
        ],
        "tts": [
          "bandièra: Veneçuèla"
        ]
      },
      "🇻🇬": {
        "default": [
          "bandièra"
        ],
        "tts": [
          "bandièra: Illas Verges britanicas"
        ]
      },
      "🇻🇮": {
        "default": [
          "bandièra"
        ],
        "tts": [
          "bandièra: Illas Verges estatsunidencas"
        ]
      },
      "🇻🇳": {
        "default": [
          "bandièra"
        ],
        "tts": [
          "bandièra: Vietnam"
        ]
      },
      "🇻🇺": {
        "default": [
          "bandièra"
        ],
        "tts": [
          "bandièra: Vanuatú"
        ]
      },
      "🇼🇫": {
        "default": [
          "bandièra"
        ],
        "tts": [
          "bandièra: Wallis e Futuna"
        ]
      },
      "🇼🇸": {
        "default": [
          "bandièra"
        ],
        "tts": [
          "bandièra: Samoa"
        ]
      },
      "🇽🇰": {
        "default": [
          "bandièra"
        ],
        "tts": [
          "bandièra: Kosova"
        ]
      },
      "🇾🇪": {
        "default": [
          "bandièra"
        ],
        "tts": [
          "bandièra: Iémen"
        ]
      },
      "🇾🇹": {
        "default": [
          "bandièra"
        ],
        "tts": [
          "bandièra: Maiòta"
        ]
      },
      "🇿🇦": {
        "default": [
          "bandièra"
        ],
        "tts": [
          "bandièra: Africa del Sud"
        ]
      },
      "🇿🇲": {
        "default": [
          "bandièra"
        ],
        "tts": [
          "bandièra: Zambia"
        ]
      },
      "🇿🇼": {
        "default": [
          "bandièra"
        ],
        "tts": [
          "bandièra: Zimbabwe"
        ]
      },
      "¤": {
        "tts": [
          "Moneda desconeguda"
        ]
      },
      "֏": {
        "tts": [
          "dram"
        ]
      },
      "؋": {
        "tts": [
          "afgani"
        ]
      },
      "৳": {
        "tts": [
          "taka"
        ]
      },
      "฿": {
        "tts": [
          "bat"
        ]
      },
      "៛": {
        "tts": [
          "riel"
        ]
      },
      "₡": {
        "tts": [
          "colon costarricense"
        ]
      },
      "₦": {
        "tts": [
          "naira"
        ]
      },
      "₪": {
        "tts": [
          "nau séquel israelí"
        ]
      },
      "₫": {
        "tts": [
          "dong"
        ]
      },
      "₭": {
        "tts": [
          "kip"
        ]
      },
      "₮": {
        "tts": [
          "tugrik"
        ]
      },
      "₲": {
        "tts": [
          "guaraní paraguayan"
        ]
      },
      "₴": {
        "tts": [
          "grivna"
        ]
      },
      "₵": {
        "tts": [
          "cedi"
        ]
      },
      "₸": {
        "tts": [
          "tengue kazaji"
        ]
      },
      "₺": {
        "tts": [
          "lira turca"
        ]
      },
      "₼": {
        "tts": [
          "manat azerbaiyan"
        ]
      },
      "₾": {
        "tts": [
          "lari"
        ]
      }
    }
  }
}
