{
  "annotationsDerived": {
    "identity": {
      "language": "ia"
    },
    "annotations": {
      "💪🏻": {
        "default": [
          "biceps",
          "biceps contrahite",
          "biceps flectite",
          "flexion",
          "forte",
          "musculo",
          "tono de pelle clar"
        ],
        "tts": [
          "biceps flectite: tono de pelle clar"
        ]
      },
      "💪🏼": {
        "default": [
          "biceps",
          "biceps contrahite",
          "biceps flectite",
          "flexion",
          "forte",
          "musculo",
          "tono de pelle medio clar"
        ],
        "tts": [
          "biceps flectite: tono de pelle medio clar"
        ]
      },
      "💪🏽": {
        "default": [
          "biceps",
          "biceps contrahite",
          "biceps flectite",
          "flexion",
          "forte",
          "musculo",
          "tono de pelle medie"
        ],
        "tts": [
          "biceps flectite: tono de pelle medie"
        ]
      },
      "💪🏾": {
        "default": [
          "biceps",
          "biceps contrahite",
          "biceps flectite",
          "flexion",
          "forte",
          "musculo",
          "tono de pelle medio-obscur"
        ],
        "tts": [
          "biceps flectite: tono de pelle medio-obscur"
        ]
      },
      "💪🏿": {
        "default": [
          "biceps",
          "biceps contrahite",
          "biceps flectite",
          "flexion",
          "forte",
          "musculo",
          "tono de pelle obscur"
        ],
        "tts": [
          "biceps flectite: tono de pelle obscur"
        ]
      },
      "🦵🏻": {
        "default": [
          "colpo de pede",
          "gamba",
          "membro",
          "tono de pelle clar"
        ],
        "tts": [
          "gamba: tono de pelle clar"
        ]
      },
      "🦵🏼": {
        "default": [
          "colpo de pede",
          "gamba",
          "membro",
          "tono de pelle medio clar"
        ],
        "tts": [
          "gamba: tono de pelle medio clar"
        ]
      },
      "🦵🏽": {
        "default": [
          "colpo de pede",
          "gamba",
          "membro",
          "tono de pelle medie"
        ],
        "tts": [
          "gamba: tono de pelle medie"
        ]
      },
      "🦵🏾": {
        "default": [
          "colpo de pede",
          "gamba",
          "membro",
          "tono de pelle medio-obscur"
        ],
        "tts": [
          "gamba: tono de pelle medio-obscur"
        ]
      },
      "🦵🏿": {
        "default": [
          "colpo de pede",
          "gamba",
          "membro",
          "tono de pelle obscur"
        ],
        "tts": [
          "gamba: tono de pelle obscur"
        ]
      },
      "🦶🏻": {
        "default": [
          "colpo de pede",
          "pede",
          "tono de pelle clar"
        ],
        "tts": [
          "pede: tono de pelle clar"
        ]
      },
      "🦶🏼": {
        "default": [
          "colpo de pede",
          "pede",
          "tono de pelle medio clar"
        ],
        "tts": [
          "pede: tono de pelle medio clar"
        ]
      },
      "🦶🏽": {
        "default": [
          "colpo de pede",
          "pede",
          "tono de pelle medie"
        ],
        "tts": [
          "pede: tono de pelle medie"
        ]
      },
      "🦶🏾": {
        "default": [
          "colpo de pede",
          "pede",
          "tono de pelle medio-obscur"
        ],
        "tts": [
          "pede: tono de pelle medio-obscur"
        ]
      },
      "🦶🏿": {
        "default": [
          "colpo de pede",
          "pede",
          "tono de pelle obscur"
        ],
        "tts": [
          "pede: tono de pelle obscur"
        ]
      },
      "👂🏻": {
        "default": [
          "audientia",
          "audita",
          "audition",
          "aural",
          "aure",
          "auricular",
          "corpore",
          "tono de pelle clar"
        ],
        "tts": [
          "aure: tono de pelle clar"
        ]
      },
      "👂🏼": {
        "default": [
          "audientia",
          "audita",
          "audition",
          "aural",
          "aure",
          "auricular",
          "corpore",
          "tono de pelle medio clar"
        ],
        "tts": [
          "aure: tono de pelle medio clar"
        ]
      },
      "👂🏽": {
        "default": [
          "audientia",
          "audita",
          "audition",
          "aural",
          "aure",
          "auricular",
          "corpore",
          "tono de pelle medie"
        ],
        "tts": [
          "aure: tono de pelle medie"
        ]
      },
      "👂🏾": {
        "default": [
          "audientia",
          "audita",
          "audition",
          "aural",
          "aure",
          "auricular",
          "corpore",
          "tono de pelle medio-obscur"
        ],
        "tts": [
          "aure: tono de pelle medio-obscur"
        ]
      },
      "👂🏿": {
        "default": [
          "audientia",
          "audita",
          "audition",
          "aural",
          "aure",
          "auricular",
          "corpore",
          "tono de pelle obscur"
        ],
        "tts": [
          "aure: tono de pelle obscur"
        ]
      },
      "🦻🏻": {
        "default": [
          "accessibilitate",
          "aure con audiophono",
          "debile de audito",
          "dur de aure",
          "tono de pelle clar"
        ],
        "tts": [
          "aure con audiophono: tono de pelle clar"
        ]
      },
      "🦻🏼": {
        "default": [
          "accessibilitate",
          "aure con audiophono",
          "debile de audito",
          "dur de aure",
          "tono de pelle medio clar"
        ],
        "tts": [
          "aure con audiophono: tono de pelle medio clar"
        ]
      },
      "🦻🏽": {
        "default": [
          "accessibilitate",
          "aure con audiophono",
          "debile de audito",
          "dur de aure",
          "tono de pelle medie"
        ],
        "tts": [
          "aure con audiophono: tono de pelle medie"
        ]
      },
      "🦻🏾": {
        "default": [
          "accessibilitate",
          "aure con audiophono",
          "debile de audito",
          "dur de aure",
          "tono de pelle medio-obscur"
        ],
        "tts": [
          "aure con audiophono: tono de pelle medio-obscur"
        ]
      },
      "🦻🏿": {
        "default": [
          "accessibilitate",
          "aure con audiophono",
          "debile de audito",
          "dur de aure",
          "tono de pelle obscur"
        ],
        "tts": [
          "aure con audiophono: tono de pelle obscur"
        ]
      },
      "👃🏻": {
        "default": [
          "corpore",
          "naso",
          "tono de pelle clar"
        ],
        "tts": [
          "naso: tono de pelle clar"
        ]
      },
      "👃🏼": {
        "default": [
          "corpore",
          "naso",
          "tono de pelle medio clar"
        ],
        "tts": [
          "naso: tono de pelle medio clar"
        ]
      },
      "👃🏽": {
        "default": [
          "corpore",
          "naso",
          "tono de pelle medie"
        ],
        "tts": [
          "naso: tono de pelle medie"
        ]
      },
      "👃🏾": {
        "default": [
          "corpore",
          "naso",
          "tono de pelle medio-obscur"
        ],
        "tts": [
          "naso: tono de pelle medio-obscur"
        ]
      },
      "👃🏿": {
        "default": [
          "corpore",
          "naso",
          "tono de pelle obscur"
        ],
        "tts": [
          "naso: tono de pelle obscur"
        ]
      },
      "🤵🏻": {
        "default": [
          "fidantiato",
          "homine",
          "marito",
          "persona in tuxedo",
          "sponso",
          "sposo",
          "tono de pelle clar",
          "tuxedo"
        ],
        "tts": [
          "persona in tuxedo: tono de pelle clar"
        ]
      },
      "🤵🏼": {
        "default": [
          "fidantiato",
          "homine",
          "marito",
          "persona in tuxedo",
          "sponso",
          "sposo",
          "tono de pelle medio clar",
          "tuxedo"
        ],
        "tts": [
          "persona in tuxedo: tono de pelle medio clar"
        ]
      },
      "🤵🏽": {
        "default": [
          "fidantiato",
          "homine",
          "marito",
          "persona in tuxedo",
          "sponso",
          "sposo",
          "tono de pelle medie",
          "tuxedo"
        ],
        "tts": [
          "persona in tuxedo: tono de pelle medie"
        ]
      },
      "🤵🏾": {
        "default": [
          "fidantiato",
          "homine",
          "marito",
          "persona in tuxedo",
          "sponso",
          "sposo",
          "tono de pelle medio-obscur",
          "tuxedo"
        ],
        "tts": [
          "persona in tuxedo: tono de pelle medio-obscur"
        ]
      },
      "🤵🏿": {
        "default": [
          "fidantiato",
          "homine",
          "marito",
          "persona in tuxedo",
          "sponso",
          "sposo",
          "tono de pelle obscur",
          "tuxedo"
        ],
        "tts": [
          "persona in tuxedo: tono de pelle obscur"
        ]
      },
      "👰🏻": {
        "default": [
          "femina",
          "fidantiata",
          "marita",
          "persona con vela",
          "sponsa",
          "sposa",
          "tono de pelle clar",
          "vela"
        ],
        "tts": [
          "persona con vela: tono de pelle clar"
        ]
      },
      "👰🏼": {
        "default": [
          "femina",
          "fidantiata",
          "marita",
          "persona con vela",
          "sponsa",
          "sposa",
          "tono de pelle medio clar",
          "vela"
        ],
        "tts": [
          "persona con vela: tono de pelle medio clar"
        ]
      },
      "👰🏽": {
        "default": [
          "femina",
          "fidantiata",
          "marita",
          "persona con vela",
          "sponsa",
          "sposa",
          "tono de pelle medie",
          "vela"
        ],
        "tts": [
          "persona con vela: tono de pelle medie"
        ]
      },
      "👰🏾": {
        "default": [
          "femina",
          "fidantiata",
          "marita",
          "persona con vela",
          "sponsa",
          "sposa",
          "tono de pelle medio-obscur",
          "vela"
        ],
        "tts": [
          "persona con vela: tono de pelle medio-obscur"
        ]
      },
      "👰🏿": {
        "default": [
          "femina",
          "fidantiata",
          "marita",
          "persona con vela",
          "sponsa",
          "sposa",
          "tono de pelle obscur",
          "vela"
        ],
        "tts": [
          "persona con vela: tono de pelle obscur"
        ]
      },
      "#⃣": {
        "default": [
          "clave"
        ],
        "tts": [
          "clave: #"
        ]
      },
      "*⃣": {
        "default": [
          "clave"
        ],
        "tts": [
          "clave: *"
        ]
      },
      "🔟": {
        "default": [
          "clave"
        ],
        "tts": [
          "clave: 10"
        ]
      },
      "🇦🇨": {
        "default": [
          "bandiera"
        ],
        "tts": [
          "bandiera: Insula del Ascension"
        ]
      },
      "🇦🇩": {
        "default": [
          "bandiera"
        ],
        "tts": [
          "bandiera: Andorra"
        ]
      },
      "🇦🇪": {
        "default": [
          "bandiera"
        ],
        "tts": [
          "bandiera: Emiratos Arabe Unite"
        ]
      },
      "🇦🇫": {
        "default": [
          "bandiera"
        ],
        "tts": [
          "bandiera: Afghanistan"
        ]
      },
      "🇦🇬": {
        "default": [
          "bandiera"
        ],
        "tts": [
          "bandiera: Antigua e Barbuda"
        ]
      },
      "🇦🇮": {
        "default": [
          "bandiera"
        ],
        "tts": [
          "bandiera: Anguilla"
        ]
      },
      "🇦🇱": {
        "default": [
          "bandiera"
        ],
        "tts": [
          "bandiera: Albania"
        ]
      },
      "🇦🇲": {
        "default": [
          "bandiera"
        ],
        "tts": [
          "bandiera: Armenia"
        ]
      },
      "🇦🇴": {
        "default": [
          "bandiera"
        ],
        "tts": [
          "bandiera: Angola"
        ]
      },
      "🇦🇶": {
        "default": [
          "bandiera"
        ],
        "tts": [
          "bandiera: Antarctica"
        ]
      },
      "🇦🇷": {
        "default": [
          "bandiera"
        ],
        "tts": [
          "bandiera: Argentina"
        ]
      },
      "🇦🇸": {
        "default": [
          "bandiera"
        ],
        "tts": [
          "bandiera: Samoa american"
        ]
      },
      "🇦🇹": {
        "default": [
          "bandiera"
        ],
        "tts": [
          "bandiera: Austria"
        ]
      },
      "🇦🇺": {
        "default": [
          "bandiera"
        ],
        "tts": [
          "bandiera: Australia"
        ]
      },
      "🇦🇼": {
        "default": [
          "bandiera"
        ],
        "tts": [
          "bandiera: Aruba"
        ]
      },
      "🇦🇽": {
        "default": [
          "bandiera"
        ],
        "tts": [
          "bandiera: Insulas Åland"
        ]
      },
      "🇦🇿": {
        "default": [
          "bandiera"
        ],
        "tts": [
          "bandiera: Azerbaidzhan"
        ]
      },
      "🇧🇦": {
        "default": [
          "bandiera"
        ],
        "tts": [
          "bandiera: Bosnia e Herzegovina"
        ]
      },
      "🇧🇧": {
        "default": [
          "bandiera"
        ],
        "tts": [
          "bandiera: Barbados"
        ]
      },
      "🇧🇩": {
        "default": [
          "bandiera"
        ],
        "tts": [
          "bandiera: Bangladesh"
        ]
      },
      "🇧🇪": {
        "default": [
          "bandiera"
        ],
        "tts": [
          "bandiera: Belgica"
        ]
      },
      "🇧🇫": {
        "default": [
          "bandiera"
        ],
        "tts": [
          "bandiera: Burkina Faso"
        ]
      },
      "🇧🇬": {
        "default": [
          "bandiera"
        ],
        "tts": [
          "bandiera: Bulgaria"
        ]
      },
      "🇧🇭": {
        "default": [
          "bandiera"
        ],
        "tts": [
          "bandiera: Bahrain"
        ]
      },
      "🇧🇮": {
        "default": [
          "bandiera"
        ],
        "tts": [
          "bandiera: Burundi"
        ]
      },
      "🇧🇯": {
        "default": [
          "bandiera"
        ],
        "tts": [
          "bandiera: Benin"
        ]
      },
      "🇧🇱": {
        "default": [
          "bandiera"
        ],
        "tts": [
          "bandiera: Sancte Bartholomeo"
        ]
      },
      "🇧🇲": {
        "default": [
          "bandiera"
        ],
        "tts": [
          "bandiera: Bermuda"
        ]
      },
      "🇧🇳": {
        "default": [
          "bandiera"
        ],
        "tts": [
          "bandiera: Brunei"
        ]
      },
      "🇧🇴": {
        "default": [
          "bandiera"
        ],
        "tts": [
          "bandiera: Bolivia"
        ]
      },
      "🇧🇶": {
        "default": [
          "bandiera"
        ],
        "tts": [
          "bandiera: Paises Basse caribe"
        ]
      },
      "🇧🇷": {
        "default": [
          "bandiera"
        ],
        "tts": [
          "bandiera: Brasil"
        ]
      },
      "🇧🇸": {
        "default": [
          "bandiera"
        ],
        "tts": [
          "bandiera: Bahamas"
        ]
      },
      "🇧🇹": {
        "default": [
          "bandiera"
        ],
        "tts": [
          "bandiera: Bhutan"
        ]
      },
      "🇧🇻": {
        "default": [
          "bandiera"
        ],
        "tts": [
          "bandiera: Insula de Bouvet"
        ]
      },
      "🇧🇼": {
        "default": [
          "bandiera"
        ],
        "tts": [
          "bandiera: Botswana"
        ]
      },
      "🇧🇾": {
        "default": [
          "bandiera"
        ],
        "tts": [
          "bandiera: Bielorussia"
        ]
      },
      "🇧🇿": {
        "default": [
          "bandiera"
        ],
        "tts": [
          "bandiera: Belize"
        ]
      },
      "🇨🇦": {
        "default": [
          "bandiera"
        ],
        "tts": [
          "bandiera: Canada"
        ]
      },
      "🇨🇨": {
        "default": [
          "bandiera"
        ],
        "tts": [
          "bandiera: Insulas Cocos (Keeling)"
        ]
      },
      "🇨🇩": {
        "default": [
          "bandiera"
        ],
        "tts": [
          "bandiera: Congo - Kinshasa"
        ]
      },
      "🇨🇫": {
        "default": [
          "bandiera"
        ],
        "tts": [
          "bandiera: Republica African Central"
        ]
      },
      "🇨🇬": {
        "default": [
          "bandiera"
        ],
        "tts": [
          "bandiera: Congo - Brazzaville"
        ]
      },
      "🇨🇭": {
        "default": [
          "bandiera"
        ],
        "tts": [
          "bandiera: Suissa"
        ]
      },
      "🇨🇮": {
        "default": [
          "bandiera"
        ],
        "tts": [
          "bandiera: Costa de Ebore"
        ]
      },
      "🇨🇰": {
        "default": [
          "bandiera"
        ],
        "tts": [
          "bandiera: Insulas Cook"
        ]
      },
      "🇨🇱": {
        "default": [
          "bandiera"
        ],
        "tts": [
          "bandiera: Chile"
        ]
      },
      "🇨🇲": {
        "default": [
          "bandiera"
        ],
        "tts": [
          "bandiera: Camerun"
        ]
      },
      "🇨🇳": {
        "default": [
          "bandiera"
        ],
        "tts": [
          "bandiera: China"
        ]
      },
      "🇨🇴": {
        "default": [
          "bandiera"
        ],
        "tts": [
          "bandiera: Colombia"
        ]
      },
      "🇨🇵": {
        "default": [
          "bandiera"
        ],
        "tts": [
          "bandiera: Insula Clipperton"
        ]
      },
      "🇨🇶": {
        "default": [
          "bandiera"
        ],
        "tts": [
          "bandiera: Sark"
        ]
      },
      "🇨🇷": {
        "default": [
          "bandiera"
        ],
        "tts": [
          "bandiera: Costa Rica"
        ]
      },
      "🇨🇺": {
        "default": [
          "bandiera"
        ],
        "tts": [
          "bandiera: Cuba"
        ]
      },
      "🇨🇻": {
        "default": [
          "bandiera"
        ],
        "tts": [
          "bandiera: Capo Verde"
        ]
      },
      "🇨🇼": {
        "default": [
          "bandiera"
        ],
        "tts": [
          "bandiera: Curaçao"
        ]
      },
      "🇨🇽": {
        "default": [
          "bandiera"
        ],
        "tts": [
          "bandiera: Insula de Natal"
        ]
      },
      "🇨🇾": {
        "default": [
          "bandiera"
        ],
        "tts": [
          "bandiera: Cypro"
        ]
      },
      "🇨🇿": {
        "default": [
          "bandiera"
        ],
        "tts": [
          "bandiera: Chechia"
        ]
      },
      "🇩🇪": {
        "default": [
          "bandiera"
        ],
        "tts": [
          "bandiera: Germania"
        ]
      },
      "🇩🇬": {
        "default": [
          "bandiera"
        ],
        "tts": [
          "bandiera: Diego Garcia"
        ]
      },
      "🇩🇯": {
        "default": [
          "bandiera"
        ],
        "tts": [
          "bandiera: Djibuti"
        ]
      },
      "🇩🇰": {
        "default": [
          "bandiera"
        ],
        "tts": [
          "bandiera: Danmark"
        ]
      },
      "🇩🇲": {
        "default": [
          "bandiera"
        ],
        "tts": [
          "bandiera: Dominica"
        ]
      },
      "🇩🇴": {
        "default": [
          "bandiera"
        ],
        "tts": [
          "bandiera: Republica Dominican"
        ]
      },
      "🇩🇿": {
        "default": [
          "bandiera"
        ],
        "tts": [
          "bandiera: Algeria"
        ]
      },
      "🇪🇦": {
        "default": [
          "bandiera"
        ],
        "tts": [
          "bandiera: Ceuta e Melilla"
        ]
      },
      "🇪🇨": {
        "default": [
          "bandiera"
        ],
        "tts": [
          "bandiera: Ecuador"
        ]
      },
      "🇪🇪": {
        "default": [
          "bandiera"
        ],
        "tts": [
          "bandiera: Estonia"
        ]
      },
      "🇪🇬": {
        "default": [
          "bandiera"
        ],
        "tts": [
          "bandiera: Egypto"
        ]
      },
      "🇪🇭": {
        "default": [
          "bandiera"
        ],
        "tts": [
          "bandiera: Sahara occidental"
        ]
      },
      "🇪🇷": {
        "default": [
          "bandiera"
        ],
        "tts": [
          "bandiera: Eritrea"
        ]
      },
      "🇪🇸": {
        "default": [
          "bandiera"
        ],
        "tts": [
          "bandiera: Espania"
        ]
      },
      "🇪🇹": {
        "default": [
          "bandiera"
        ],
        "tts": [
          "bandiera: Ethiopia"
        ]
      },
      "🇪🇺": {
        "default": [
          "bandiera"
        ],
        "tts": [
          "bandiera: Union Europee"
        ]
      },
      "🇫🇮": {
        "default": [
          "bandiera"
        ],
        "tts": [
          "bandiera: Finlandia"
        ]
      },
      "🇫🇯": {
        "default": [
          "bandiera"
        ],
        "tts": [
          "bandiera: Fiji"
        ]
      },
      "🇫🇰": {
        "default": [
          "bandiera"
        ],
        "tts": [
          "bandiera: Insulas Falkland"
        ]
      },
      "🇫🇲": {
        "default": [
          "bandiera"
        ],
        "tts": [
          "bandiera: Micronesia"
        ]
      },
      "🇫🇴": {
        "default": [
          "bandiera"
        ],
        "tts": [
          "bandiera: Insulas Feroe"
        ]
      },
      "🇫🇷": {
        "default": [
          "bandiera"
        ],
        "tts": [
          "bandiera: Francia"
        ]
      },
      "🇬🇦": {
        "default": [
          "bandiera"
        ],
        "tts": [
          "bandiera: Gabon"
        ]
      },
      "🇬🇧": {
        "default": [
          "bandiera"
        ],
        "tts": [
          "bandiera: Regno Unite"
        ]
      },
      "🇬🇩": {
        "default": [
          "bandiera"
        ],
        "tts": [
          "bandiera: Grenada"
        ]
      },
      "🇬🇪": {
        "default": [
          "bandiera"
        ],
        "tts": [
          "bandiera: Georgia"
        ]
      },
      "🇬🇫": {
        "default": [
          "bandiera"
        ],
        "tts": [
          "bandiera: Guyana francese"
        ]
      },
      "🇬🇬": {
        "default": [
          "bandiera"
        ],
        "tts": [
          "bandiera: Guernsey"
        ]
      },
      "🇬🇭": {
        "default": [
          "bandiera"
        ],
        "tts": [
          "bandiera: Ghana"
        ]
      },
      "🇬🇮": {
        "default": [
          "bandiera"
        ],
        "tts": [
          "bandiera: Gibraltar"
        ]
      },
      "🇬🇱": {
        "default": [
          "bandiera"
        ],
        "tts": [
          "bandiera: Groenlandia"
        ]
      },
      "🇬🇲": {
        "default": [
          "bandiera"
        ],
        "tts": [
          "bandiera: Gambia"
        ]
      },
      "🇬🇳": {
        "default": [
          "bandiera"
        ],
        "tts": [
          "bandiera: Guinea"
        ]
      },
      "🇬🇵": {
        "default": [
          "bandiera"
        ],
        "tts": [
          "bandiera: Guadeloupe"
        ]
      },
      "🇬🇶": {
        "default": [
          "bandiera"
        ],
        "tts": [
          "bandiera: Guinea equatorial"
        ]
      },
      "🇬🇷": {
        "default": [
          "bandiera"
        ],
        "tts": [
          "bandiera: Grecia"
        ]
      },
      "🇬🇸": {
        "default": [
          "bandiera"
        ],
        "tts": [
          "bandiera: Georgia del Sud e Insulas Sandwich Austral"
        ]
      },
      "🇬🇹": {
        "default": [
          "bandiera"
        ],
        "tts": [
          "bandiera: Guatemala"
        ]
      },
      "🇬🇺": {
        "default": [
          "bandiera"
        ],
        "tts": [
          "bandiera: Guam"
        ]
      },
      "🇬🇼": {
        "default": [
          "bandiera"
        ],
        "tts": [
          "bandiera: Guinea-Bissau"
        ]
      },
      "🇬🇾": {
        "default": [
          "bandiera"
        ],
        "tts": [
          "bandiera: Guyana"
        ]
      },
      "🇭🇰": {
        "default": [
          "bandiera"
        ],
        "tts": [
          "bandiera: Hongkong, R.A.S. de China"
        ]
      },
      "🇭🇲": {
        "default": [
          "bandiera"
        ],
        "tts": [
          "bandiera: Insulas Heard e McDonald"
        ]
      },
      "🇭🇳": {
        "default": [
          "bandiera"
        ],
        "tts": [
          "bandiera: Honduras"
        ]
      },
      "🇭🇷": {
        "default": [
          "bandiera"
        ],
        "tts": [
          "bandiera: Croatia"
        ]
      },
      "🇭🇹": {
        "default": [
          "bandiera"
        ],
        "tts": [
          "bandiera: Haiti"
        ]
      },
      "🇭🇺": {
        "default": [
          "bandiera"
        ],
        "tts": [
          "bandiera: Hungaria"
        ]
      },
      "🇮🇨": {
        "default": [
          "bandiera"
        ],
        "tts": [
          "bandiera: Insulas Canari"
        ]
      },
      "🇮🇩": {
        "default": [
          "bandiera"
        ],
        "tts": [
          "bandiera: Indonesia"
        ]
      },
      "🇮🇪": {
        "default": [
          "bandiera"
        ],
        "tts": [
          "bandiera: Irlanda"
        ]
      },
      "🇮🇱": {
        "default": [
          "bandiera"
        ],
        "tts": [
          "bandiera: Israel"
        ]
      },
      "🇮🇲": {
        "default": [
          "bandiera"
        ],
        "tts": [
          "bandiera: Insula de Man"
        ]
      },
      "🇮🇳": {
        "default": [
          "bandiera"
        ],
        "tts": [
          "bandiera: India"
        ]
      },
      "🇮🇴": {
        "default": [
          "bandiera"
        ],
        "tts": [
          "bandiera: Territorio oceanic britanno-indian"
        ]
      },
      "🇮🇶": {
        "default": [
          "bandiera"
        ],
        "tts": [
          "bandiera: Irak"
        ]
      },
      "🇮🇷": {
        "default": [
          "bandiera"
        ],
        "tts": [
          "bandiera: Iran"
        ]
      },
      "🇮🇸": {
        "default": [
          "bandiera"
        ],
        "tts": [
          "bandiera: Islanda"
        ]
      },
      "🇮🇹": {
        "default": [
          "bandiera"
        ],
        "tts": [
          "bandiera: Italia"
        ]
      },
      "🇯🇪": {
        "default": [
          "bandiera"
        ],
        "tts": [
          "bandiera: Jersey"
        ]
      },
      "🇯🇲": {
        "default": [
          "bandiera"
        ],
        "tts": [
          "bandiera: Jamaica"
        ]
      },
      "🇯🇴": {
        "default": [
          "bandiera"
        ],
        "tts": [
          "bandiera: Jordania"
        ]
      },
      "🇯🇵": {
        "default": [
          "bandiera"
        ],
        "tts": [
          "bandiera: Japon"
        ]
      },
      "🇰🇪": {
        "default": [
          "bandiera"
        ],
        "tts": [
          "bandiera: Kenya"
        ]
      },
      "🇰🇬": {
        "default": [
          "bandiera"
        ],
        "tts": [
          "bandiera: Kirghizistan"
        ]
      },
      "🇰🇭": {
        "default": [
          "bandiera"
        ],
        "tts": [
          "bandiera: Cambodgia"
        ]
      },
      "🇰🇮": {
        "default": [
          "bandiera"
        ],
        "tts": [
          "bandiera: Kiribati"
        ]
      },
      "🇰🇲": {
        "default": [
          "bandiera"
        ],
        "tts": [
          "bandiera: Comoros"
        ]
      },
      "🇰🇳": {
        "default": [
          "bandiera"
        ],
        "tts": [
          "bandiera: Sancte Christophoro e Nevis"
        ]
      },
      "🇰🇵": {
        "default": [
          "bandiera"
        ],
        "tts": [
          "bandiera: Corea del Nord"
        ]
      },
      "🇰🇷": {
        "default": [
          "bandiera"
        ],
        "tts": [
          "bandiera: Corea del Sud"
        ]
      },
      "🇰🇼": {
        "default": [
          "bandiera"
        ],
        "tts": [
          "bandiera: Kuwait"
        ]
      },
      "🇰🇾": {
        "default": [
          "bandiera"
        ],
        "tts": [
          "bandiera: Insulas de Caiman"
        ]
      },
      "🇰🇿": {
        "default": [
          "bandiera"
        ],
        "tts": [
          "bandiera: Kazakhstan"
        ]
      },
      "🇱🇦": {
        "default": [
          "bandiera"
        ],
        "tts": [
          "bandiera: Laos"
        ]
      },
      "🇱🇧": {
        "default": [
          "bandiera"
        ],
        "tts": [
          "bandiera: Libano"
        ]
      },
      "🇱🇨": {
        "default": [
          "bandiera"
        ],
        "tts": [
          "bandiera: Sancte Lucia"
        ]
      },
      "🇱🇮": {
        "default": [
          "bandiera"
        ],
        "tts": [
          "bandiera: Liechtenstein"
        ]
      },
      "🇱🇰": {
        "default": [
          "bandiera"
        ],
        "tts": [
          "bandiera: Sri Lanka"
        ]
      },
      "🇱🇷": {
        "default": [
          "bandiera"
        ],
        "tts": [
          "bandiera: Liberia"
        ]
      },
      "🇱🇸": {
        "default": [
          "bandiera"
        ],
        "tts": [
          "bandiera: Lesotho"
        ]
      },
      "🇱🇹": {
        "default": [
          "bandiera"
        ],
        "tts": [
          "bandiera: Lituania"
        ]
      },
      "🇱🇺": {
        "default": [
          "bandiera"
        ],
        "tts": [
          "bandiera: Luxemburg"
        ]
      },
      "🇱🇻": {
        "default": [
          "bandiera"
        ],
        "tts": [
          "bandiera: Lettonia"
        ]
      },
      "🇱🇾": {
        "default": [
          "bandiera"
        ],
        "tts": [
          "bandiera: Libya"
        ]
      },
      "🇲🇦": {
        "default": [
          "bandiera"
        ],
        "tts": [
          "bandiera: Marocco"
        ]
      },
      "🇲🇨": {
        "default": [
          "bandiera"
        ],
        "tts": [
          "bandiera: Monaco"
        ]
      },
      "🇲🇩": {
        "default": [
          "bandiera"
        ],
        "tts": [
          "bandiera: Moldavia"
        ]
      },
      "🇲🇪": {
        "default": [
          "bandiera"
        ],
        "tts": [
          "bandiera: Montenegro"
        ]
      },
      "🇲🇫": {
        "default": [
          "bandiera"
        ],
        "tts": [
          "bandiera: Sancte Martino francese"
        ]
      },
      "🇲🇬": {
        "default": [
          "bandiera"
        ],
        "tts": [
          "bandiera: Madagascar"
        ]
      },
      "🇲🇭": {
        "default": [
          "bandiera"
        ],
        "tts": [
          "bandiera: Insulas Marshall"
        ]
      },
      "🇲🇰": {
        "default": [
          "bandiera"
        ],
        "tts": [
          "bandiera: Macedonia del Nord"
        ]
      },
      "🇲🇱": {
        "default": [
          "bandiera"
        ],
        "tts": [
          "bandiera: Mali"
        ]
      },
      "🇲🇲": {
        "default": [
          "bandiera"
        ],
        "tts": [
          "bandiera: Myanmar (Birmania)"
        ]
      },
      "🇲🇳": {
        "default": [
          "bandiera"
        ],
        "tts": [
          "bandiera: Mongolia"
        ]
      },
      "🇲🇴": {
        "default": [
          "bandiera"
        ],
        "tts": [
          "bandiera: Macao, R.A.S. de China"
        ]
      },
      "🇲🇵": {
        "default": [
          "bandiera"
        ],
        "tts": [
          "bandiera: Insulas Marianna del Nord"
        ]
      },
      "🇲🇶": {
        "default": [
          "bandiera"
        ],
        "tts": [
          "bandiera: Martinica"
        ]
      },
      "🇲🇷": {
        "default": [
          "bandiera"
        ],
        "tts": [
          "bandiera: Mauritania"
        ]
      },
      "🇲🇸": {
        "default": [
          "bandiera"
        ],
        "tts": [
          "bandiera: Montserrat"
        ]
      },
      "🇲🇹": {
        "default": [
          "bandiera"
        ],
        "tts": [
          "bandiera: Malta"
        ]
      },
      "🇲🇺": {
        "default": [
          "bandiera"
        ],
        "tts": [
          "bandiera: Mauritio"
        ]
      },
      "🇲🇻": {
        "default": [
          "bandiera"
        ],
        "tts": [
          "bandiera: Maldivas"
        ]
      },
      "🇲🇼": {
        "default": [
          "bandiera"
        ],
        "tts": [
          "bandiera: Malawi"
        ]
      },
      "🇲🇽": {
        "default": [
          "bandiera"
        ],
        "tts": [
          "bandiera: Mexico"
        ]
      },
      "🇲🇾": {
        "default": [
          "bandiera"
        ],
        "tts": [
          "bandiera: Malaysia"
        ]
      },
      "🇲🇿": {
        "default": [
          "bandiera"
        ],
        "tts": [
          "bandiera: Mozambique"
        ]
      },
      "🇳🇦": {
        "default": [
          "bandiera"
        ],
        "tts": [
          "bandiera: Namibia"
        ]
      },
      "🇳🇨": {
        "default": [
          "bandiera"
        ],
        "tts": [
          "bandiera: Nove Caledonia"
        ]
      },
      "🇳🇪": {
        "default": [
          "bandiera"
        ],
        "tts": [
          "bandiera: Niger"
        ]
      },
      "🇳🇫": {
        "default": [
          "bandiera"
        ],
        "tts": [
          "bandiera: Insula Norfolk"
        ]
      },
      "🇳🇬": {
        "default": [
          "bandiera"
        ],
        "tts": [
          "bandiera: Nigeria"
        ]
      },
      "🇳🇮": {
        "default": [
          "bandiera"
        ],
        "tts": [
          "bandiera: Nicaragua"
        ]
      },
      "🇳🇱": {
        "default": [
          "bandiera"
        ],
        "tts": [
          "bandiera: Nederlandia"
        ]
      },
      "🇳🇴": {
        "default": [
          "bandiera"
        ],
        "tts": [
          "bandiera: Norvegia"
        ]
      },
      "🇳🇵": {
        "default": [
          "bandiera"
        ],
        "tts": [
          "bandiera: Nepal"
        ]
      },
      "🇳🇷": {
        "default": [
          "bandiera"
        ],
        "tts": [
          "bandiera: Nauru"
        ]
      },
      "🇳🇺": {
        "default": [
          "bandiera"
        ],
        "tts": [
          "bandiera: Niue"
        ]
      },
      "🇳🇿": {
        "default": [
          "bandiera"
        ],
        "tts": [
          "bandiera: Nove Zelanda"
        ]
      },
      "🇴🇲": {
        "default": [
          "bandiera"
        ],
        "tts": [
          "bandiera: Oman"
        ]
      },
      "🇵🇦": {
        "default": [
          "bandiera"
        ],
        "tts": [
          "bandiera: Panama"
        ]
      },
      "🇵🇪": {
        "default": [
          "bandiera"
        ],
        "tts": [
          "bandiera: Peru"
        ]
      },
      "🇵🇫": {
        "default": [
          "bandiera"
        ],
        "tts": [
          "bandiera: Polynesia francese"
        ]
      },
      "🇵🇬": {
        "default": [
          "bandiera"
        ],
        "tts": [
          "bandiera: Papua Nove Guinea"
        ]
      },
      "🇵🇭": {
        "default": [
          "bandiera"
        ],
        "tts": [
          "bandiera: Philippinas"
        ]
      },
      "🇵🇰": {
        "default": [
          "bandiera"
        ],
        "tts": [
          "bandiera: Pakistan"
        ]
      },
      "🇵🇱": {
        "default": [
          "bandiera"
        ],
        "tts": [
          "bandiera: Polonia"
        ]
      },
      "🇵🇲": {
        "default": [
          "bandiera"
        ],
        "tts": [
          "bandiera: St. Pierre e Miquelon"
        ]
      },
      "🇵🇳": {
        "default": [
          "bandiera"
        ],
        "tts": [
          "bandiera: Insulas Pitcairn"
        ]
      },
      "🇵🇷": {
        "default": [
          "bandiera"
        ],
        "tts": [
          "bandiera: Porto Rico"
        ]
      },
      "🇵🇸": {
        "default": [
          "bandiera"
        ],
        "tts": [
          "bandiera: Territorios palestin"
        ]
      },
      "🇵🇹": {
        "default": [
          "bandiera"
        ],
        "tts": [
          "bandiera: Portugal"
        ]
      },
      "🇵🇼": {
        "default": [
          "bandiera"
        ],
        "tts": [
          "bandiera: Palau"
        ]
      },
      "🇵🇾": {
        "default": [
          "bandiera"
        ],
        "tts": [
          "bandiera: Paraguay"
        ]
      },
      "🇶🇦": {
        "default": [
          "bandiera"
        ],
        "tts": [
          "bandiera: Qatar"
        ]
      },
      "🇷🇪": {
        "default": [
          "bandiera"
        ],
        "tts": [
          "bandiera: Reunion"
        ]
      },
      "🇷🇴": {
        "default": [
          "bandiera"
        ],
        "tts": [
          "bandiera: Romania"
        ]
      },
      "🇷🇸": {
        "default": [
          "bandiera"
        ],
        "tts": [
          "bandiera: Serbia"
        ]
      },
      "🇷🇺": {
        "default": [
          "bandiera"
        ],
        "tts": [
          "bandiera: Russia"
        ]
      },
      "🇷🇼": {
        "default": [
          "bandiera"
        ],
        "tts": [
          "bandiera: Ruanda"
        ]
      },
      "🇸🇦": {
        "default": [
          "bandiera"
        ],
        "tts": [
          "bandiera: Arabia Saudita"
        ]
      },
      "🇸🇧": {
        "default": [
          "bandiera"
        ],
        "tts": [
          "bandiera: Insulas Solomon"
        ]
      },
      "🇸🇨": {
        "default": [
          "bandiera"
        ],
        "tts": [
          "bandiera: Seychelles"
        ]
      },
      "🇸🇩": {
        "default": [
          "bandiera"
        ],
        "tts": [
          "bandiera: Sudan"
        ]
      },
      "🇸🇪": {
        "default": [
          "bandiera"
        ],
        "tts": [
          "bandiera: Svedia"
        ]
      },
      "🇸🇬": {
        "default": [
          "bandiera"
        ],
        "tts": [
          "bandiera: Singapur"
        ]
      },
      "🇸🇭": {
        "default": [
          "bandiera"
        ],
        "tts": [
          "bandiera: Sancte Helena"
        ]
      },
      "🇸🇮": {
        "default": [
          "bandiera"
        ],
        "tts": [
          "bandiera: Slovenia"
        ]
      },
      "🇸🇯": {
        "default": [
          "bandiera"
        ],
        "tts": [
          "bandiera: Svalbard e Jan Mayen"
        ]
      },
      "🇸🇰": {
        "default": [
          "bandiera"
        ],
        "tts": [
          "bandiera: Slovachia"
        ]
      },
      "🇸🇱": {
        "default": [
          "bandiera"
        ],
        "tts": [
          "bandiera: Sierra Leone"
        ]
      },
      "🇸🇲": {
        "default": [
          "bandiera"
        ],
        "tts": [
          "bandiera: San Marino"
        ]
      },
      "🇸🇳": {
        "default": [
          "bandiera"
        ],
        "tts": [
          "bandiera: Senegal"
        ]
      },
      "🇸🇴": {
        "default": [
          "bandiera"
        ],
        "tts": [
          "bandiera: Somalia"
        ]
      },
      "🇸🇷": {
        "default": [
          "bandiera"
        ],
        "tts": [
          "bandiera: Suriname"
        ]
      },
      "🇸🇸": {
        "default": [
          "bandiera"
        ],
        "tts": [
          "bandiera: Sudan del Sud"
        ]
      },
      "🇸🇹": {
        "default": [
          "bandiera"
        ],
        "tts": [
          "bandiera: São Tomé e Príncipe"
        ]
      },
      "🇸🇻": {
        "default": [
          "bandiera"
        ],
        "tts": [
          "bandiera: El Salvador"
        ]
      },
      "🇸🇽": {
        "default": [
          "bandiera"
        ],
        "tts": [
          "bandiera: Sancte Martino nederlandese"
        ]
      },
      "🇸🇾": {
        "default": [
          "bandiera"
        ],
        "tts": [
          "bandiera: Syria"
        ]
      },
      "🇸🇿": {
        "default": [
          "bandiera"
        ],
        "tts": [
          "bandiera: Eswatini"
        ]
      },
      "🇹🇦": {
        "default": [
          "bandiera"
        ],
        "tts": [
          "bandiera: Tristan da Cunha"
        ]
      },
      "🇹🇨": {
        "default": [
          "bandiera"
        ],
        "tts": [
          "bandiera: Insulas Turcos e Caicos"
        ]
      },
      "🇹🇩": {
        "default": [
          "bandiera"
        ],
        "tts": [
          "bandiera: Tchad"
        ]
      },
      "🇹🇫": {
        "default": [
          "bandiera"
        ],
        "tts": [
          "bandiera: Territorios meridional francese"
        ]
      },
      "🇹🇬": {
        "default": [
          "bandiera"
        ],
        "tts": [
          "bandiera: Togo"
        ]
      },
      "🇹🇭": {
        "default": [
          "bandiera"
        ],
        "tts": [
          "bandiera: Thailandia"
        ]
      },
      "🇹🇯": {
        "default": [
          "bandiera"
        ],
        "tts": [
          "bandiera: Tadzhikistan"
        ]
      },
      "🇹🇰": {
        "default": [
          "bandiera"
        ],
        "tts": [
          "bandiera: Tokelau"
        ]
      },
      "🇹🇱": {
        "default": [
          "bandiera"
        ],
        "tts": [
          "bandiera: Timor del Est"
        ]
      },
      "🇹🇲": {
        "default": [
          "bandiera"
        ],
        "tts": [
          "bandiera: Turkmenistan"
        ]
      },
      "🇹🇳": {
        "default": [
          "bandiera"
        ],
        "tts": [
          "bandiera: Tunisia"
        ]
      },
      "🇹🇴": {
        "default": [
          "bandiera"
        ],
        "tts": [
          "bandiera: Tonga"
        ]
      },
      "🇹🇷": {
        "default": [
          "bandiera"
        ],
        "tts": [
          "bandiera: Turchia"
        ]
      },
      "🇹🇹": {
        "default": [
          "bandiera"
        ],
        "tts": [
          "bandiera: Trinidad e Tobago"
        ]
      },
      "🇹🇻": {
        "default": [
          "bandiera"
        ],
        "tts": [
          "bandiera: Tuvalu"
        ]
      },
      "🇹🇼": {
        "default": [
          "bandiera"
        ],
        "tts": [
          "bandiera: Taiwan"
        ]
      },
      "🇹🇿": {
        "default": [
          "bandiera"
        ],
        "tts": [
          "bandiera: Tanzania"
        ]
      },
      "🇺🇦": {
        "default": [
          "bandiera"
        ],
        "tts": [
          "bandiera: Ukraina"
        ]
      },
      "🇺🇬": {
        "default": [
          "bandiera"
        ],
        "tts": [
          "bandiera: Uganda"
        ]
      },
      "🇺🇲": {
        "default": [
          "bandiera"
        ],
        "tts": [
          "bandiera: Insulas peripheric del SUA"
        ]
      },
      "🇺🇳": {
        "default": [
          "bandiera"
        ],
        "tts": [
          "bandiera: Nationes Unite"
        ]
      },
      "🇺🇸": {
        "default": [
          "bandiera"
        ],
        "tts": [
          "bandiera: Statos Unite"
        ]
      },
      "🇺🇾": {
        "default": [
          "bandiera"
        ],
        "tts": [
          "bandiera: Uruguay"
        ]
      },
      "🇺🇿": {
        "default": [
          "bandiera"
        ],
        "tts": [
          "bandiera: Uzbekistan"
        ]
      },
      "🇻🇦": {
        "default": [
          "bandiera"
        ],
        "tts": [
          "bandiera: Citate del Vaticano"
        ]
      },
      "🇻🇨": {
        "default": [
          "bandiera"
        ],
        "tts": [
          "bandiera: Sancte Vincente e le Grenadinas"
        ]
      },
      "🇻🇪": {
        "default": [
          "bandiera"
        ],
        "tts": [
          "bandiera: Venezuela"
        ]
      },
      "🇻🇬": {
        "default": [
          "bandiera"
        ],
        "tts": [
          "bandiera: Insulas Virgine britannic"
        ]
      },
      "🇻🇮": {
        "default": [
          "bandiera"
        ],
        "tts": [
          "bandiera: Insulas Virgine statounitese"
        ]
      },
      "🇻🇳": {
        "default": [
          "bandiera"
        ],
        "tts": [
          "bandiera: Vietnam"
        ]
      },
      "🇻🇺": {
        "default": [
          "bandiera"
        ],
        "tts": [
          "bandiera: Vanuatu"
        ]
      },
      "🇼🇫": {
        "default": [
          "bandiera"
        ],
        "tts": [
          "bandiera: Wallis e Futuna"
        ]
      },
      "🇼🇸": {
        "default": [
          "bandiera"
        ],
        "tts": [
          "bandiera: Samoa"
        ]
      },
      "🇽🇰": {
        "default": [
          "bandiera"
        ],
        "tts": [
          "bandiera: Kosovo"
        ]
      },
      "🇾🇪": {
        "default": [
          "bandiera"
        ],
        "tts": [
          "bandiera: Yemen"
        ]
      },
      "🇾🇹": {
        "default": [
          "bandiera"
        ],
        "tts": [
          "bandiera: Mayotte"
        ]
      },
      "🇿🇦": {
        "default": [
          "bandiera"
        ],
        "tts": [
          "bandiera: Africa del Sud"
        ]
      },
      "🇿🇲": {
        "default": [
          "bandiera"
        ],
        "tts": [
          "bandiera: Zambia"
        ]
      },
      "🇿🇼": {
        "default": [
          "bandiera"
        ],
        "tts": [
          "bandiera: Zimbabwe"
        ]
      },
      "¤": {
        "tts": [
          "moneta incognite"
        ]
      },
      "֏": {
        "tts": [
          "dram armenie"
        ]
      },
      "؋": {
        "tts": [
          "afghani"
        ]
      },
      "৳": {
        "tts": [
          "taka bengalese"
        ]
      },
      "฿": {
        "tts": [
          "baht thailandese"
        ]
      },
      "៛": {
        "tts": [
          "riel cambodgian"
        ]
      },
      "₡": {
        "tts": [
          "colon costarican"
        ]
      },
      "₦": {
        "tts": [
          "naira nigerian"
        ]
      },
      "₪": {
        "tts": [
          "nove shekel israeli"
        ]
      },
      "₫": {
        "tts": [
          "dong vietnamese"
        ]
      },
      "₭": {
        "tts": [
          "kip laotian"
        ]
      },
      "₮": {
        "tts": [
          "tugrik mongol"
        ]
      },
      "₲": {
        "tts": [
          "guarani paraguayan"
        ]
      },
      "₴": {
        "tts": [
          "hryvnia ukrainian"
        ]
      },
      "₵": {
        "tts": [
          "cedi ghanese"
        ]
      },
      "₸": {
        "tts": [
          "tenge kazakh"
        ]
      },
      "₺": {
        "tts": [
          "lira turc"
        ]
      },
      "₼": {
        "tts": [
          "manat azeri"
        ]
      },
      "₾": {
        "tts": [
          "lari georgian"
        ]
      }
    }
  }
}
