{
  "annotationsDerived": {
    "identity": {
      "language": "syr"
    },
    "annotations": {
      "¤": {
        "tts": [
          "ܟܣܦܐ ܠܐ ܝܕܝܥܐ"
        ]
      },
      "֏": {
        "tts": [
          "ܕܪܗܡ ܕܐܪܡܢܝܐ"
        ]
      },
      "₡": {
        "tts": [
          "ܟܘܠܘܢ ܕܟܘܣܬܐ ܪܝܟܐ"
        ]
      },
      "₪": {
        "tts": [
          "ܬܩܠܐ ܚܕܬܐ ܕܐܝܣܪܐܝܠ"
        ]
      },
      "₫": {
        "tts": [
          "ܕܘܢܓ ܕܒܝܬܢܐܡ"
        ]
      },
      "₺": {
        "tts": [
          "ܠܝܛܪܐ ܕܬܘܪܟܝܐ"
        ]
      }
    }
  }
}
