{
  "annotationsDerived": {
    "identity": {
      "language": "vec"
    },
    "annotations": {
      "¤": {
        "tts": [
          "moneda desconosùa"
        ]
      },
      "֏": {
        "tts": [
          "dram armen"
        ]
      },
      "؋": {
        "tts": [
          "afgan afghanistan"
        ]
      },
      "৳": {
        "tts": [
          "taka bangladeze"
        ]
      },
      "฿": {
        "tts": [
          "bat tailandeze"
        ]
      },
      "៛": {
        "tts": [
          "rial canbojan"
        ]
      },
      "₡": {
        "tts": [
          "colonbo costarican"
        ]
      },
      "₦": {
        "tts": [
          "naira nigeriana"
        ]
      },
      "₪": {
        "tts": [
          "novo siglo izraelian"
        ]
      },
      "₫": {
        "tts": [
          "dong vietnameze"
        ]
      },
      "₭": {
        "tts": [
          "kip laosian"
        ]
      },
      "₮": {
        "tts": [
          "tugrik móngolo"
        ]
      },
      "₲": {
        "tts": [
          "guaranì paraguaian"
        ]
      },
      "₴": {
        "tts": [
          "grivna ucraina"
        ]
      },
      "₵": {
        "tts": [
          "cedi ganeze"
        ]
      },
      "₸": {
        "tts": [
          "tenge kazakistan"
        ]
      },
      "₺": {
        "tts": [
          "lira turca"
        ]
      },
      "₼": {
        "tts": [
          "manat azerbaijan"
        ]
      },
      "₾": {
        "tts": [
          "lari jeorjan"
        ]
      }
    }
  }
}
