{
  "annotationsDerived": {
    "identity": {
      "language": "en",
      "territory": "CA"
    },
    "annotations": {
      "🖖🏻": {
        "default": [
          "finger",
          "hand",
          "light skin tone",
          "Spock",
          "Vulcan",
          "Vulcan salute"
        ],
        "tts": [
          "Vulcan salute: light skin tone"
        ]
      },
      "🖖🏼": {
        "default": [
          "finger",
          "hand",
          "medium-light skin tone",
          "Spock",
          "Vulcan",
          "Vulcan salute"
        ],
        "tts": [
          "Vulcan salute: medium-light skin tone"
        ]
      },
      "🖖🏽": {
        "default": [
          "finger",
          "hand",
          "medium skin tone",
          "Spock",
          "Vulcan",
          "Vulcan salute"
        ],
        "tts": [
          "Vulcan salute: medium skin tone"
        ]
      },
      "🖖🏾": {
        "default": [
          "finger",
          "hand",
          "medium-dark skin tone",
          "Spock",
          "Vulcan",
          "Vulcan salute"
        ],
        "tts": [
          "Vulcan salute: medium-dark skin tone"
        ]
      },
      "🖖🏿": {
        "default": [
          "dark skin tone",
          "finger",
          "hand",
          "Spock",
          "Vulcan",
          "Vulcan salute"
        ],
        "tts": [
          "Vulcan salute: dark skin tone"
        ]
      },
      "🫱🏻": {
        "default": [
          "hand",
          "light skin tone",
          "right",
          "rightward",
          "rightwards"
        ],
        "tts": [
          "rightward hand: light skin tone"
        ]
      },
      "🫱🏼": {
        "default": [
          "hand",
          "medium-light skin tone",
          "right",
          "rightward",
          "rightwards"
        ],
        "tts": [
          "rightward hand: medium-light skin tone"
        ]
      },
      "🫱🏽": {
        "default": [
          "hand",
          "medium skin tone",
          "right",
          "rightward",
          "rightwards"
        ],
        "tts": [
          "rightward hand: medium skin tone"
        ]
      },
      "🫱🏾": {
        "default": [
          "hand",
          "medium-dark skin tone",
          "right",
          "rightward",
          "rightwards"
        ],
        "tts": [
          "rightward hand: medium-dark skin tone"
        ]
      },
      "🫱🏿": {
        "default": [
          "dark skin tone",
          "hand",
          "right",
          "rightward",
          "rightwards"
        ],
        "tts": [
          "rightward hand: dark skin tone"
        ]
      },
      "🫲🏻": {
        "default": [
          "hand",
          "left",
          "leftward",
          "leftwards",
          "light skin tone"
        ],
        "tts": [
          "leftward hand: light skin tone"
        ]
      },
      "🫲🏼": {
        "default": [
          "hand",
          "left",
          "leftward",
          "leftwards",
          "medium-light skin tone"
        ],
        "tts": [
          "leftward hand: medium-light skin tone"
        ]
      },
      "🫲🏽": {
        "default": [
          "hand",
          "left",
          "leftward",
          "leftwards",
          "medium skin tone"
        ],
        "tts": [
          "leftward hand: medium skin tone"
        ]
      },
      "🫲🏾": {
        "default": [
          "hand",
          "left",
          "leftward",
          "leftwards",
          "medium-dark skin tone"
        ],
        "tts": [
          "leftward hand: medium-dark skin tone"
        ]
      },
      "🫲🏿": {
        "default": [
          "dark skin tone",
          "hand",
          "left",
          "leftward",
          "leftwards"
        ],
        "tts": [
          "leftward hand: dark skin tone"
        ]
      },
      "🫳🏻": {
        "default": [
          "dismiss",
          "drop",
          "light skin tone",
          "palm down hand",
          "palm-down hand",
          "shoo"
        ],
        "tts": [
          "palm-down hand: light skin tone"
        ]
      },
      "🫳🏼": {
        "default": [
          "dismiss",
          "drop",
          "medium-light skin tone",
          "palm down hand",
          "palm-down hand",
          "shoo"
        ],
        "tts": [
          "palm-down hand: medium-light skin tone"
        ]
      },
      "🫳🏽": {
        "default": [
          "dismiss",
          "drop",
          "medium skin tone",
          "palm down hand",
          "palm-down hand",
          "shoo"
        ],
        "tts": [
          "palm-down hand: medium skin tone"
        ]
      },
      "🫳🏾": {
        "default": [
          "dismiss",
          "drop",
          "medium-dark skin tone",
          "palm down hand",
          "palm-down hand",
          "shoo"
        ],
        "tts": [
          "palm-down hand: medium-dark skin tone"
        ]
      },
      "🫳🏿": {
        "default": [
          "dark skin tone",
          "dismiss",
          "drop",
          "palm down hand",
          "palm-down hand",
          "shoo"
        ],
        "tts": [
          "palm-down hand: dark skin tone"
        ]
      },
      "🫴🏻": {
        "default": [
          "beckon",
          "catch",
          "come",
          "light skin tone",
          "offer",
          "palm up hand",
          "palm-up hand"
        ],
        "tts": [
          "palm-up hand: light skin tone"
        ]
      },
      "🫴🏼": {
        "default": [
          "beckon",
          "catch",
          "come",
          "medium-light skin tone",
          "offer",
          "palm up hand",
          "palm-up hand"
        ],
        "tts": [
          "palm-up hand: medium-light skin tone"
        ]
      },
      "🫴🏽": {
        "default": [
          "beckon",
          "catch",
          "come",
          "medium skin tone",
          "offer",
          "palm up hand",
          "palm-up hand"
        ],
        "tts": [
          "palm-up hand: medium skin tone"
        ]
      },
      "🫴🏾": {
        "default": [
          "beckon",
          "catch",
          "come",
          "medium-dark skin tone",
          "offer",
          "palm up hand",
          "palm-up hand"
        ],
        "tts": [
          "palm-up hand: medium-dark skin tone"
        ]
      },
      "🫴🏿": {
        "default": [
          "beckon",
          "catch",
          "come",
          "dark skin tone",
          "offer",
          "palm up hand",
          "palm-up hand"
        ],
        "tts": [
          "palm-up hand: dark skin tone"
        ]
      },
      "🫷🏻": {
        "default": [
          "high five",
          "leftward",
          "leftward-pushing hand",
          "leftwards pushing hand",
          "light skin tone",
          "push",
          "refuse",
          "stop",
          "wait"
        ],
        "tts": [
          "leftward-pushing hand: light skin tone"
        ]
      },
      "🫷🏼": {
        "default": [
          "high five",
          "leftward",
          "leftward-pushing hand",
          "leftwards pushing hand",
          "medium-light skin tone",
          "push",
          "refuse",
          "stop",
          "wait"
        ],
        "tts": [
          "leftward-pushing hand: medium-light skin tone"
        ]
      },
      "🫷🏽": {
        "default": [
          "high five",
          "leftward",
          "leftward-pushing hand",
          "leftwards pushing hand",
          "medium skin tone",
          "push",
          "refuse",
          "stop",
          "wait"
        ],
        "tts": [
          "leftward-pushing hand: medium skin tone"
        ]
      },
      "🫷🏾": {
        "default": [
          "high five",
          "leftward",
          "leftward-pushing hand",
          "leftwards pushing hand",
          "medium-dark skin tone",
          "push",
          "refuse",
          "stop",
          "wait"
        ],
        "tts": [
          "leftward-pushing hand: medium-dark skin tone"
        ]
      },
      "🫷🏿": {
        "default": [
          "dark skin tone",
          "high five",
          "leftward",
          "leftward-pushing hand",
          "leftwards pushing hand",
          "push",
          "refuse",
          "stop",
          "wait"
        ],
        "tts": [
          "leftward-pushing hand: dark skin tone"
        ]
      },
      "🫸🏻": {
        "default": [
          "high five",
          "light skin tone",
          "push",
          "refuse",
          "rightward",
          "rightward-pushing hand",
          "rightwards pushing hand",
          "stop",
          "wait"
        ],
        "tts": [
          "rightward-pushing hand: light skin tone"
        ]
      },
      "🫸🏼": {
        "default": [
          "high five",
          "medium-light skin tone",
          "push",
          "refuse",
          "rightward",
          "rightward-pushing hand",
          "rightwards pushing hand",
          "stop",
          "wait"
        ],
        "tts": [
          "rightward-pushing hand: medium-light skin tone"
        ]
      },
      "🫸🏽": {
        "default": [
          "high five",
          "medium skin tone",
          "push",
          "refuse",
          "rightward",
          "rightward-pushing hand",
          "rightwards pushing hand",
          "stop",
          "wait"
        ],
        "tts": [
          "rightward-pushing hand: medium skin tone"
        ]
      },
      "🫸🏾": {
        "default": [
          "high five",
          "medium-dark skin tone",
          "push",
          "refuse",
          "rightward",
          "rightward-pushing hand",
          "rightwards pushing hand",
          "stop",
          "wait"
        ],
        "tts": [
          "rightward-pushing hand: medium-dark skin tone"
        ]
      },
      "🫸🏿": {
        "default": [
          "dark skin tone",
          "high five",
          "push",
          "refuse",
          "rightward",
          "rightward-pushing hand",
          "rightwards pushing hand",
          "stop",
          "wait"
        ],
        "tts": [
          "rightward-pushing hand: dark skin tone"
        ]
      },
      "👌🏻": {
        "default": [
          "hand",
          "light skin tone",
          "OK",
          "perfect"
        ]
      },
      "👌🏼": {
        "default": [
          "hand",
          "medium-light skin tone",
          "OK",
          "perfect"
        ]
      },
      "👌🏽": {
        "default": [
          "hand",
          "medium skin tone",
          "OK",
          "perfect"
        ]
      },
      "👌🏾": {
        "default": [
          "hand",
          "medium-dark skin tone",
          "OK",
          "perfect"
        ]
      },
      "👌🏿": {
        "default": [
          "dark skin tone",
          "hand",
          "OK",
          "perfect"
        ]
      },
      "🤞🏻": {
        "default": [
          "cross",
          "crossed fingers",
          "finger",
          "good luck",
          "hand",
          "light skin tone",
          "luck"
        ]
      },
      "🤞🏼": {
        "default": [
          "cross",
          "crossed fingers",
          "finger",
          "good luck",
          "hand",
          "luck",
          "medium-light skin tone"
        ]
      },
      "🤞🏽": {
        "default": [
          "cross",
          "crossed fingers",
          "finger",
          "good luck",
          "hand",
          "luck",
          "medium skin tone"
        ]
      },
      "🤞🏾": {
        "default": [
          "cross",
          "crossed fingers",
          "finger",
          "good luck",
          "hand",
          "luck",
          "medium-dark skin tone"
        ]
      },
      "🤞🏿": {
        "default": [
          "cross",
          "crossed fingers",
          "dark skin tone",
          "finger",
          "good luck",
          "hand",
          "luck"
        ]
      },
      "🤟🏻": {
        "default": [
          "hand",
          "ILY",
          "light skin tone",
          "love you gesture",
          "love-you gesture"
        ]
      },
      "🤟🏼": {
        "default": [
          "hand",
          "ILY",
          "love you gesture",
          "love-you gesture",
          "medium-light skin tone"
        ]
      },
      "🤟🏽": {
        "default": [
          "hand",
          "ILY",
          "love you gesture",
          "love-you gesture",
          "medium skin tone"
        ]
      },
      "🤟🏾": {
        "default": [
          "hand",
          "ILY",
          "love you gesture",
          "love-you gesture",
          "medium-dark skin tone"
        ]
      },
      "🤟🏿": {
        "default": [
          "dark skin tone",
          "hand",
          "ILY",
          "love you gesture",
          "love-you gesture"
        ]
      },
      "🤘🏻": {
        "default": [
          "finger",
          "hand",
          "horns",
          "light skin tone",
          "rock on",
          "sign of the horns"
        ]
      },
      "🤘🏼": {
        "default": [
          "finger",
          "hand",
          "horns",
          "medium-light skin tone",
          "rock on",
          "sign of the horns"
        ]
      },
      "🤘🏽": {
        "default": [
          "finger",
          "hand",
          "horns",
          "medium skin tone",
          "rock on",
          "sign of the horns"
        ]
      },
      "🤘🏾": {
        "default": [
          "finger",
          "hand",
          "horns",
          "medium-dark skin tone",
          "rock on",
          "sign of the horns"
        ]
      },
      "🤘🏿": {
        "default": [
          "dark skin tone",
          "finger",
          "hand",
          "horns",
          "rock on",
          "sign of the horns"
        ]
      },
      "🤙🏻": {
        "default": [
          "call",
          "call me hand",
          "call-me hand",
          "hand",
          "hang loose",
          "light skin tone",
          "Shaka"
        ],
        "tts": [
          "call-me hand: light skin tone"
        ]
      },
      "🤙🏼": {
        "default": [
          "call",
          "call me hand",
          "call-me hand",
          "hand",
          "hang loose",
          "medium-light skin tone",
          "Shaka"
        ],
        "tts": [
          "call-me hand: medium-light skin tone"
        ]
      },
      "🤙🏽": {
        "default": [
          "call",
          "call me hand",
          "call-me hand",
          "hand",
          "hang loose",
          "medium skin tone",
          "Shaka"
        ],
        "tts": [
          "call-me hand: medium skin tone"
        ]
      },
      "🤙🏾": {
        "default": [
          "call",
          "call me hand",
          "call-me hand",
          "hand",
          "hang loose",
          "medium-dark skin tone",
          "Shaka"
        ],
        "tts": [
          "call-me hand: medium-dark skin tone"
        ]
      },
      "🤙🏿": {
        "default": [
          "call",
          "call me hand",
          "call-me hand",
          "dark skin tone",
          "hand",
          "hang loose",
          "Shaka"
        ],
        "tts": [
          "call-me hand: dark skin tone"
        ]
      },
      "🤛🏻": {
        "default": [
          "fist",
          "left-facing fist",
          "leftward",
          "light skin tone"
        ]
      },
      "🤛🏼": {
        "default": [
          "fist",
          "left-facing fist",
          "leftward",
          "medium-light skin tone"
        ]
      },
      "🤛🏽": {
        "default": [
          "fist",
          "left-facing fist",
          "leftward",
          "medium skin tone"
        ]
      },
      "🤛🏾": {
        "default": [
          "fist",
          "left-facing fist",
          "leftward",
          "medium-dark skin tone"
        ]
      },
      "🤛🏿": {
        "default": [
          "dark skin tone",
          "fist",
          "left-facing fist",
          "leftward"
        ]
      },
      "🤜🏻": {
        "default": [
          "fist",
          "light skin tone",
          "right-facing fist",
          "rightward"
        ]
      },
      "🤜🏼": {
        "default": [
          "fist",
          "medium-light skin tone",
          "right-facing fist",
          "rightward"
        ]
      },
      "🤜🏽": {
        "default": [
          "fist",
          "medium skin tone",
          "right-facing fist",
          "rightward"
        ]
      },
      "🤜🏾": {
        "default": [
          "fist",
          "medium-dark skin tone",
          "right-facing fist",
          "rightward"
        ]
      },
      "🤜🏿": {
        "default": [
          "dark skin tone",
          "fist",
          "right-facing fist",
          "rightward"
        ]
      },
      "🙏🏻": {
        "default": [
          "ask",
          "folded hands",
          "hand",
          "high five",
          "light skin tone",
          "please",
          "pray",
          "thanks"
        ]
      },
      "🙏🏼": {
        "default": [
          "ask",
          "folded hands",
          "hand",
          "high five",
          "medium-light skin tone",
          "please",
          "pray",
          "thanks"
        ]
      },
      "🙏🏽": {
        "default": [
          "ask",
          "folded hands",
          "hand",
          "high five",
          "medium skin tone",
          "please",
          "pray",
          "thanks"
        ]
      },
      "🙏🏾": {
        "default": [
          "ask",
          "folded hands",
          "hand",
          "high five",
          "medium-dark skin tone",
          "please",
          "pray",
          "thanks"
        ]
      },
      "🙏🏿": {
        "default": [
          "ask",
          "dark skin tone",
          "folded hands",
          "hand",
          "high five",
          "please",
          "pray",
          "thanks"
        ]
      },
      "💪🏻": {
        "default": [
          "biceps",
          "comic",
          "flex",
          "flexed bicep",
          "light skin tone",
          "muscle"
        ],
        "tts": [
          "flexed bicep: light skin tone"
        ]
      },
      "💪🏼": {
        "default": [
          "biceps",
          "comic",
          "flex",
          "flexed bicep",
          "medium-light skin tone",
          "muscle"
        ],
        "tts": [
          "flexed bicep: medium-light skin tone"
        ]
      },
      "💪🏽": {
        "default": [
          "biceps",
          "comic",
          "flex",
          "flexed bicep",
          "medium skin tone",
          "muscle"
        ],
        "tts": [
          "flexed bicep: medium skin tone"
        ]
      },
      "💪🏾": {
        "default": [
          "biceps",
          "comic",
          "flex",
          "flexed bicep",
          "medium-dark skin tone",
          "muscle"
        ],
        "tts": [
          "flexed bicep: medium-dark skin tone"
        ]
      },
      "💪🏿": {
        "default": [
          "biceps",
          "comic",
          "dark skin tone",
          "flex",
          "flexed bicep",
          "muscle"
        ],
        "tts": [
          "flexed bicep: dark skin tone"
        ]
      },
      "🦻🏻": {
        "default": [
          "accessibility",
          "ear with hearing aid",
          "hard of hearing",
          "hearing impaired",
          "light skin tone"
        ]
      },
      "🦻🏼": {
        "default": [
          "accessibility",
          "ear with hearing aid",
          "hard of hearing",
          "hearing impaired",
          "medium-light skin tone"
        ]
      },
      "🦻🏽": {
        "default": [
          "accessibility",
          "ear with hearing aid",
          "hard of hearing",
          "hearing impaired",
          "medium skin tone"
        ]
      },
      "🦻🏾": {
        "default": [
          "accessibility",
          "ear with hearing aid",
          "hard of hearing",
          "hearing impaired",
          "medium-dark skin tone"
        ]
      },
      "🦻🏿": {
        "default": [
          "accessibility",
          "dark skin tone",
          "ear with hearing aid",
          "hard of hearing",
          "hearing impaired"
        ]
      },
      "👧🏻": {
        "default": [
          "girl",
          "light skin tone",
          "young"
        ]
      },
      "👧🏼": {
        "default": [
          "girl",
          "medium-light skin tone",
          "young"
        ]
      },
      "👧🏽": {
        "default": [
          "girl",
          "medium skin tone",
          "young"
        ]
      },
      "👧🏾": {
        "default": [
          "girl",
          "medium-dark skin tone",
          "young"
        ]
      },
      "👧🏿": {
        "default": [
          "dark skin tone",
          "girl",
          "young"
        ]
      },
      "🙎🏻": {
        "default": [
          "facial expression",
          "gesture",
          "light skin tone",
          "person pouting",
          "pouting"
        ]
      },
      "🙎🏼": {
        "default": [
          "facial expression",
          "gesture",
          "medium-light skin tone",
          "person pouting",
          "pouting"
        ]
      },
      "🙎🏽": {
        "default": [
          "facial expression",
          "gesture",
          "medium skin tone",
          "person pouting",
          "pouting"
        ]
      },
      "🙎🏾": {
        "default": [
          "facial expression",
          "gesture",
          "medium-dark skin tone",
          "person pouting",
          "pouting"
        ]
      },
      "🙎🏿": {
        "default": [
          "dark skin tone",
          "facial expression",
          "gesture",
          "person pouting",
          "pouting"
        ]
      },
      "🧏🏻": {
        "default": [
          "accessibility",
          "deaf",
          "deaf person",
          "ear",
          "hard of hearing",
          "hear",
          "hearing impaired",
          "light skin tone"
        ]
      },
      "🧏🏼": {
        "default": [
          "accessibility",
          "deaf",
          "deaf person",
          "ear",
          "hard of hearing",
          "hear",
          "hearing impaired",
          "medium-light skin tone"
        ]
      },
      "🧏🏽": {
        "default": [
          "accessibility",
          "deaf",
          "deaf person",
          "ear",
          "hard of hearing",
          "hear",
          "hearing impaired",
          "medium skin tone"
        ]
      },
      "🧏🏾": {
        "default": [
          "accessibility",
          "deaf",
          "deaf person",
          "ear",
          "hard of hearing",
          "hear",
          "hearing impaired",
          "medium-dark skin tone"
        ]
      },
      "🧏🏿": {
        "default": [
          "accessibility",
          "dark skin tone",
          "deaf",
          "deaf person",
          "ear",
          "hard of hearing",
          "hear",
          "hearing impaired"
        ]
      },
      "🙇🏻‍♂": {
        "default": [
          "apology",
          "bowing",
          "favor",
          "favour",
          "gesture",
          "light skin tone",
          "man",
          "sorry"
        ]
      },
      "🙇🏼‍♂": {
        "default": [
          "apology",
          "bowing",
          "favor",
          "favour",
          "gesture",
          "man",
          "medium-light skin tone",
          "sorry"
        ]
      },
      "🙇🏽‍♂": {
        "default": [
          "apology",
          "bowing",
          "favor",
          "favour",
          "gesture",
          "man",
          "medium skin tone",
          "sorry"
        ]
      },
      "🙇🏾‍♂": {
        "default": [
          "apology",
          "bowing",
          "favor",
          "favour",
          "gesture",
          "man",
          "medium-dark skin tone",
          "sorry"
        ]
      },
      "🙇🏿‍♂": {
        "default": [
          "apology",
          "bowing",
          "dark skin tone",
          "favor",
          "favour",
          "gesture",
          "man",
          "sorry"
        ]
      },
      "🙇🏻‍♀": {
        "default": [
          "apology",
          "bowing",
          "favor",
          "favour",
          "gesture",
          "light skin tone",
          "sorry",
          "woman"
        ]
      },
      "🙇🏼‍♀": {
        "default": [
          "apology",
          "bowing",
          "favor",
          "favour",
          "gesture",
          "medium-light skin tone",
          "sorry",
          "woman"
        ]
      },
      "🙇🏽‍♀": {
        "default": [
          "apology",
          "bowing",
          "favor",
          "favour",
          "gesture",
          "medium skin tone",
          "sorry",
          "woman"
        ]
      },
      "🙇🏾‍♀": {
        "default": [
          "apology",
          "bowing",
          "favor",
          "favour",
          "gesture",
          "medium-dark skin tone",
          "sorry",
          "woman"
        ]
      },
      "🙇🏿‍♀": {
        "default": [
          "apology",
          "bowing",
          "dark skin tone",
          "favor",
          "favour",
          "gesture",
          "sorry",
          "woman"
        ]
      },
      "🧑🏻‍⚕": {
        "default": [
          "doctor",
          "health care",
          "health worker",
          "healthcare",
          "light skin tone",
          "nurse",
          "therapist"
        ]
      },
      "🧑🏼‍⚕": {
        "default": [
          "doctor",
          "health care",
          "health worker",
          "healthcare",
          "medium-light skin tone",
          "nurse",
          "therapist"
        ]
      },
      "🧑🏽‍⚕": {
        "default": [
          "doctor",
          "health care",
          "health worker",
          "healthcare",
          "medium skin tone",
          "nurse",
          "therapist"
        ]
      },
      "🧑🏾‍⚕": {
        "default": [
          "doctor",
          "health care",
          "health worker",
          "healthcare",
          "medium-dark skin tone",
          "nurse",
          "therapist"
        ]
      },
      "🧑🏿‍⚕": {
        "default": [
          "dark skin tone",
          "doctor",
          "health care",
          "health worker",
          "healthcare",
          "nurse",
          "therapist"
        ]
      },
      "👨🏻‍⚕": {
        "default": [
          "doctor",
          "health care",
          "light skin tone",
          "man",
          "man health worker",
          "nurse",
          "therapist"
        ]
      },
      "👨🏼‍⚕": {
        "default": [
          "doctor",
          "health care",
          "man",
          "man health worker",
          "medium-light skin tone",
          "nurse",
          "therapist"
        ]
      },
      "👨🏽‍⚕": {
        "default": [
          "doctor",
          "health care",
          "man",
          "man health worker",
          "medium skin tone",
          "nurse",
          "therapist"
        ]
      },
      "👨🏾‍⚕": {
        "default": [
          "doctor",
          "health care",
          "man",
          "man health worker",
          "medium-dark skin tone",
          "nurse",
          "therapist"
        ]
      },
      "👨🏿‍⚕": {
        "default": [
          "dark skin tone",
          "doctor",
          "health care",
          "man",
          "man health worker",
          "nurse",
          "therapist"
        ]
      },
      "👩🏻‍⚕": {
        "default": [
          "doctor",
          "health care",
          "light skin tone",
          "nurse",
          "therapist",
          "woman",
          "woman health worker"
        ]
      },
      "👩🏼‍⚕": {
        "default": [
          "doctor",
          "health care",
          "medium-light skin tone",
          "nurse",
          "therapist",
          "woman",
          "woman health worker"
        ]
      },
      "👩🏽‍⚕": {
        "default": [
          "doctor",
          "health care",
          "medium skin tone",
          "nurse",
          "therapist",
          "woman",
          "woman health worker"
        ]
      },
      "👩🏾‍⚕": {
        "default": [
          "doctor",
          "health care",
          "medium-dark skin tone",
          "nurse",
          "therapist",
          "woman",
          "woman health worker"
        ]
      },
      "👩🏿‍⚕": {
        "default": [
          "dark skin tone",
          "doctor",
          "health care",
          "nurse",
          "therapist",
          "woman",
          "woman health worker"
        ]
      },
      "🧑🏻‍🚒": {
        "default": [
          "engine",
          "fire",
          "firefighter",
          "firetruck",
          "light skin tone",
          "truck"
        ]
      },
      "🧑🏼‍🚒": {
        "default": [
          "engine",
          "fire",
          "firefighter",
          "firetruck",
          "medium-light skin tone",
          "truck"
        ]
      },
      "🧑🏽‍🚒": {
        "default": [
          "engine",
          "fire",
          "firefighter",
          "firetruck",
          "medium skin tone",
          "truck"
        ]
      },
      "🧑🏾‍🚒": {
        "default": [
          "engine",
          "fire",
          "firefighter",
          "firetruck",
          "medium-dark skin tone",
          "truck"
        ]
      },
      "🧑🏿‍🚒": {
        "default": [
          "dark skin tone",
          "engine",
          "fire",
          "firefighter",
          "firetruck",
          "truck"
        ]
      },
      "👨🏻‍🚒": {
        "default": [
          "fire truck",
          "firefighter",
          "fireman",
          "light skin tone",
          "man"
        ]
      },
      "👨🏼‍🚒": {
        "default": [
          "fire truck",
          "firefighter",
          "fireman",
          "man",
          "medium-light skin tone"
        ]
      },
      "👨🏽‍🚒": {
        "default": [
          "fire truck",
          "firefighter",
          "fireman",
          "man",
          "medium skin tone"
        ]
      },
      "👨🏾‍🚒": {
        "default": [
          "fire truck",
          "firefighter",
          "fireman",
          "man",
          "medium-dark skin tone"
        ]
      },
      "👨🏿‍🚒": {
        "default": [
          "dark skin tone",
          "fire truck",
          "firefighter",
          "fireman",
          "man"
        ]
      },
      "👩🏻‍🚒": {
        "default": [
          "engine",
          "fire",
          "firefighter",
          "firetruck",
          "firewoman",
          "light skin tone",
          "truck",
          "woman"
        ]
      },
      "👩🏼‍🚒": {
        "default": [
          "engine",
          "fire",
          "firefighter",
          "firetruck",
          "firewoman",
          "medium-light skin tone",
          "truck",
          "woman"
        ]
      },
      "👩🏽‍🚒": {
        "default": [
          "engine",
          "fire",
          "firefighter",
          "firetruck",
          "firewoman",
          "medium skin tone",
          "truck",
          "woman"
        ]
      },
      "👩🏾‍🚒": {
        "default": [
          "engine",
          "fire",
          "firefighter",
          "firetruck",
          "firewoman",
          "medium-dark skin tone",
          "truck",
          "woman"
        ]
      },
      "👩🏿‍🚒": {
        "default": [
          "dark skin tone",
          "engine",
          "fire",
          "firefighter",
          "firetruck",
          "firewoman",
          "truck",
          "woman"
        ]
      },
      "🕵🏻": {
        "default": [
          "detective",
          "light skin tone",
          "private eye",
          "sleuth",
          "spy"
        ]
      },
      "🕵🏼": {
        "default": [
          "detective",
          "medium-light skin tone",
          "private eye",
          "sleuth",
          "spy"
        ]
      },
      "🕵🏽": {
        "default": [
          "detective",
          "medium skin tone",
          "private eye",
          "sleuth",
          "spy"
        ]
      },
      "🕵🏾": {
        "default": [
          "detective",
          "medium-dark skin tone",
          "private eye",
          "sleuth",
          "spy"
        ]
      },
      "🕵🏿": {
        "default": [
          "dark skin tone",
          "detective",
          "private eye",
          "sleuth",
          "spy"
        ]
      },
      "🫅🏻": {
        "default": [
          "king",
          "light skin tone",
          "monarch",
          "noble",
          "person with crown",
          "queen",
          "regal",
          "royalty"
        ]
      },
      "🫅🏼": {
        "default": [
          "king",
          "medium-light skin tone",
          "monarch",
          "noble",
          "person with crown",
          "queen",
          "regal",
          "royalty"
        ]
      },
      "🫅🏽": {
        "default": [
          "king",
          "medium skin tone",
          "monarch",
          "noble",
          "person with crown",
          "queen",
          "regal",
          "royalty"
        ]
      },
      "🫅🏾": {
        "default": [
          "king",
          "medium-dark skin tone",
          "monarch",
          "noble",
          "person with crown",
          "queen",
          "regal",
          "royalty"
        ]
      },
      "🫅🏿": {
        "default": [
          "dark skin tone",
          "king",
          "monarch",
          "noble",
          "person with crown",
          "queen",
          "regal",
          "royalty"
        ]
      },
      "🤴🏻": {
        "default": [
          "fairy tale",
          "fantasy",
          "light skin tone",
          "prince"
        ]
      },
      "🤴🏼": {
        "default": [
          "fairy tale",
          "fantasy",
          "medium-light skin tone",
          "prince"
        ]
      },
      "🤴🏽": {
        "default": [
          "fairy tale",
          "fantasy",
          "medium skin tone",
          "prince"
        ]
      },
      "🤴🏾": {
        "default": [
          "fairy tale",
          "fantasy",
          "medium-dark skin tone",
          "prince"
        ]
      },
      "🤴🏿": {
        "default": [
          "dark skin tone",
          "fairy tale",
          "fantasy",
          "prince"
        ]
      },
      "🎅🏻": {
        "default": [
          "celebration",
          "Christmas",
          "Claus",
          "Father",
          "light skin tone",
          "Santa"
        ]
      },
      "🎅🏼": {
        "default": [
          "celebration",
          "Christmas",
          "Claus",
          "Father",
          "medium-light skin tone",
          "Santa"
        ]
      },
      "🎅🏽": {
        "default": [
          "celebration",
          "Christmas",
          "Claus",
          "Father",
          "medium skin tone",
          "Santa"
        ]
      },
      "🎅🏾": {
        "default": [
          "celebration",
          "Christmas",
          "Claus",
          "Father",
          "medium-dark skin tone",
          "Santa"
        ]
      },
      "🎅🏿": {
        "default": [
          "celebration",
          "Christmas",
          "Claus",
          "dark skin tone",
          "Father",
          "Santa"
        ]
      },
      "🤶🏻": {
        "default": [
          "celebration",
          "Christmas",
          "Claus",
          "light skin tone",
          "Mother",
          "Mrs."
        ]
      },
      "🤶🏼": {
        "default": [
          "celebration",
          "Christmas",
          "Claus",
          "medium-light skin tone",
          "Mother",
          "Mrs."
        ]
      },
      "🤶🏽": {
        "default": [
          "celebration",
          "Christmas",
          "Claus",
          "medium skin tone",
          "Mother",
          "Mrs."
        ]
      },
      "🤶🏾": {
        "default": [
          "celebration",
          "Christmas",
          "Claus",
          "medium-dark skin tone",
          "Mother",
          "Mrs."
        ]
      },
      "🤶🏿": {
        "default": [
          "celebration",
          "Christmas",
          "Claus",
          "dark skin tone",
          "Mother",
          "Mrs."
        ]
      },
      "🧑🏻‍🎄": {
        "default": [
          "Christmas",
          "Claus",
          "light skin tone",
          "Mx. Claus"
        ],
        "tts": [
          "Mx. Claus: light skin tone"
        ]
      },
      "🧑🏼‍🎄": {
        "default": [
          "Christmas",
          "Claus",
          "medium-light skin tone",
          "Mx. Claus"
        ],
        "tts": [
          "Mx. Claus: medium-light skin tone"
        ]
      },
      "🧑🏽‍🎄": {
        "default": [
          "Christmas",
          "Claus",
          "medium skin tone",
          "Mx. Claus"
        ],
        "tts": [
          "Mx. Claus: medium skin tone"
        ]
      },
      "🧑🏾‍🎄": {
        "default": [
          "Christmas",
          "Claus",
          "medium-dark skin tone",
          "Mx. Claus"
        ],
        "tts": [
          "Mx. Claus: medium-dark skin tone"
        ]
      },
      "🧑🏿‍🎄": {
        "default": [
          "Christmas",
          "Claus",
          "dark skin tone",
          "Mx. Claus"
        ],
        "tts": [
          "Mx. Claus: dark skin tone"
        ]
      },
      "💇🏻": {
        "default": [
          "barber",
          "beauty",
          "haircut",
          "light skin tone",
          "parlor",
          "parlour",
          "person getting haircut",
          "salon"
        ]
      },
      "💇🏼": {
        "default": [
          "barber",
          "beauty",
          "haircut",
          "medium-light skin tone",
          "parlor",
          "parlour",
          "person getting haircut",
          "salon"
        ]
      },
      "💇🏽": {
        "default": [
          "barber",
          "beauty",
          "haircut",
          "medium skin tone",
          "parlor",
          "parlour",
          "person getting haircut",
          "salon"
        ]
      },
      "💇🏾": {
        "default": [
          "barber",
          "beauty",
          "haircut",
          "medium-dark skin tone",
          "parlor",
          "parlour",
          "person getting haircut",
          "salon"
        ]
      },
      "💇🏿": {
        "default": [
          "barber",
          "beauty",
          "dark skin tone",
          "haircut",
          "parlor",
          "parlour",
          "person getting haircut",
          "salon"
        ]
      },
      "🏋🏻": {
        "default": [
          "lifter",
          "light skin tone",
          "person lifting weights",
          "weight",
          "weightlifter"
        ]
      },
      "🏋🏼": {
        "default": [
          "lifter",
          "medium-light skin tone",
          "person lifting weights",
          "weight",
          "weightlifter"
        ]
      },
      "🏋🏽": {
        "default": [
          "lifter",
          "medium skin tone",
          "person lifting weights",
          "weight",
          "weightlifter"
        ]
      },
      "🏋🏾": {
        "default": [
          "lifter",
          "medium-dark skin tone",
          "person lifting weights",
          "weight",
          "weightlifter"
        ]
      },
      "🏋🏿": {
        "default": [
          "dark skin tone",
          "lifter",
          "person lifting weights",
          "weight",
          "weightlifter"
        ]
      },
      "🤹🏻": {
        "default": [
          "balance",
          "juggle",
          "light skin tone",
          "multi-task",
          "multitask",
          "person juggling",
          "skill"
        ]
      },
      "🤹🏼": {
        "default": [
          "balance",
          "juggle",
          "medium-light skin tone",
          "multi-task",
          "multitask",
          "person juggling",
          "skill"
        ]
      },
      "🤹🏽": {
        "default": [
          "balance",
          "juggle",
          "medium skin tone",
          "multi-task",
          "multitask",
          "person juggling",
          "skill"
        ]
      },
      "🤹🏾": {
        "default": [
          "balance",
          "juggle",
          "medium-dark skin tone",
          "multi-task",
          "multitask",
          "person juggling",
          "skill"
        ]
      },
      "🤹🏿": {
        "default": [
          "balance",
          "dark skin tone",
          "juggle",
          "multi-task",
          "multitask",
          "person juggling",
          "skill"
        ]
      },
      "🤹🏻‍♂": {
        "default": [
          "juggling",
          "light skin tone",
          "man",
          "multi-task",
          "multitask"
        ]
      },
      "🤹🏼‍♂": {
        "default": [
          "juggling",
          "man",
          "medium-light skin tone",
          "multi-task",
          "multitask"
        ]
      },
      "🤹🏽‍♂": {
        "default": [
          "juggling",
          "man",
          "medium skin tone",
          "multi-task",
          "multitask"
        ]
      },
      "🤹🏾‍♂": {
        "default": [
          "juggling",
          "man",
          "medium-dark skin tone",
          "multi-task",
          "multitask"
        ]
      },
      "🤹🏿‍♂": {
        "default": [
          "dark skin tone",
          "juggling",
          "man",
          "multi-task",
          "multitask"
        ]
      },
      "🤹🏻‍♀": {
        "default": [
          "juggling",
          "light skin tone",
          "multi-task",
          "multitask",
          "woman"
        ]
      },
      "🤹🏼‍♀": {
        "default": [
          "juggling",
          "medium-light skin tone",
          "multi-task",
          "multitask",
          "woman"
        ]
      },
      "🤹🏽‍♀": {
        "default": [
          "juggling",
          "medium skin tone",
          "multi-task",
          "multitask",
          "woman"
        ]
      },
      "🤹🏾‍♀": {
        "default": [
          "juggling",
          "medium-dark skin tone",
          "multi-task",
          "multitask",
          "woman"
        ]
      },
      "🤹🏿‍♀": {
        "default": [
          "dark skin tone",
          "juggling",
          "multi-task",
          "multitask",
          "woman"
        ]
      },
      "👬🏻": {
        "default": [
          "couple",
          "Gemini",
          "holding hands",
          "light skin tone",
          "men holding hands",
          "twins",
          "zodiac"
        ]
      },
      "👨🏻‍🤝‍👨🏼": {
        "default": [
          "couple",
          "Gemini",
          "holding hands",
          "light skin tone",
          "medium-light skin tone",
          "men holding hands",
          "twins",
          "zodiac"
        ]
      },
      "👨🏻‍🤝‍👨🏽": {
        "default": [
          "couple",
          "Gemini",
          "holding hands",
          "light skin tone",
          "medium skin tone",
          "men holding hands",
          "twins",
          "zodiac"
        ]
      },
      "👨🏻‍🤝‍👨🏾": {
        "default": [
          "couple",
          "Gemini",
          "holding hands",
          "light skin tone",
          "medium-dark skin tone",
          "men holding hands",
          "twins",
          "zodiac"
        ]
      },
      "👨🏻‍🤝‍👨🏿": {
        "default": [
          "couple",
          "dark skin tone",
          "Gemini",
          "holding hands",
          "light skin tone",
          "men holding hands",
          "twins",
          "zodiac"
        ]
      },
      "👨🏼‍🤝‍👨🏻": {
        "default": [
          "couple",
          "Gemini",
          "holding hands",
          "light skin tone",
          "medium-light skin tone",
          "men holding hands",
          "twins",
          "zodiac"
        ]
      },
      "👬🏼": {
        "default": [
          "couple",
          "Gemini",
          "holding hands",
          "medium-light skin tone",
          "men holding hands",
          "twins",
          "zodiac"
        ]
      },
      "👨🏼‍🤝‍👨🏽": {
        "default": [
          "couple",
          "Gemini",
          "holding hands",
          "medium skin tone",
          "medium-light skin tone",
          "men holding hands",
          "twins",
          "zodiac"
        ]
      },
      "👨🏼‍🤝‍👨🏾": {
        "default": [
          "couple",
          "Gemini",
          "holding hands",
          "medium-dark skin tone",
          "medium-light skin tone",
          "men holding hands",
          "twins",
          "zodiac"
        ]
      },
      "👨🏼‍🤝‍👨🏿": {
        "default": [
          "couple",
          "dark skin tone",
          "Gemini",
          "holding hands",
          "medium-light skin tone",
          "men holding hands",
          "twins",
          "zodiac"
        ]
      },
      "👨🏽‍🤝‍👨🏻": {
        "default": [
          "couple",
          "Gemini",
          "holding hands",
          "light skin tone",
          "medium skin tone",
          "men holding hands",
          "twins",
          "zodiac"
        ]
      },
      "👨🏽‍🤝‍👨🏼": {
        "default": [
          "couple",
          "Gemini",
          "holding hands",
          "medium skin tone",
          "medium-light skin tone",
          "men holding hands",
          "twins",
          "zodiac"
        ]
      },
      "👬🏽": {
        "default": [
          "couple",
          "Gemini",
          "holding hands",
          "medium skin tone",
          "men holding hands",
          "twins",
          "zodiac"
        ]
      },
      "👨🏽‍🤝‍👨🏾": {
        "default": [
          "couple",
          "Gemini",
          "holding hands",
          "medium skin tone",
          "medium-dark skin tone",
          "men holding hands",
          "twins",
          "zodiac"
        ]
      },
      "👨🏽‍🤝‍👨🏿": {
        "default": [
          "couple",
          "dark skin tone",
          "Gemini",
          "holding hands",
          "medium skin tone",
          "men holding hands",
          "twins",
          "zodiac"
        ]
      },
      "👨🏾‍🤝‍👨🏻": {
        "default": [
          "couple",
          "Gemini",
          "holding hands",
          "light skin tone",
          "medium-dark skin tone",
          "men holding hands",
          "twins",
          "zodiac"
        ]
      },
      "👨🏾‍🤝‍👨🏼": {
        "default": [
          "couple",
          "Gemini",
          "holding hands",
          "medium-dark skin tone",
          "medium-light skin tone",
          "men holding hands",
          "twins",
          "zodiac"
        ]
      },
      "👨🏾‍🤝‍👨🏽": {
        "default": [
          "couple",
          "Gemini",
          "holding hands",
          "medium skin tone",
          "medium-dark skin tone",
          "men holding hands",
          "twins",
          "zodiac"
        ]
      },
      "👬🏾": {
        "default": [
          "couple",
          "Gemini",
          "holding hands",
          "medium-dark skin tone",
          "men holding hands",
          "twins",
          "zodiac"
        ]
      },
      "👨🏾‍🤝‍👨🏿": {
        "default": [
          "couple",
          "dark skin tone",
          "Gemini",
          "holding hands",
          "medium-dark skin tone",
          "men holding hands",
          "twins",
          "zodiac"
        ]
      },
      "👨🏿‍🤝‍👨🏻": {
        "default": [
          "couple",
          "dark skin tone",
          "Gemini",
          "holding hands",
          "light skin tone",
          "men holding hands",
          "twins",
          "zodiac"
        ]
      },
      "👨🏿‍🤝‍👨🏼": {
        "default": [
          "couple",
          "dark skin tone",
          "Gemini",
          "holding hands",
          "medium-light skin tone",
          "men holding hands",
          "twins",
          "zodiac"
        ]
      },
      "👨🏿‍🤝‍👨🏽": {
        "default": [
          "couple",
          "dark skin tone",
          "Gemini",
          "holding hands",
          "medium skin tone",
          "men holding hands",
          "twins",
          "zodiac"
        ]
      },
      "👨🏿‍🤝‍👨🏾": {
        "default": [
          "couple",
          "dark skin tone",
          "Gemini",
          "holding hands",
          "medium-dark skin tone",
          "men holding hands",
          "twins",
          "zodiac"
        ]
      },
      "👬🏿": {
        "default": [
          "couple",
          "dark skin tone",
          "Gemini",
          "holding hands",
          "men holding hands",
          "twins",
          "zodiac"
        ]
      },
      "🇦🇬": {
        "tts": [
          "flag: Antigua and Barbuda"
        ]
      },
      "🇧🇦": {
        "tts": [
          "flag: Bosnia and Herzegovina"
        ]
      },
      "🇧🇱": {
        "tts": [
          "flag: Saint-Barthélemy"
        ]
      },
      "🇪🇦": {
        "tts": [
          "flag: Ceuta and Melilla"
        ]
      },
      "🇬🇸": {
        "tts": [
          "flag: South Georgia and South Sandwich Islands"
        ]
      },
      "🇭🇲": {
        "tts": [
          "flag: Heard and McDonald Islands"
        ]
      },
      "🇰🇳": {
        "tts": [
          "flag: Saint Kitts and Nevis"
        ]
      },
      "🇱🇨": {
        "tts": [
          "flag: Saint Lucia"
        ]
      },
      "🇲🇫": {
        "tts": [
          "flag: Saint Martin"
        ]
      },
      "🇵🇲": {
        "tts": [
          "flag: Saint-Pierre-et-Miquelon"
        ]
      },
      "🇵🇸": {
        "tts": [
          "flag: Palestinian territories"
        ]
      },
      "🇸🇭": {
        "tts": [
          "flag: Saint Helena"
        ]
      },
      "🇸🇯": {
        "tts": [
          "flag: Svalbard and Jan Mayen"
        ]
      },
      "🇸🇹": {
        "tts": [
          "flag: São Tomé and Príncipe"
        ]
      },
      "🇹🇨": {
        "tts": [
          "flag: Turks and Caicos Islands"
        ]
      },
      "🇹🇹": {
        "tts": [
          "flag: Trinidad and Tobago"
        ]
      },
      "🇺🇲": {
        "tts": [
          "flag: US Outlying Islands"
        ]
      },
      "🇻🇨": {
        "tts": [
          "flag: Saint Vincent and the Grenadines"
        ]
      },
      "🇻🇮": {
        "tts": [
          "flag: US Virgin Islands"
        ]
      },
      "🇼🇫": {
        "tts": [
          "flag: Wallis and Futuna"
        ]
      },
      "¤": {
        "tts": [
          "unknown currency"
        ]
      }
    }
  }
}
