{
  "annotationsDerived": {
    "identity": {
      "language": "pap"
    },
    "annotations": {
      "🇦🇫": {
        "default": [
          "bandera"
        ],
        "tts": [
          "bandera: Afghanistan"
        ]
      },
      "🇦🇬": {
        "default": [
          "bandera"
        ],
        "tts": [
          "bandera: Antigua & Barbuda"
        ]
      },
      "🇦🇮": {
        "default": [
          "bandera"
        ],
        "tts": [
          "bandera: Anguilla"
        ]
      },
      "🇦🇱": {
        "default": [
          "bandera"
        ],
        "tts": [
          "bandera: Albania"
        ]
      },
      "🇦🇴": {
        "default": [
          "bandera"
        ],
        "tts": [
          "bandera: Angola"
        ]
      },
      "🇦🇷": {
        "default": [
          "bandera"
        ],
        "tts": [
          "bandera: Argentina"
        ]
      },
      "🇦🇹": {
        "default": [
          "bandera"
        ],
        "tts": [
          "bandera: Austria"
        ]
      },
      "🇦🇺": {
        "default": [
          "bandera"
        ],
        "tts": [
          "bandera: Australia"
        ]
      },
      "🇦🇼": {
        "default": [
          "bandera"
        ],
        "tts": [
          "bandera: Aruba"
        ]
      },
      "🇧🇦": {
        "default": [
          "bandera"
        ],
        "tts": [
          "bandera: Bosnia i Herzegowina"
        ]
      },
      "🇧🇧": {
        "default": [
          "bandera"
        ],
        "tts": [
          "bandera: Barbados"
        ]
      },
      "🇧🇪": {
        "default": [
          "bandera"
        ],
        "tts": [
          "bandera: Bèlgika"
        ]
      },
      "🇧🇬": {
        "default": [
          "bandera"
        ],
        "tts": [
          "bandera: Bulgaria"
        ]
      },
      "🇧🇱": {
        "default": [
          "bandera"
        ],
        "tts": [
          "bandera: Saint Bathélemy"
        ]
      },
      "🇧🇲": {
        "default": [
          "bandera"
        ],
        "tts": [
          "bandera: Bermuda"
        ]
      },
      "🇧🇴": {
        "default": [
          "bandera"
        ],
        "tts": [
          "bandera: Bolivia"
        ]
      },
      "🇧🇶": {
        "default": [
          "bandera"
        ],
        "tts": [
          "bandera: Antia Hulandes"
        ]
      },
      "🇧🇷": {
        "default": [
          "bandera"
        ],
        "tts": [
          "bandera: Brazil"
        ]
      },
      "🇧🇸": {
        "default": [
          "bandera"
        ],
        "tts": [
          "bandera: Bahamas"
        ]
      },
      "🇧🇻": {
        "default": [
          "bandera"
        ],
        "tts": [
          "bandera: Isla Bouvet"
        ]
      },
      "🇧🇼": {
        "default": [
          "bandera"
        ],
        "tts": [
          "bandera: Botswana"
        ]
      },
      "🇧🇾": {
        "default": [
          "bandera"
        ],
        "tts": [
          "bandera: Belarus"
        ]
      },
      "🇧🇿": {
        "default": [
          "bandera"
        ],
        "tts": [
          "bandera: Belize"
        ]
      },
      "🇨🇦": {
        "default": [
          "bandera"
        ],
        "tts": [
          "bandera: Canada"
        ]
      },
      "🇨🇩": {
        "default": [
          "bandera"
        ],
        "tts": [
          "bandera: Congo - Kinshasa"
        ]
      },
      "🇨🇫": {
        "default": [
          "bandera"
        ],
        "tts": [
          "bandera: Repúblika Sentroafrikano"
        ]
      },
      "🇨🇬": {
        "default": [
          "bandera"
        ],
        "tts": [
          "bandera: Congo - Brazzaville"
        ]
      },
      "🇨🇭": {
        "default": [
          "bandera"
        ],
        "tts": [
          "bandera: Suisa"
        ]
      },
      "🇨🇮": {
        "default": [
          "bandera"
        ],
        "tts": [
          "bandera: Côte d’Ivoire"
        ]
      },
      "🇨🇱": {
        "default": [
          "bandera"
        ],
        "tts": [
          "bandera: Chile"
        ]
      },
      "🇨🇲": {
        "default": [
          "bandera"
        ],
        "tts": [
          "bandera: Camerun"
        ]
      },
      "🇨🇳": {
        "default": [
          "bandera"
        ],
        "tts": [
          "bandera: China"
        ]
      },
      "🇨🇴": {
        "default": [
          "bandera"
        ],
        "tts": [
          "bandera: Colombia"
        ]
      },
      "🇨🇷": {
        "default": [
          "bandera"
        ],
        "tts": [
          "bandera: Costa Rica"
        ]
      },
      "🇨🇺": {
        "default": [
          "bandera"
        ],
        "tts": [
          "bandera: Cuba"
        ]
      },
      "🇨🇻": {
        "default": [
          "bandera"
        ],
        "tts": [
          "bandera: Kabo Verde"
        ]
      },
      "🇨🇼": {
        "default": [
          "bandera"
        ],
        "tts": [
          "bandera: Kòrsou"
        ]
      },
      "🇨🇿": {
        "default": [
          "bandera"
        ],
        "tts": [
          "bandera: Cheko"
        ]
      },
      "🇩🇪": {
        "default": [
          "bandera"
        ],
        "tts": [
          "bandera: Alemania"
        ]
      },
      "🇩🇰": {
        "default": [
          "bandera"
        ],
        "tts": [
          "bandera: Dinamarka"
        ]
      },
      "🇩🇲": {
        "default": [
          "bandera"
        ],
        "tts": [
          "bandera: Dominica"
        ]
      },
      "🇩🇴": {
        "default": [
          "bandera"
        ],
        "tts": [
          "bandera: Repúblika Dominikano"
        ]
      },
      "🇩🇿": {
        "default": [
          "bandera"
        ],
        "tts": [
          "bandera: Algeria"
        ]
      },
      "🇪🇨": {
        "default": [
          "bandera"
        ],
        "tts": [
          "bandera: Ecuador"
        ]
      },
      "🇪🇪": {
        "default": [
          "bandera"
        ],
        "tts": [
          "bandera: Estonia"
        ]
      },
      "🇪🇬": {
        "default": [
          "bandera"
        ],
        "tts": [
          "bandera: Egipto"
        ]
      },
      "🇪🇭": {
        "default": [
          "bandera"
        ],
        "tts": [
          "bandera: Western Sahara"
        ]
      },
      "🇪🇷": {
        "default": [
          "bandera"
        ],
        "tts": [
          "bandera: Eritrea"
        ]
      },
      "🇪🇸": {
        "default": [
          "bandera"
        ],
        "tts": [
          "bandera: Spaña"
        ]
      },
      "🇪🇹": {
        "default": [
          "bandera"
        ],
        "tts": [
          "bandera: Etiopia"
        ]
      },
      "🇪🇺": {
        "default": [
          "bandera"
        ],
        "tts": [
          "bandera: Union Europeo"
        ]
      },
      "🇫🇮": {
        "default": [
          "bandera"
        ],
        "tts": [
          "bandera: Finlandia"
        ]
      },
      "🇫🇯": {
        "default": [
          "bandera"
        ],
        "tts": [
          "bandera: Fiji"
        ]
      },
      "🇫🇰": {
        "default": [
          "bandera"
        ],
        "tts": [
          "bandera: Islanan Falkland"
        ]
      },
      "🇫🇲": {
        "default": [
          "bandera"
        ],
        "tts": [
          "bandera: Micronesia"
        ]
      },
      "🇫🇷": {
        "default": [
          "bandera"
        ],
        "tts": [
          "bandera: Fransia"
        ]
      },
      "🇬🇧": {
        "default": [
          "bandera"
        ],
        "tts": [
          "bandera: Gran Bretaña"
        ]
      },
      "🇬🇩": {
        "default": [
          "bandera"
        ],
        "tts": [
          "bandera: Grenada"
        ]
      },
      "🇬🇫": {
        "default": [
          "bandera"
        ],
        "tts": [
          "bandera: Guyana Franses"
        ]
      },
      "🇬🇭": {
        "default": [
          "bandera"
        ],
        "tts": [
          "bandera: Ghana"
        ]
      },
      "🇬🇱": {
        "default": [
          "bandera"
        ],
        "tts": [
          "bandera: Grunlandia"
        ]
      },
      "🇬🇲": {
        "default": [
          "bandera"
        ],
        "tts": [
          "bandera: Gambia"
        ]
      },
      "🇬🇳": {
        "default": [
          "bandera"
        ],
        "tts": [
          "bandera: Guinea"
        ]
      },
      "🇬🇵": {
        "default": [
          "bandera"
        ],
        "tts": [
          "bandera: Guadeloupe"
        ]
      },
      "🇬🇶": {
        "default": [
          "bandera"
        ],
        "tts": [
          "bandera: Guinea Ekuatorial"
        ]
      },
      "🇬🇷": {
        "default": [
          "bandera"
        ],
        "tts": [
          "bandera: Gresia"
        ]
      },
      "🇬🇹": {
        "default": [
          "bandera"
        ],
        "tts": [
          "bandera: Guatemala"
        ]
      },
      "🇬🇺": {
        "default": [
          "bandera"
        ],
        "tts": [
          "bandera: Guam"
        ]
      },
      "🇬🇼": {
        "default": [
          "bandera"
        ],
        "tts": [
          "bandera: Guinea-Bissau"
        ]
      },
      "🇬🇾": {
        "default": [
          "bandera"
        ],
        "tts": [
          "bandera: Guyana"
        ]
      },
      "🇭🇰": {
        "default": [
          "bandera"
        ],
        "tts": [
          "bandera: Hong Kong"
        ]
      },
      "🇭🇳": {
        "default": [
          "bandera"
        ],
        "tts": [
          "bandera: Honduras"
        ]
      },
      "🇭🇷": {
        "default": [
          "bandera"
        ],
        "tts": [
          "bandera: Kroasia"
        ]
      },
      "🇭🇹": {
        "default": [
          "bandera"
        ],
        "tts": [
          "bandera: Haiti"
        ]
      },
      "🇭🇺": {
        "default": [
          "bandera"
        ],
        "tts": [
          "bandera: Hungria"
        ]
      },
      "🇮🇩": {
        "default": [
          "bandera"
        ],
        "tts": [
          "bandera: Indonesia"
        ]
      },
      "🇮🇪": {
        "default": [
          "bandera"
        ],
        "tts": [
          "bandera: Irlanda"
        ]
      },
      "🇮🇱": {
        "default": [
          "bandera"
        ],
        "tts": [
          "bandera: Israel"
        ]
      },
      "🇮🇳": {
        "default": [
          "bandera"
        ],
        "tts": [
          "bandera: India"
        ]
      },
      "🇮🇶": {
        "default": [
          "bandera"
        ],
        "tts": [
          "bandera: Irak"
        ]
      },
      "🇮🇷": {
        "default": [
          "bandera"
        ],
        "tts": [
          "bandera: Iran"
        ]
      },
      "🇮🇸": {
        "default": [
          "bandera"
        ],
        "tts": [
          "bandera: Islandia"
        ]
      },
      "🇮🇹": {
        "default": [
          "bandera"
        ],
        "tts": [
          "bandera: Italia"
        ]
      },
      "🇯🇲": {
        "default": [
          "bandera"
        ],
        "tts": [
          "bandera: Jamaica"
        ]
      },
      "🇯🇵": {
        "default": [
          "bandera"
        ],
        "tts": [
          "bandera: Hapon"
        ]
      },
      "🇰🇪": {
        "default": [
          "bandera"
        ],
        "tts": [
          "bandera: Kenya"
        ]
      },
      "🇰🇭": {
        "default": [
          "bandera"
        ],
        "tts": [
          "bandera: Cambodia"
        ]
      },
      "🇰🇲": {
        "default": [
          "bandera"
        ],
        "tts": [
          "bandera: Comóros"
        ]
      },
      "🇰🇳": {
        "default": [
          "bandera"
        ],
        "tts": [
          "bandera: St. Kitts i Nevis"
        ]
      },
      "🇰🇵": {
        "default": [
          "bandera"
        ],
        "tts": [
          "bandera: Nort Korea"
        ]
      },
      "🇰🇷": {
        "default": [
          "bandera"
        ],
        "tts": [
          "bandera: Surkorea"
        ]
      },
      "🇰🇾": {
        "default": [
          "bandera"
        ],
        "tts": [
          "bandera: Islanan Caiman"
        ]
      },
      "🇱🇨": {
        "default": [
          "bandera"
        ],
        "tts": [
          "bandera: Sint Lucia"
        ]
      },
      "🇱🇮": {
        "default": [
          "bandera"
        ],
        "tts": [
          "bandera: Liechtenstein"
        ]
      },
      "🇱🇰": {
        "default": [
          "bandera"
        ],
        "tts": [
          "bandera: Sri Lanka"
        ]
      },
      "🇱🇷": {
        "default": [
          "bandera"
        ],
        "tts": [
          "bandera: Liberia"
        ]
      },
      "🇱🇺": {
        "default": [
          "bandera"
        ],
        "tts": [
          "bandera: Luxemburg"
        ]
      },
      "🇲🇦": {
        "default": [
          "bandera"
        ],
        "tts": [
          "bandera: Morocco"
        ]
      },
      "🇲🇨": {
        "default": [
          "bandera"
        ],
        "tts": [
          "bandera: Monaco"
        ]
      },
      "🇲🇩": {
        "default": [
          "bandera"
        ],
        "tts": [
          "bandera: Moldavia"
        ]
      },
      "🇲🇪": {
        "default": [
          "bandera"
        ],
        "tts": [
          "bandera: Montenegro"
        ]
      },
      "🇲🇫": {
        "default": [
          "bandera"
        ],
        "tts": [
          "bandera: Saint Martin"
        ]
      },
      "🇲🇬": {
        "default": [
          "bandera"
        ],
        "tts": [
          "bandera: Madagascar"
        ]
      },
      "🇲🇱": {
        "default": [
          "bandera"
        ],
        "tts": [
          "bandera: Mali"
        ]
      },
      "🇲🇳": {
        "default": [
          "bandera"
        ],
        "tts": [
          "bandera: Mongolia"
        ]
      },
      "🇲🇴": {
        "default": [
          "bandera"
        ],
        "tts": [
          "bandera: Macao"
        ]
      },
      "🇲🇶": {
        "default": [
          "bandera"
        ],
        "tts": [
          "bandera: Martinique"
        ]
      },
      "🇲🇸": {
        "default": [
          "bandera"
        ],
        "tts": [
          "bandera: Montserrat"
        ]
      },
      "🇲🇹": {
        "default": [
          "bandera"
        ],
        "tts": [
          "bandera: Malta"
        ]
      },
      "🇲🇻": {
        "default": [
          "bandera"
        ],
        "tts": [
          "bandera: Maldives"
        ]
      },
      "🇲🇼": {
        "default": [
          "bandera"
        ],
        "tts": [
          "bandera: Malawi"
        ]
      },
      "🇲🇽": {
        "default": [
          "bandera"
        ],
        "tts": [
          "bandera: México"
        ]
      },
      "🇲🇿": {
        "default": [
          "bandera"
        ],
        "tts": [
          "bandera: Mozambique"
        ]
      },
      "🇳🇪": {
        "default": [
          "bandera"
        ],
        "tts": [
          "bandera: Niger"
        ]
      },
      "🇳🇬": {
        "default": [
          "bandera"
        ],
        "tts": [
          "bandera: Nigeria"
        ]
      },
      "🇳🇮": {
        "default": [
          "bandera"
        ],
        "tts": [
          "bandera: Nicaragua"
        ]
      },
      "🇳🇱": {
        "default": [
          "bandera"
        ],
        "tts": [
          "bandera: Hulanda"
        ]
      },
      "🇳🇴": {
        "default": [
          "bandera"
        ],
        "tts": [
          "bandera: Noruega"
        ]
      },
      "🇳🇵": {
        "default": [
          "bandera"
        ],
        "tts": [
          "bandera: Nepal"
        ]
      },
      "🇵🇦": {
        "default": [
          "bandera"
        ],
        "tts": [
          "bandera: Panamá"
        ]
      },
      "🇵🇪": {
        "default": [
          "bandera"
        ],
        "tts": [
          "bandera: Perú"
        ]
      },
      "🇵🇫": {
        "default": [
          "bandera"
        ],
        "tts": [
          "bandera: Polinesia Franses"
        ]
      },
      "🇵🇭": {
        "default": [
          "bandera"
        ],
        "tts": [
          "bandera: Filipinas"
        ]
      },
      "🇵🇱": {
        "default": [
          "bandera"
        ],
        "tts": [
          "bandera: Polonia"
        ]
      },
      "🇵🇲": {
        "default": [
          "bandera"
        ],
        "tts": [
          "bandera: St. Pierre & Miquelon"
        ]
      },
      "🇵🇷": {
        "default": [
          "bandera"
        ],
        "tts": [
          "bandera: Puerto Rico"
        ]
      },
      "🇵🇹": {
        "default": [
          "bandera"
        ],
        "tts": [
          "bandera: Portugal"
        ]
      },
      "🇵🇾": {
        "default": [
          "bandera"
        ],
        "tts": [
          "bandera: Paraguay"
        ]
      },
      "🇶🇦": {
        "default": [
          "bandera"
        ],
        "tts": [
          "bandera: Qatar"
        ]
      },
      "🇷🇴": {
        "default": [
          "bandera"
        ],
        "tts": [
          "bandera: Romania"
        ]
      },
      "🇷🇸": {
        "default": [
          "bandera"
        ],
        "tts": [
          "bandera: Servia"
        ]
      },
      "🇷🇺": {
        "default": [
          "bandera"
        ],
        "tts": [
          "bandera: Rusia"
        ]
      },
      "🇷🇼": {
        "default": [
          "bandera"
        ],
        "tts": [
          "bandera: Rwanda"
        ]
      },
      "🇸🇨": {
        "default": [
          "bandera"
        ],
        "tts": [
          "bandera: Seychelles"
        ]
      },
      "🇸🇩": {
        "default": [
          "bandera"
        ],
        "tts": [
          "bandera: Sudan"
        ]
      },
      "🇸🇪": {
        "default": [
          "bandera"
        ],
        "tts": [
          "bandera: Suesia"
        ]
      },
      "🇸🇬": {
        "default": [
          "bandera"
        ],
        "tts": [
          "bandera: Singapore"
        ]
      },
      "🇸🇭": {
        "default": [
          "bandera"
        ],
        "tts": [
          "bandera: Sint Helena"
        ]
      },
      "🇸🇮": {
        "default": [
          "bandera"
        ],
        "tts": [
          "bandera: Slovenia"
        ]
      },
      "🇸🇰": {
        "default": [
          "bandera"
        ],
        "tts": [
          "bandera: Slovakia"
        ]
      },
      "🇸🇱": {
        "default": [
          "bandera"
        ],
        "tts": [
          "bandera: Sierra Leone"
        ]
      },
      "🇸🇲": {
        "default": [
          "bandera"
        ],
        "tts": [
          "bandera: San Marino"
        ]
      },
      "🇸🇳": {
        "default": [
          "bandera"
        ],
        "tts": [
          "bandera: Senegal"
        ]
      },
      "🇸🇴": {
        "default": [
          "bandera"
        ],
        "tts": [
          "bandera: Somalia"
        ]
      },
      "🇸🇷": {
        "default": [
          "bandera"
        ],
        "tts": [
          "bandera: Surinam"
        ]
      },
      "🇸🇻": {
        "default": [
          "bandera"
        ],
        "tts": [
          "bandera: El Salvador"
        ]
      },
      "🇸🇽": {
        "default": [
          "bandera"
        ],
        "tts": [
          "bandera: Sint Maarten"
        ]
      },
      "🇹🇨": {
        "default": [
          "bandera"
        ],
        "tts": [
          "bandera: Turks i Caicos"
        ]
      },
      "🇹🇩": {
        "default": [
          "bandera"
        ],
        "tts": [
          "bandera: Chad"
        ]
      },
      "🇹🇭": {
        "default": [
          "bandera"
        ],
        "tts": [
          "bandera: Tailandia"
        ]
      },
      "🇹🇷": {
        "default": [
          "bandera"
        ],
        "tts": [
          "bandera: Turkia"
        ]
      },
      "🇹🇹": {
        "default": [
          "bandera"
        ],
        "tts": [
          "bandera: Trinidad i Tobago"
        ]
      },
      "🇹🇼": {
        "default": [
          "bandera"
        ],
        "tts": [
          "bandera: Taiwan"
        ]
      },
      "🇺🇦": {
        "default": [
          "bandera"
        ],
        "tts": [
          "bandera: Ukrania"
        ]
      },
      "🇺🇬": {
        "default": [
          "bandera"
        ],
        "tts": [
          "bandera: Uganda"
        ]
      },
      "🇺🇳": {
        "default": [
          "bandera"
        ],
        "tts": [
          "bandera: Nashonnan Uní"
        ]
      },
      "🇺🇸": {
        "default": [
          "bandera"
        ],
        "tts": [
          "bandera: Merka"
        ]
      },
      "🇺🇾": {
        "default": [
          "bandera"
        ],
        "tts": [
          "bandera: Uruguay"
        ]
      },
      "🇻🇨": {
        "default": [
          "bandera"
        ],
        "tts": [
          "bandera: Sint Vicent i Grenadines"
        ]
      },
      "🇻🇪": {
        "default": [
          "bandera"
        ],
        "tts": [
          "bandera: Venezuela"
        ]
      },
      "🇻🇬": {
        "default": [
          "bandera"
        ],
        "tts": [
          "bandera: Virgin Islands (Britániko)"
        ]
      },
      "🇻🇮": {
        "default": [
          "bandera"
        ],
        "tts": [
          "bandera: Virgin Islands (Merikano)"
        ]
      },
      "🇻🇳": {
        "default": [
          "bandera"
        ],
        "tts": [
          "bandera: Vietnam"
        ]
      },
      "🇿🇦": {
        "default": [
          "bandera"
        ],
        "tts": [
          "bandera: Suráfrika"
        ]
      },
      "🇿🇲": {
        "default": [
          "bandera"
        ],
        "tts": [
          "bandera: Zambia"
        ]
      },
      "🇿🇼": {
        "default": [
          "bandera"
        ],
        "tts": [
          "bandera: Zimbabwe"
        ]
      }
    }
  }
}
