{
  "supplemental": {
    "version": {
      "_unicodeVersion": "16.0.0",
      "_cldrVersion": "48"
    },
    "languageMatching": {
      "written-new": {
        "paradigmLocales": {
          "_locales": [
            "en",
            "en-GB",
            "es",
            "es-419",
            "pt-BR",
            "pt-PT"
          ]
        },
        "matchVariables": {
          "$americas": {
            "_value": "019"
          },
          "$cnsar": {
            "_value": "HK+MO"
          },
          "$enUS": {
            "_value": "AS+CA+GU+MH+MP+PH+PR+UM+US+VI"
          },
          "$maghreb": {
            "_value": "MA+DZ+TN+LY+MR+EH"
          }
        },
        "languageMatch": [
          {
            "_desired": "nb",
            "_distance": 1,
            "_supported": "no"
          },
          {
            "_desired": "hr",
            "_distance": 4,
            "_supported": "bs"
          },
          {
            "_desired": "sh",
            "_distance": 4,
            "_supported": "bs"
          },
          {
            "_desired": "sh",
            "_distance": 4,
            "_supported": "hr"
          },
          {
            "_desired": "sh",
            "_distance": 4,
            "_supported": "sr"
          },
          {
            "_desired": "ssy",
            "_distance": 4,
            "_supported": "aa"
          },
          {
            "_desired": "gsw",
            "_distance": 4,
            "_oneway": true,
            "_supported": "de"
          },
          {
            "_desired": "lb",
            "_distance": 4,
            "_oneway": true,
            "_supported": "de"
          },
          {
            "_desired": "da",
            "_distance": 8,
            "_supported": "no"
          },
          {
            "_desired": "da",
            "_distance": 8,
            "_supported": "nb"
          },
          {
            "_desired": "ab",
            "_distance": 30,
            "_oneway": true,
            "_supported": "ru"
          },
          {
            "_desired": "ach",
            "_distance": 30,
            "_oneway": true,
            "_supported": "en"
          },
          {
            "_desired": "af",
            "_distance": 20,
            "_oneway": true,
            "_supported": "en"
          },
          {
            "_desired": "ak",
            "_distance": 30,
            "_oneway": true,
            "_supported": "en"
          },
          {
            "_desired": "am",
            "_distance": 30,
            "_oneway": true,
            "_supported": "en"
          },
          {
            "_desired": "ay",
            "_distance": 20,
            "_oneway": true,
            "_supported": "es"
          },
          {
            "_desired": "az",
            "_distance": 30,
            "_oneway": true,
            "_supported": "ru"
          },
          {
            "_desired": "bal",
            "_distance": 20,
            "_oneway": true,
            "_supported": "ur"
          },
          {
            "_desired": "be",
            "_distance": 20,
            "_oneway": true,
            "_supported": "ru"
          },
          {
            "_desired": "bem",
            "_distance": 30,
            "_oneway": true,
            "_supported": "en"
          },
          {
            "_desired": "bh",
            "_distance": 30,
            "_oneway": true,
            "_supported": "hi"
          },
          {
            "_desired": "bn",
            "_distance": 30,
            "_oneway": true,
            "_supported": "en"
          },
          {
            "_desired": "bo",
            "_distance": 20,
            "_oneway": true,
            "_supported": "zh"
          },
          {
            "_desired": "br",
            "_distance": 20,
            "_oneway": true,
            "_supported": "fr"
          },
          {
            "_desired": "ca",
            "_distance": 20,
            "_oneway": true,
            "_supported": "es"
          },
          {
            "_desired": "ceb",
            "_distance": 30,
            "_oneway": true,
            "_supported": "fil"
          },
          {
            "_desired": "chr",
            "_distance": 20,
            "_oneway": true,
            "_supported": "en"
          },
          {
            "_desired": "ckb",
            "_distance": 30,
            "_oneway": true,
            "_supported": "ar"
          },
          {
            "_desired": "co",
            "_distance": 20,
            "_oneway": true,
            "_supported": "fr"
          },
          {
            "_desired": "crs",
            "_distance": 20,
            "_oneway": true,
            "_supported": "fr"
          },
          {
            "_desired": "cs",
            "_distance": 20,
            "_supported": "sk"
          },
          {
            "_desired": "cy",
            "_distance": 20,
            "_oneway": true,
            "_supported": "en"
          },
          {
            "_desired": "ee",
            "_distance": 30,
            "_oneway": true,
            "_supported": "en"
          },
          {
            "_desired": "eo",
            "_distance": 30,
            "_oneway": true,
            "_supported": "en"
          },
          {
            "_desired": "eu",
            "_distance": 20,
            "_oneway": true,
            "_supported": "es"
          },
          {
            "_desired": "fo",
            "_distance": 20,
            "_oneway": true,
            "_supported": "da"
          },
          {
            "_desired": "fy",
            "_distance": 20,
            "_oneway": true,
            "_supported": "nl"
          },
          {
            "_desired": "ga",
            "_distance": 20,
            "_oneway": true,
            "_supported": "en"
          },
          {
            "_desired": "gaa",
            "_distance": 30,
            "_oneway": true,
            "_supported": "en"
          },
          {
            "_desired": "gd",
            "_distance": 20,
            "_oneway": true,
            "_supported": "en"
          },
          {
            "_desired": "gl",
            "_distance": 20,
            "_oneway": true,
            "_supported": "es"
          },
          {
            "_desired": "gn",
            "_distance": 20,
            "_oneway": true,
            "_supported": "es"
          },
          {
            "_desired": "gu",
            "_distance": 30,
            "_oneway": true,
            "_supported": "hi"
          },
          {
            "_desired": "ha",
            "_distance": 30,
            "_oneway": true,
            "_supported": "en"
          },
          {
            "_desired": "haw",
            "_distance": 20,
            "_oneway": true,
            "_supported": "en"
          },
          {
            "_desired": "ht",
            "_distance": 20,
            "_oneway": true,
            "_supported": "fr"
          },
          {
            "_desired": "hy",
            "_distance": 30,
            "_oneway": true,
            "_supported": "ru"
          },
          {
            "_desired": "ia",
            "_distance": 30,
            "_oneway": true,
            "_supported": "en"
          },
          {
            "_desired": "ig",
            "_distance": 30,
            "_oneway": true,
            "_supported": "en"
          },
          {
            "_desired": "is",
            "_distance": 20,
            "_oneway": true,
            "_supported": "en"
          },
          {
            "_desired": "jv",
            "_distance": 20,
            "_oneway": true,
            "_supported": "id"
          },
          {
            "_desired": "ka",
            "_distance": 30,
            "_oneway": true,
            "_supported": "en"
          },
          {
            "_desired": "kg",
            "_distance": 30,
            "_oneway": true,
            "_supported": "fr"
          },
          {
            "_desired": "kk",
            "_distance": 30,
            "_oneway": true,
            "_supported": "ru"
          },
          {
            "_desired": "km",
            "_distance": 30,
            "_oneway": true,
            "_supported": "en"
          },
          {
            "_desired": "kn",
            "_distance": 30,
            "_oneway": true,
            "_supported": "en"
          },
          {
            "_desired": "kri",
            "_distance": 30,
            "_oneway": true,
            "_supported": "en"
          },
          {
            "_desired": "ku",
            "_distance": 30,
            "_oneway": true,
            "_supported": "tr"
          },
          {
            "_desired": "ky",
            "_distance": 30,
            "_oneway": true,
            "_supported": "ru"
          },
          {
            "_desired": "la",
            "_distance": 20,
            "_oneway": true,
            "_supported": "it"
          },
          {
            "_desired": "lg",
            "_distance": 30,
            "_oneway": true,
            "_supported": "en"
          },
          {
            "_desired": "ln",
            "_distance": 30,
            "_oneway": true,
            "_supported": "fr"
          },
          {
            "_desired": "lo",
            "_distance": 30,
            "_oneway": true,
            "_supported": "en"
          },
          {
            "_desired": "loz",
            "_distance": 30,
            "_oneway": true,
            "_supported": "en"
          },
          {
            "_desired": "lua",
            "_distance": 30,
            "_oneway": true,
            "_supported": "fr"
          },
          {
            "_desired": "mai",
            "_distance": 20,
            "_oneway": true,
            "_supported": "hi"
          },
          {
            "_desired": "mfe",
            "_distance": 30,
            "_oneway": true,
            "_supported": "en"
          },
          {
            "_desired": "mg",
            "_distance": 30,
            "_oneway": true,
            "_supported": "fr"
          },
          {
            "_desired": "mi",
            "_distance": 20,
            "_oneway": true,
            "_supported": "en"
          },
          {
            "_desired": "ml",
            "_distance": 30,
            "_oneway": true,
            "_supported": "en"
          },
          {
            "_desired": "mn",
            "_distance": 30,
            "_oneway": true,
            "_supported": "ru"
          },
          {
            "_desired": "mr",
            "_distance": 30,
            "_oneway": true,
            "_supported": "hi"
          },
          {
            "_desired": "ms",
            "_distance": 30,
            "_oneway": true,
            "_supported": "id"
          },
          {
            "_desired": "mt",
            "_distance": 30,
            "_oneway": true,
            "_supported": "en"
          },
          {
            "_desired": "my",
            "_distance": 30,
            "_oneway": true,
            "_supported": "en"
          },
          {
            "_desired": "ne",
            "_distance": 30,
            "_oneway": true,
            "_supported": "en"
          },
          {
            "_desired": "nn",
            "_distance": 20,
            "_supported": "nb"
          },
          {
            "_desired": "nn",
            "_distance": 20,
            "_supported": "no"
          },
          {
            "_desired": "nso",
            "_distance": 30,
            "_oneway": true,
            "_supported": "en"
          },
          {
            "_desired": "ny",
            "_distance": 30,
            "_oneway": true,
            "_supported": "en"
          },
          {
            "_desired": "nyn",
            "_distance": 30,
            "_oneway": true,
            "_supported": "en"
          },
          {
            "_desired": "oc",
            "_distance": 20,
            "_oneway": true,
            "_supported": "fr"
          },
          {
            "_desired": "om",
            "_distance": 30,
            "_oneway": true,
            "_supported": "en"
          },
          {
            "_desired": "or",
            "_distance": 30,
            "_oneway": true,
            "_supported": "en"
          },
          {
            "_desired": "pa",
            "_distance": 30,
            "_oneway": true,
            "_supported": "en"
          },
          {
            "_desired": "pcm",
            "_distance": 20,
            "_oneway": true,
            "_supported": "en"
          },
          {
            "_desired": "ps",
            "_distance": 30,
            "_oneway": true,
            "_supported": "en"
          },
          {
            "_desired": "qu",
            "_distance": 30,
            "_oneway": true,
            "_supported": "es"
          },
          {
            "_desired": "rm",
            "_distance": 20,
            "_oneway": true,
            "_supported": "de"
          },
          {
            "_desired": "rn",
            "_distance": 30,
            "_oneway": true,
            "_supported": "en"
          },
          {
            "_desired": "rw",
            "_distance": 30,
            "_oneway": true,
            "_supported": "fr"
          },
          {
            "_desired": "sa",
            "_distance": 30,
            "_oneway": true,
            "_supported": "hi"
          },
          {
            "_desired": "scn",
            "_distance": 20,
            "_oneway": true,
            "_supported": "it"
          },
          {
            "_desired": "sd",
            "_distance": 30,
            "_oneway": true,
            "_supported": "en"
          },
          {
            "_desired": "si",
            "_distance": 30,
            "_oneway": true,
            "_supported": "en"
          },
          {
            "_desired": "sn",
            "_distance": 30,
            "_oneway": true,
            "_supported": "en"
          },
          {
            "_desired": "so",
            "_distance": 30,
            "_oneway": true,
            "_supported": "en"
          },
          {
            "_desired": "sq",
            "_distance": 30,
            "_oneway": true,
            "_supported": "en"
          },
          {
            "_desired": "st",
            "_distance": 30,
            "_oneway": true,
            "_supported": "en"
          },
          {
            "_desired": "su",
            "_distance": 20,
            "_oneway": true,
            "_supported": "id"
          },
          {
            "_desired": "sw",
            "_distance": 30,
            "_oneway": true,
            "_supported": "en"
          },
          {
            "_desired": "ta",
            "_distance": 30,
            "_oneway": true,
            "_supported": "en"
          },
          {
            "_desired": "te",
            "_distance": 30,
            "_oneway": true,
            "_supported": "en"
          },
          {
            "_desired": "tg",
            "_distance": 30,
            "_oneway": true,
            "_supported": "ru"
          },
          {
            "_desired": "ti",
            "_distance": 30,
            "_oneway": true,
            "_supported": "en"
          },
          {
            "_desired": "tk",
            "_distance": 30,
            "_oneway": true,
            "_supported": "ru"
          },
          {
            "_desired": "tlh",
            "_distance": 30,
            "_oneway": true,
            "_supported": "en"
          },
          {
            "_desired": "tn",
            "_distance": 30,
            "_oneway": true,
            "_supported": "en"
          },
          {
            "_desired": "to",
            "_distance": 30,
            "_oneway": true,
            "_supported": "en"
          },
          {
            "_desired": "tt",
            "_distance": 30,
            "_oneway": true,
            "_supported": "ru"
          },
          {
            "_desired": "tum",
            "_distance": 30,
            "_oneway": true,
            "_supported": "en"
          },
          {
            "_desired": "ug",
            "_distance": 20,
            "_oneway": true,
            "_supported": "zh"
          },
          {
            "_desired": "ur",
            "_distance": 30,
            "_oneway": true,
            "_supported": "en"
          },
          {
            "_desired": "uz",
            "_distance": 30,
            "_oneway": true,
            "_supported": "ru"
          },
          {
            "_desired": "wo",
            "_distance": 30,
            "_oneway": true,
            "_supported": "fr"
          },
          {
            "_desired": "xh",
            "_distance": 30,
            "_oneway": true,
            "_supported": "en"
          },
          {
            "_desired": "yi",
            "_distance": 30,
            "_oneway": true,
            "_supported": "en"
          },
          {
            "_desired": "yo",
            "_distance": 30,
            "_oneway": true,
            "_supported": "en"
          },
          {
            "_desired": "za",
            "_distance": 20,
            "_oneway": true,
            "_supported": "zh"
          },
          {
            "_desired": "zu",
            "_distance": 30,
            "_oneway": true,
            "_supported": "en"
          },
          {
            "_desired": "aao",
            "_distance": 10,
            "_oneway": true,
            "_supported": "ar"
          },
          {
            "_desired": "abh",
            "_distance": 10,
            "_oneway": true,
            "_supported": "ar"
          },
          {
            "_desired": "abv",
            "_distance": 10,
            "_oneway": true,
            "_supported": "ar"
          },
          {
            "_desired": "acm",
            "_distance": 10,
            "_oneway": true,
            "_supported": "ar"
          },
          {
            "_desired": "acq",
            "_distance": 10,
            "_oneway": true,
            "_supported": "ar"
          },
          {
            "_desired": "acw",
            "_distance": 10,
            "_oneway": true,
            "_supported": "ar"
          },
          {
            "_desired": "acx",
            "_distance": 10,
            "_oneway": true,
            "_supported": "ar"
          },
          {
            "_desired": "acy",
            "_distance": 10,
            "_oneway": true,
            "_supported": "ar"
          },
          {
            "_desired": "adf",
            "_distance": 10,
            "_oneway": true,
            "_supported": "ar"
          },
          {
            "_desired": "aeb",
            "_distance": 10,
            "_oneway": true,
            "_supported": "ar"
          },
          {
            "_desired": "aec",
            "_distance": 10,
            "_oneway": true,
            "_supported": "ar"
          },
          {
            "_desired": "afb",
            "_distance": 10,
            "_oneway": true,
            "_supported": "ar"
          },
          {
            "_desired": "apc",
            "_distance": 10,
            "_oneway": true,
            "_supported": "ar"
          },
          {
            "_desired": "apd",
            "_distance": 10,
            "_oneway": true,
            "_supported": "ar"
          },
          {
            "_desired": "arq",
            "_distance": 10,
            "_oneway": true,
            "_supported": "ar"
          },
          {
            "_desired": "ars",
            "_distance": 10,
            "_oneway": true,
            "_supported": "ar"
          },
          {
            "_desired": "ary",
            "_distance": 10,
            "_oneway": true,
            "_supported": "ar"
          },
          {
            "_desired": "arz",
            "_distance": 10,
            "_oneway": true,
            "_supported": "ar"
          },
          {
            "_desired": "auz",
            "_distance": 10,
            "_oneway": true,
            "_supported": "ar"
          },
          {
            "_desired": "avl",
            "_distance": 10,
            "_oneway": true,
            "_supported": "ar"
          },
          {
            "_desired": "ayh",
            "_distance": 10,
            "_oneway": true,
            "_supported": "ar"
          },
          {
            "_desired": "ayl",
            "_distance": 10,
            "_oneway": true,
            "_supported": "ar"
          },
          {
            "_desired": "ayn",
            "_distance": 10,
            "_oneway": true,
            "_supported": "ar"
          },
          {
            "_desired": "ayp",
            "_distance": 10,
            "_oneway": true,
            "_supported": "ar"
          },
          {
            "_desired": "bbz",
            "_distance": 10,
            "_oneway": true,
            "_supported": "ar"
          },
          {
            "_desired": "pga",
            "_distance": 10,
            "_oneway": true,
            "_supported": "ar"
          },
          {
            "_desired": "shu",
            "_distance": 10,
            "_oneway": true,
            "_supported": "ar"
          },
          {
            "_desired": "ssh",
            "_distance": 10,
            "_oneway": true,
            "_supported": "ar"
          },
          {
            "_desired": "azb",
            "_distance": 10,
            "_oneway": true,
            "_supported": "az"
          },
          {
            "_desired": "vro",
            "_distance": 10,
            "_oneway": true,
            "_supported": "et"
          },
          {
            "_desired": "ffm",
            "_distance": 10,
            "_oneway": true,
            "_supported": "ff"
          },
          {
            "_desired": "fub",
            "_distance": 10,
            "_oneway": true,
            "_supported": "ff"
          },
          {
            "_desired": "fue",
            "_distance": 10,
            "_oneway": true,
            "_supported": "ff"
          },
          {
            "_desired": "fuf",
            "_distance": 10,
            "_oneway": true,
            "_supported": "ff"
          },
          {
            "_desired": "fuh",
            "_distance": 10,
            "_oneway": true,
            "_supported": "ff"
          },
          {
            "_desired": "fui",
            "_distance": 10,
            "_oneway": true,
            "_supported": "ff"
          },
          {
            "_desired": "fuq",
            "_distance": 10,
            "_oneway": true,
            "_supported": "ff"
          },
          {
            "_desired": "fuv",
            "_distance": 10,
            "_oneway": true,
            "_supported": "ff"
          },
          {
            "_desired": "gnw",
            "_distance": 10,
            "_oneway": true,
            "_supported": "gn"
          },
          {
            "_desired": "gui",
            "_distance": 10,
            "_oneway": true,
            "_supported": "gn"
          },
          {
            "_desired": "gun",
            "_distance": 10,
            "_oneway": true,
            "_supported": "gn"
          },
          {
            "_desired": "nhd",
            "_distance": 10,
            "_oneway": true,
            "_supported": "gn"
          },
          {
            "_desired": "ikt",
            "_distance": 10,
            "_oneway": true,
            "_supported": "iu"
          },
          {
            "_desired": "enb",
            "_distance": 10,
            "_oneway": true,
            "_supported": "kln"
          },
          {
            "_desired": "eyo",
            "_distance": 10,
            "_oneway": true,
            "_supported": "kln"
          },
          {
            "_desired": "niq",
            "_distance": 10,
            "_oneway": true,
            "_supported": "kln"
          },
          {
            "_desired": "oki",
            "_distance": 10,
            "_oneway": true,
            "_supported": "kln"
          },
          {
            "_desired": "pko",
            "_distance": 10,
            "_oneway": true,
            "_supported": "kln"
          },
          {
            "_desired": "sgc",
            "_distance": 10,
            "_oneway": true,
            "_supported": "kln"
          },
          {
            "_desired": "tec",
            "_distance": 10,
            "_oneway": true,
            "_supported": "kln"
          },
          {
            "_desired": "tuy",
            "_distance": 10,
            "_oneway": true,
            "_supported": "kln"
          },
          {
            "_desired": "knn",
            "_distance": 10,
            "_oneway": true,
            "_supported": "kok"
          },
          {
            "_desired": "gkp",
            "_distance": 10,
            "_oneway": true,
            "_supported": "kpe"
          },
          {
            "_desired": "ida",
            "_distance": 10,
            "_oneway": true,
            "_supported": "luy"
          },
          {
            "_desired": "lkb",
            "_distance": 10,
            "_oneway": true,
            "_supported": "luy"
          },
          {
            "_desired": "lko",
            "_distance": 10,
            "_oneway": true,
            "_supported": "luy"
          },
          {
            "_desired": "lks",
            "_distance": 10,
            "_oneway": true,
            "_supported": "luy"
          },
          {
            "_desired": "lri",
            "_distance": 10,
            "_oneway": true,
            "_supported": "luy"
          },
          {
            "_desired": "lrm",
            "_distance": 10,
            "_oneway": true,
            "_supported": "luy"
          },
          {
            "_desired": "lsm",
            "_distance": 10,
            "_oneway": true,
            "_supported": "luy"
          },
          {
            "_desired": "lto",
            "_distance": 10,
            "_oneway": true,
            "_supported": "luy"
          },
          {
            "_desired": "lts",
            "_distance": 10,
            "_oneway": true,
            "_supported": "luy"
          },
          {
            "_desired": "lwg",
            "_distance": 10,
            "_oneway": true,
            "_supported": "luy"
          },
          {
            "_desired": "nle",
            "_distance": 10,
            "_oneway": true,
            "_supported": "luy"
          },
          {
            "_desired": "nyd",
            "_distance": 10,
            "_oneway": true,
            "_supported": "luy"
          },
          {
            "_desired": "rag",
            "_distance": 10,
            "_oneway": true,
            "_supported": "luy"
          },
          {
            "_desired": "ltg",
            "_distance": 10,
            "_oneway": true,
            "_supported": "lv"
          },
          {
            "_desired": "bhr",
            "_distance": 10,
            "_oneway": true,
            "_supported": "mg"
          },
          {
            "_desired": "bjq",
            "_distance": 10,
            "_oneway": true,
            "_supported": "mg"
          },
          {
            "_desired": "bmm",
            "_distance": 10,
            "_oneway": true,
            "_supported": "mg"
          },
          {
            "_desired": "bzc",
            "_distance": 10,
            "_oneway": true,
            "_supported": "mg"
          },
          {
            "_desired": "msh",
            "_distance": 10,
            "_oneway": true,
            "_supported": "mg"
          },
          {
            "_desired": "skg",
            "_distance": 10,
            "_oneway": true,
            "_supported": "mg"
          },
          {
            "_desired": "tdx",
            "_distance": 10,
            "_oneway": true,
            "_supported": "mg"
          },
          {
            "_desired": "tkg",
            "_distance": 10,
            "_oneway": true,
            "_supported": "mg"
          },
          {
            "_desired": "txy",
            "_distance": 10,
            "_oneway": true,
            "_supported": "mg"
          },
          {
            "_desired": "xmv",
            "_distance": 10,
            "_oneway": true,
            "_supported": "mg"
          },
          {
            "_desired": "xmw",
            "_distance": 10,
            "_oneway": true,
            "_supported": "mg"
          },
          {
            "_desired": "mvf",
            "_distance": 10,
            "_oneway": true,
            "_supported": "mn"
          },
          {
            "_desired": "bjn",
            "_distance": 10,
            "_oneway": true,
            "_supported": "ms"
          },
          {
            "_desired": "btj",
            "_distance": 10,
            "_oneway": true,
            "_supported": "ms"
          },
          {
            "_desired": "bve",
            "_distance": 10,
            "_oneway": true,
            "_supported": "ms"
          },
          {
            "_desired": "bvu",
            "_distance": 10,
            "_oneway": true,
            "_supported": "ms"
          },
          {
            "_desired": "coa",
            "_distance": 10,
            "_oneway": true,
            "_supported": "ms"
          },
          {
            "_desired": "dup",
            "_distance": 10,
            "_oneway": true,
            "_supported": "ms"
          },
          {
            "_desired": "hji",
            "_distance": 10,
            "_oneway": true,
            "_supported": "ms"
          },
          {
            "_desired": "id",
            "_distance": 10,
            "_oneway": true,
            "_supported": "ms"
          },
          {
            "_desired": "jak",
            "_distance": 10,
            "_oneway": true,
            "_supported": "ms"
          },
          {
            "_desired": "jax",
            "_distance": 10,
            "_oneway": true,
            "_supported": "ms"
          },
          {
            "_desired": "kvb",
            "_distance": 10,
            "_oneway": true,
            "_supported": "ms"
          },
          {
            "_desired": "kvr",
            "_distance": 10,
            "_oneway": true,
            "_supported": "ms"
          },
          {
            "_desired": "kxd",
            "_distance": 10,
            "_oneway": true,
            "_supported": "ms"
          },
          {
            "_desired": "lce",
            "_distance": 10,
            "_oneway": true,
            "_supported": "ms"
          },
          {
            "_desired": "lcf",
            "_distance": 10,
            "_oneway": true,
            "_supported": "ms"
          },
          {
            "_desired": "liw",
            "_distance": 10,
            "_oneway": true,
            "_supported": "ms"
          },
          {
            "_desired": "max",
            "_distance": 10,
            "_oneway": true,
            "_supported": "ms"
          },
          {
            "_desired": "meo",
            "_distance": 10,
            "_oneway": true,
            "_supported": "ms"
          },
          {
            "_desired": "mfa",
            "_distance": 10,
            "_oneway": true,
            "_supported": "ms"
          },
          {
            "_desired": "mfb",
            "_distance": 10,
            "_oneway": true,
            "_supported": "ms"
          },
          {
            "_desired": "min",
            "_distance": 10,
            "_oneway": true,
            "_supported": "ms"
          },
          {
            "_desired": "mqg",
            "_distance": 10,
            "_oneway": true,
            "_supported": "ms"
          },
          {
            "_desired": "msi",
            "_distance": 10,
            "_oneway": true,
            "_supported": "ms"
          },
          {
            "_desired": "mui",
            "_distance": 10,
            "_oneway": true,
            "_supported": "ms"
          },
          {
            "_desired": "orn",
            "_distance": 10,
            "_oneway": true,
            "_supported": "ms"
          },
          {
            "_desired": "ors",
            "_distance": 10,
            "_oneway": true,
            "_supported": "ms"
          },
          {
            "_desired": "pel",
            "_distance": 10,
            "_oneway": true,
            "_supported": "ms"
          },
          {
            "_desired": "pse",
            "_distance": 10,
            "_oneway": true,
            "_supported": "ms"
          },
          {
            "_desired": "tmw",
            "_distance": 10,
            "_oneway": true,
            "_supported": "ms"
          },
          {
            "_desired": "urk",
            "_distance": 10,
            "_oneway": true,
            "_supported": "ms"
          },
          {
            "_desired": "vkk",
            "_distance": 10,
            "_oneway": true,
            "_supported": "ms"
          },
          {
            "_desired": "vkt",
            "_distance": 10,
            "_oneway": true,
            "_supported": "ms"
          },
          {
            "_desired": "xmm",
            "_distance": 10,
            "_oneway": true,
            "_supported": "ms"
          },
          {
            "_desired": "zlm",
            "_distance": 10,
            "_oneway": true,
            "_supported": "ms"
          },
          {
            "_desired": "zmi",
            "_distance": 10,
            "_oneway": true,
            "_supported": "ms"
          },
          {
            "_desired": "dty",
            "_distance": 10,
            "_oneway": true,
            "_supported": "ne"
          },
          {
            "_desired": "gax",
            "_distance": 10,
            "_oneway": true,
            "_supported": "om"
          },
          {
            "_desired": "hae",
            "_distance": 10,
            "_oneway": true,
            "_supported": "om"
          },
          {
            "_desired": "orc",
            "_distance": 10,
            "_oneway": true,
            "_supported": "om"
          },
          {
            "_desired": "spv",
            "_distance": 10,
            "_oneway": true,
            "_supported": "or"
          },
          {
            "_desired": "pbt",
            "_distance": 10,
            "_oneway": true,
            "_supported": "ps"
          },
          {
            "_desired": "pst",
            "_distance": 10,
            "_oneway": true,
            "_supported": "ps"
          },
          {
            "_desired": "qub",
            "_distance": 10,
            "_oneway": true,
            "_supported": "qu"
          },
          {
            "_desired": "qud",
            "_distance": 10,
            "_oneway": true,
            "_supported": "qu"
          },
          {
            "_desired": "quf",
            "_distance": 10,
            "_oneway": true,
            "_supported": "qu"
          },
          {
            "_desired": "qug",
            "_distance": 10,
            "_oneway": true,
            "_supported": "qu"
          },
          {
            "_desired": "quh",
            "_distance": 10,
            "_oneway": true,
            "_supported": "qu"
          },
          {
            "_desired": "quk",
            "_distance": 10,
            "_oneway": true,
            "_supported": "qu"
          },
          {
            "_desired": "qul",
            "_distance": 10,
            "_oneway": true,
            "_supported": "qu"
          },
          {
            "_desired": "qup",
            "_distance": 10,
            "_oneway": true,
            "_supported": "qu"
          },
          {
            "_desired": "qur",
            "_distance": 10,
            "_oneway": true,
            "_supported": "qu"
          },
          {
            "_desired": "qus",
            "_distance": 10,
            "_oneway": true,
            "_supported": "qu"
          },
          {
            "_desired": "quw",
            "_distance": 10,
            "_oneway": true,
            "_supported": "qu"
          },
          {
            "_desired": "qux",
            "_distance": 10,
            "_oneway": true,
            "_supported": "qu"
          },
          {
            "_desired": "quy",
            "_distance": 10,
            "_oneway": true,
            "_supported": "qu"
          },
          {
            "_desired": "qva",
            "_distance": 10,
            "_oneway": true,
            "_supported": "qu"
          },
          {
            "_desired": "qvc",
            "_distance": 10,
            "_oneway": true,
            "_supported": "qu"
          },
          {
            "_desired": "qve",
            "_distance": 10,
            "_oneway": true,
            "_supported": "qu"
          },
          {
            "_desired": "qvh",
            "_distance": 10,
            "_oneway": true,
            "_supported": "qu"
          },
          {
            "_desired": "qvi",
            "_distance": 10,
            "_oneway": true,
            "_supported": "qu"
          },
          {
            "_desired": "qvj",
            "_distance": 10,
            "_oneway": true,
            "_supported": "qu"
          },
          {
            "_desired": "qvl",
            "_distance": 10,
            "_oneway": true,
            "_supported": "qu"
          },
          {
            "_desired": "qvm",
            "_distance": 10,
            "_oneway": true,
            "_supported": "qu"
          },
          {
            "_desired": "qvn",
            "_distance": 10,
            "_oneway": true,
            "_supported": "qu"
          },
          {
            "_desired": "qvo",
            "_distance": 10,
            "_oneway": true,
            "_supported": "qu"
          },
          {
            "_desired": "qvp",
            "_distance": 10,
            "_oneway": true,
            "_supported": "qu"
          },
          {
            "_desired": "qvs",
            "_distance": 10,
            "_oneway": true,
            "_supported": "qu"
          },
          {
            "_desired": "qvw",
            "_distance": 10,
            "_oneway": true,
            "_supported": "qu"
          },
          {
            "_desired": "qvz",
            "_distance": 10,
            "_oneway": true,
            "_supported": "qu"
          },
          {
            "_desired": "qwa",
            "_distance": 10,
            "_oneway": true,
            "_supported": "qu"
          },
          {
            "_desired": "qwc",
            "_distance": 10,
            "_oneway": true,
            "_supported": "qu"
          },
          {
            "_desired": "qwh",
            "_distance": 10,
            "_oneway": true,
            "_supported": "qu"
          },
          {
            "_desired": "qws",
            "_distance": 10,
            "_oneway": true,
            "_supported": "qu"
          },
          {
            "_desired": "qxa",
            "_distance": 10,
            "_oneway": true,
            "_supported": "qu"
          },
          {
            "_desired": "qxc",
            "_distance": 10,
            "_oneway": true,
            "_supported": "qu"
          },
          {
            "_desired": "qxh",
            "_distance": 10,
            "_oneway": true,
            "_supported": "qu"
          },
          {
            "_desired": "qxl",
            "_distance": 10,
            "_oneway": true,
            "_supported": "qu"
          },
          {
            "_desired": "qxn",
            "_distance": 10,
            "_oneway": true,
            "_supported": "qu"
          },
          {
            "_desired": "qxo",
            "_distance": 10,
            "_oneway": true,
            "_supported": "qu"
          },
          {
            "_desired": "qxp",
            "_distance": 10,
            "_oneway": true,
            "_supported": "qu"
          },
          {
            "_desired": "qxr",
            "_distance": 10,
            "_oneway": true,
            "_supported": "qu"
          },
          {
            "_desired": "qxt",
            "_distance": 10,
            "_oneway": true,
            "_supported": "qu"
          },
          {
            "_desired": "qxu",
            "_distance": 10,
            "_oneway": true,
            "_supported": "qu"
          },
          {
            "_desired": "qxw",
            "_distance": 10,
            "_oneway": true,
            "_supported": "qu"
          },
          {
            "_desired": "sdc",
            "_distance": 10,
            "_oneway": true,
            "_supported": "sc"
          },
          {
            "_desired": "sdn",
            "_distance": 10,
            "_oneway": true,
            "_supported": "sc"
          },
          {
            "_desired": "sro",
            "_distance": 10,
            "_oneway": true,
            "_supported": "sc"
          },
          {
            "_desired": "aae",
            "_distance": 10,
            "_oneway": true,
            "_supported": "sq"
          },
          {
            "_desired": "aat",
            "_distance": 10,
            "_oneway": true,
            "_supported": "sq"
          },
          {
            "_desired": "aln",
            "_distance": 10,
            "_oneway": true,
            "_supported": "sq"
          },
          {
            "_desired": "aii",
            "_distance": 10,
            "_oneway": true,
            "_supported": "syr"
          },
          {
            "_desired": "uzs",
            "_distance": 10,
            "_oneway": true,
            "_supported": "uz"
          },
          {
            "_desired": "yih",
            "_distance": 10,
            "_oneway": true,
            "_supported": "yi"
          },
          {
            "_desired": "cdo",
            "_distance": 10,
            "_oneway": true,
            "_supported": "zh"
          },
          {
            "_desired": "cjy",
            "_distance": 10,
            "_oneway": true,
            "_supported": "zh"
          },
          {
            "_desired": "cnp",
            "_distance": 10,
            "_oneway": true,
            "_supported": "zh"
          },
          {
            "_desired": "cpx",
            "_distance": 10,
            "_oneway": true,
            "_supported": "zh"
          },
          {
            "_desired": "csp",
            "_distance": 10,
            "_oneway": true,
            "_supported": "zh"
          },
          {
            "_desired": "czh",
            "_distance": 10,
            "_oneway": true,
            "_supported": "zh"
          },
          {
            "_desired": "czo",
            "_distance": 10,
            "_oneway": true,
            "_supported": "zh"
          },
          {
            "_desired": "gan",
            "_distance": 10,
            "_oneway": true,
            "_supported": "zh"
          },
          {
            "_desired": "hak",
            "_distance": 10,
            "_oneway": true,
            "_supported": "zh"
          },
          {
            "_desired": "hnm",
            "_distance": 10,
            "_oneway": true,
            "_supported": "zh"
          },
          {
            "_desired": "hsn",
            "_distance": 10,
            "_oneway": true,
            "_supported": "zh"
          },
          {
            "_desired": "luh",
            "_distance": 10,
            "_oneway": true,
            "_supported": "zh"
          },
          {
            "_desired": "lzh",
            "_distance": 10,
            "_oneway": true,
            "_supported": "zh"
          },
          {
            "_desired": "mnp",
            "_distance": 10,
            "_oneway": true,
            "_supported": "zh"
          },
          {
            "_desired": "nan",
            "_distance": 10,
            "_oneway": true,
            "_supported": "zh"
          },
          {
            "_desired": "sjc",
            "_distance": 10,
            "_oneway": true,
            "_supported": "zh"
          },
          {
            "_desired": "wuu",
            "_distance": 10,
            "_oneway": true,
            "_supported": "zh"
          },
          {
            "_desired": "yue",
            "_distance": 10,
            "_oneway": true,
            "_supported": "zh"
          },
          {
            "_desired": "*",
            "_distance": 80,
            "_supported": "*"
          },
          {
            "_desired": "am-Ethi",
            "_distance": 10,
            "_oneway": true,
            "_supported": "en-Latn"
          },
          {
            "_desired": "az-Latn",
            "_distance": 10,
            "_oneway": true,
            "_supported": "ru-Cyrl"
          },
          {
            "_desired": "bn-Beng",
            "_distance": 10,
            "_oneway": true,
            "_supported": "en-Latn"
          },
          {
            "_desired": "bo-Tibt",
            "_distance": 10,
            "_oneway": true,
            "_supported": "zh-Hans"
          },
          {
            "_desired": "hy-Armn",
            "_distance": 10,
            "_oneway": true,
            "_supported": "ru-Cyrl"
          },
          {
            "_desired": "ka-Geor",
            "_distance": 10,
            "_oneway": true,
            "_supported": "en-Latn"
          },
          {
            "_desired": "km-Khmr",
            "_distance": 10,
            "_oneway": true,
            "_supported": "en-Latn"
          },
          {
            "_desired": "kn-Knda",
            "_distance": 10,
            "_oneway": true,
            "_supported": "en-Latn"
          },
          {
            "_desired": "lo-Laoo",
            "_distance": 10,
            "_oneway": true,
            "_supported": "en-Latn"
          },
          {
            "_desired": "ml-Mlym",
            "_distance": 10,
            "_oneway": true,
            "_supported": "en-Latn"
          },
          {
            "_desired": "my-Mymr",
            "_distance": 10,
            "_oneway": true,
            "_supported": "en-Latn"
          },
          {
            "_desired": "ne-Deva",
            "_distance": 10,
            "_oneway": true,
            "_supported": "en-Latn"
          },
          {
            "_desired": "or-Orya",
            "_distance": 10,
            "_oneway": true,
            "_supported": "en-Latn"
          },
          {
            "_desired": "pa-Guru",
            "_distance": 10,
            "_oneway": true,
            "_supported": "en-Latn"
          },
          {
            "_desired": "ps-Arab",
            "_distance": 10,
            "_oneway": true,
            "_supported": "en-Latn"
          },
          {
            "_desired": "sd-Arab",
            "_distance": 10,
            "_oneway": true,
            "_supported": "en-Latn"
          },
          {
            "_desired": "si-Sinh",
            "_distance": 10,
            "_oneway": true,
            "_supported": "en-Latn"
          },
          {
            "_desired": "ta-Taml",
            "_distance": 10,
            "_oneway": true,
            "_supported": "en-Latn"
          },
          {
            "_desired": "te-Telu",
            "_distance": 10,
            "_oneway": true,
            "_supported": "en-Latn"
          },
          {
            "_desired": "ti-Ethi",
            "_distance": 10,
            "_oneway": true,
            "_supported": "en-Latn"
          },
          {
            "_desired": "tk-Latn",
            "_distance": 10,
            "_oneway": true,
            "_supported": "ru-Cyrl"
          },
          {
            "_desired": "ur-Arab",
            "_distance": 10,
            "_oneway": true,
            "_supported": "en-Latn"
          },
          {
            "_desired": "uz-Latn",
            "_distance": 10,
            "_oneway": true,
            "_supported": "ru-Cyrl"
          },
          {
            "_desired": "yi-Hebr",
            "_distance": 10,
            "_oneway": true,
            "_supported": "en-Latn"
          },
          {
            "_desired": "sr-Latn",
            "_distance": 5,
            "_supported": "sr-Cyrl"
          },
          {
            "_desired": "za-Latn",
            "_distance": 10,
            "_oneway": true,
            "_supported": "zh-Hans"
          },
          {
            "_desired": "zh-Hani",
            "_distance": 20,
            "_oneway": true,
            "_supported": "zh-Hans"
          },
          {
            "_desired": "zh-Hani",
            "_distance": 20,
            "_oneway": true,
            "_supported": "zh-Hant"
          },
          {
            "_desired": "ar-Latn",
            "_distance": 20,
            "_oneway": true,
            "_supported": "ar-Arab"
          },
          {
            "_desired": "bn-Latn",
            "_distance": 20,
            "_oneway": true,
            "_supported": "bn-Beng"
          },
          {
            "_desired": "gu-Latn",
            "_distance": 20,
            "_oneway": true,
            "_supported": "gu-Gujr"
          },
          {
            "_desired": "hi-Latn",
            "_distance": 20,
            "_oneway": true,
            "_supported": "hi-Deva"
          },
          {
            "_desired": "kn-Latn",
            "_distance": 20,
            "_oneway": true,
            "_supported": "kn-Knda"
          },
          {
            "_desired": "ml-Latn",
            "_distance": 20,
            "_oneway": true,
            "_supported": "ml-Mlym"
          },
          {
            "_desired": "mr-Latn",
            "_distance": 20,
            "_oneway": true,
            "_supported": "mr-Deva"
          },
          {
            "_desired": "ta-Latn",
            "_distance": 20,
            "_oneway": true,
            "_supported": "ta-Taml"
          },
          {
            "_desired": "te-Latn",
            "_distance": 20,
            "_oneway": true,
            "_supported": "te-Telu"
          },
          {
            "_desired": "zh-Latn",
            "_distance": 20,
            "_oneway": true,
            "_supported": "zh-Hans"
          },
          {
            "_desired": "ja-Latn",
            "_distance": 5,
            "_oneway": true,
            "_supported": "ja-Jpan"
          },
          {
            "_desired": "ja-Hani",
            "_distance": 5,
            "_oneway": true,
            "_supported": "ja-Jpan"
          },
          {
            "_desired": "ja-Hira",
            "_distance": 5,
            "_oneway": true,
            "_supported": "ja-Jpan"
          },
          {
            "_desired": "ja-Kana",
            "_distance": 5,
            "_oneway": true,
            "_supported": "ja-Jpan"
          },
          {
            "_desired": "ja-Hrkt",
            "_distance": 5,
            "_oneway": true,
            "_supported": "ja-Jpan"
          },
          {
            "_desired": "ja-Hira",
            "_distance": 5,
            "_oneway": true,
            "_supported": "ja-Hrkt"
          },
          {
            "_desired": "ja-Kana",
            "_distance": 5,
            "_oneway": true,
            "_supported": "ja-Hrkt"
          },
          {
            "_desired": "ko-Hani",
            "_distance": 5,
            "_oneway": true,
            "_supported": "ko-Kore"
          },
          {
            "_desired": "ko-Hang",
            "_distance": 5,
            "_oneway": true,
            "_supported": "ko-Kore"
          },
          {
            "_desired": "ko-Jamo",
            "_distance": 5,
            "_oneway": true,
            "_supported": "ko-Kore"
          },
          {
            "_desired": "ko-Jamo",
            "_distance": 5,
            "_oneway": true,
            "_supported": "ko-Hang"
          },
          {
            "_desired": "*-*",
            "_distance": 50,
            "_supported": "*-*"
          },
          {
            "_desired": "ar-*-$maghreb",
            "_distance": 4,
            "_supported": "ar-*-$maghreb"
          },
          {
            "_desired": "ar-*-$!maghreb",
            "_distance": 4,
            "_supported": "ar-*-$!maghreb"
          },
          {
            "_desired": "ar-*-*",
            "_distance": 5,
            "_supported": "ar-*-*"
          },
          {
            "_desired": "en-*-$enUS",
            "_distance": 4,
            "_supported": "en-*-$enUS"
          },
          {
            "_desired": "en-*-$!enUS",
            "_distance": 3,
            "_supported": "en-*-GB"
          },
          {
            "_desired": "en-*-$!enUS",
            "_distance": 4,
            "_supported": "en-*-$!enUS"
          },
          {
            "_desired": "en-*-*",
            "_distance": 5,
            "_supported": "en-*-*"
          },
          {
            "_desired": "es-*-$americas",
            "_distance": 4,
            "_supported": "es-*-$americas"
          },
          {
            "_desired": "es-*-$!americas",
            "_distance": 4,
            "_supported": "es-*-$!americas"
          },
          {
            "_desired": "es-*-*",
            "_distance": 5,
            "_supported": "es-*-*"
          },
          {
            "_desired": "pt-*-$americas",
            "_distance": 4,
            "_supported": "pt-*-$americas"
          },
          {
            "_desired": "pt-*-$!americas",
            "_distance": 4,
            "_supported": "pt-*-$!americas"
          },
          {
            "_desired": "pt-*-*",
            "_distance": 5,
            "_supported": "pt-*-*"
          },
          {
            "_desired": "zh-Hant-$cnsar",
            "_distance": 4,
            "_supported": "zh-Hant-$cnsar"
          },
          {
            "_desired": "zh-Hant-$!cnsar",
            "_distance": 4,
            "_supported": "zh-Hant-$!cnsar"
          },
          {
            "_desired": "zh-Hant-*",
            "_distance": 5,
            "_supported": "zh-Hant-*"
          },
          {
            "_desired": "*-*-*",
            "_distance": 4,
            "_supported": "*-*-*"
          }
        ]
      }
    }
  }
}
