{
  "supplemental": {
    "version": {
      "_unicodeVersion": "16.0.0",
      "_cldrVersion": "48"
    },
    "languageGroups": {
      "aav": "bbh bru brv hre irr kdt ktv kuf mkh mmj mun ncq ngt nyl oog pac phg ply sct sss tth tto zng",
      "afa": "ber cdc cus egx omv sem",
      "alg": "aaq abe alq arp ats bla chy ciw cr crr del etc kic mez mia mic mjy moe nnt oj ojb ojc ojs ojw otw pim pot pqm psy qyp sac sjw tqw unm wam xnt xpq",
      "alv": "aaa aab aba abi abm abn abo abr abu acd acp ada ade adj adq adu afe afn afu agb agc agq aha ahl ahp aik aiy ajg ak akd akf akp aku ala alf anf ann anv anw any aqd aqk asg asj ass ati ato aug avi avn awc ayb ayg ayi ayu azo bab bad bai bax bba bbk bbp bbs bcb bce bcg bci bcn bcs bcv bcz bda bdj bdt bec beh bes bfd bfl bfo bga bgf bgj bgo bgu bif bim bin biv bjg bjt bju bkc bkm bkv bky ble blo bly bmd bme bmf bmq bnt bnz boe bok bom bov box bqa bqj brm brt bsc bse bsp bsx btc btt bud buy buz bvi bvj bwh bwj bwu bwy byb byc byf byj bzv bzw bzy bzz cae cbj cbo cbq ccg cch ccj cfd cib cko cli cll cou cpn cry cwt dag dai dam dbg dbi dbt dbu dbv dbw dds deg deq dga dgb dgd dgi dir djm dmb dmm doh doo dop doy dtk dtm dto dts dtu dur duz dya dyi dym dyo dza ebg ebr ee efa efi ega ego ehu eja eka eke eki ekp ekr elm ema emn enn env enw eot epi erh esm etb ets etu etx evh eza eze fah fak fal fam fap fer ff ffm fir fll fni fod fon fub fue fuh fui fuj fum fuq fuv gaa gba gbg gbh gbp gbq gbr gbs gbx gby gdi ged gej gel geq gix gjn gke gkn glc gmd gmm gmz gnh gnz gol gox goy grh gsl gso gur guw gux gvm gwa gwx gye gyg hag hhr hoe ibb ibe ibm ibn ibr ich idc ide idr ids idu ig igb igl ihi ijo iki ikk iko ikw ilv iqw ish isi iso isu itm its itw izr izz jab jer jid jmr jms jni juh juk juo juw kaj kbp kcc kcg kcj kcq kdh kdm kdx kdz kef ken kes keu kez kfl kfn kgt khj kia kid kkm kku klc klk klo kma kmi kmy knf knp kou kov kow kph kpk kpl kpo kqg kqk kqm kqs krh kro krp krx kss kub kvm kxb kye kza kzc kzr lan lar las ldg ldh ldm ldq lee lef lgq lia lip lma lmp lns lob lof lro luq mae mbv mcj mcs mcu mdd mea mfc mfd mff mfn mfq mfv mgj mgn mgo mhk mij mkl mko mlo moj mor mos mql mru msj msw mtk mua muc muo mxl myg myj myk mzk mzm mzv mzw naj nat naw nbm nbo nbp nbr nbv nbw ncr ncu ndd ndi ndr ndt ndv ndz ned nfr nfu nga ngb nge ngg nhu nie nin njr nko nkq nku nkz nlu nmj nmr nmz nnu nnw noy nqk nsc nti ntm nuh nup nuv nyb nza nzi nzz obu oda odu ofu ogb ogc ogg ogo ogu okb oke oku opa orx otr pbl pbo pbp pcn pil pmb png pnl pnq pny pnz pug pwb pym res ruy saf sav scv sde sef sev sfw sha shw shz sig sil snf snj snw soy spp sqm srr ssl swf sxw tbm tbz tcd tde tdl tem tfi tgw tgy thy tik tiq tiv tkq tnr toz tsp tsw ttb tug tui tuz tvd twn uba uda uiv ukp ukq ukw ula umm urh usk uta uth utr uya vag vit vkn vor vut wbf wci wem wib wlx wo wof wom wrn wss wwa www xab xkb xoc xrb xsm xsn xwe xwl yam yav yay yaz yba ybj ybl yer yky yng ynq yo zna znd",
      "apa": "apj apk apl apm apw nv",
      "aqa": "alc",
      "aql": "alg wiy yur",
      "art": "afh avk bzt dws eo ia ie igs io isv jbo ldn lfn neu nov qya rmv sjn tlh tok tzl vo zba zbl",
      "ath": "aht apa bcr bea caf chp clc coq crx den dgr gce gwi haa hup ing kkz koy ktw kuu mvb qwt scs sek srs taa tau tcb tce tfn tgx tht tol ttm tuu txc wlk xup",
      "auf": "aru cul dny jaa pad swx",
      "aus": "adt aea aid ajn alh amg amy amz ant aoi ard avm awg awk axl ayd bcj bck bdy bia bjb bjy bpt bxi bxj bxn bym bzr dax dda ddr dgn dhg dhl dhr dhu dhx dif dja djb djd djf dji djn djr djw dmd dmw drl dth dwu dwy dyb dyd dyn dyy dze eaa err fln gbb gbd gbu gbw gdc gdh gdj gdt ggd ggk gia gih gjm gko gll gma gmr gni gnl gnn gnr gtu guf gup gvn gvy gwm gwu gww gyf gyy hrp ibd iin ikr ilg jan jao jay jbi jbw jig jng jui kba kbe kdd kgl kgs kjn kkp kky kld ktd ktg kux kuy lby lja ljw lkm lku llj lmc lnj lnw mem mep mfr mhg mph mpj mvl mwf mwp nam nay ngk nha nhf nig nji nju nly nmp nmv nnr nrk nrl ntg ntj nuy nwg nwo nxn nyh nys nyt nyv nyx okg olk pit piu pjt pkn pmd pnj pnv pnw pti rbp rit rkw rmb rnr rrt rsm rxd rxw tbh tgz thd tiw tjp tju tjw typ ugb uky umd umg ump ung urc urf uwa vka vku vma vmb vmi vml vmu wbt wbv wdj wdk wdu wdy wga wgg wgu wgy wie wig wih wij wik wil wim wkw wky wlg wmb wmi wmt wnm wnn wny wrb wrg wrh wri wrk wrm wro wrr wrw wrz wth wua wub wux wwr wyb wyi xbb xbe xbg xbp xda xdk xgd xgi xgm xgw xjb xmh xmp xmu xmy xni xnk xnu xny xpa xpj xpt xpz xrd xrg xru xth xul xut xwd xwj xwk xwt xww xya xyb xyj xyk xyt xyy yda yga ygi yia yii yij yil ylr ynd yrm yry yty yub ywg ywr yww yxg yxl zku zma zmc zmd zme zmg zmj zmk zml zmm zmt zmu zmv zmy",
      "awd": "aca ame aox apu arw auf avo bae brg bvv bwi cab caj cbb ccc cjo cni cot cox cpc crb cuj gae gqn guc ign inp kav kpc mcb mht mmh mpd mpw mzx not pab pbg pib pio plu pnk rgr sar tae ter tnq trn unk wap wau xir yaw ycn yvt",
      "azc": "chl cok com crn cup hch hop lui mfy mnr nah ncx nhi npl ntp ood opt pao par pia ser shh stp tac tar tbu tcu tep thh tla tub twr ute var xaw xgf xpo yaq",
      "bad": "bjo kuw lna lnl mnh nue tor",
      "bai": "bbj bko byv fmp jgo nla nnh nnz nwe xmg ybb",
      "bat": "lt ltg lv olt prg sgs svx sxl xcu xgl xsv xzm",
      "ber": "auj cnu gha gho gnc grr jbe jbn kab mzb nxm oua rif sds shi shy siz sjs swn taq tez thz tia tjo tmh zen zgh",
      "bnt": "abb agh asa auh axk baf bag bas bau bbg bbi bbm bbu bbx bdp beb bem beq bez bip biw biz bja bkf bkh bkj bkt bkw bli blv bmb bmg bml bmv bmw bng bni bnm bnx boh bou boy bpj bqm bqu bqz brf bri brl bsi bss buf bui bum buu bvb bvx bwc bwg bwl bwt bww bwz bxg bxp byi bzm cce ccl cgg chw cjk coh cuh cwa cwb cwe dav dbm dbo dde dez dhm dhs dig dii diu diz dma dmx dne doe dov dua dug dzn ebo ebu ekm eko eto fip flr fng fom fwe gev gey gmx gog gua guz gwb gwe gwr gyi haq hav hay hba heh hem hij hka hke hng hol hoo hz ifm ikz ilb isn iyx jgk jit jjr jku jmc job kam kbj kbs kck kcu kcv kcw kcz kdc kde kdn keb ked kel kg khu khx khy ki kiv kiz kki kkj kkw kmb kme kmw kny koo koq kqn ksb ksf ksv ktf ktu kty kuj kwm kwn kws kwu kwy kzn kzo kzy lag lai lch ldi lea lel lem leo lfa lg lgm lgz lie lik lke llb lli ln lnb lnz lol lon loo loq loz lse lsm lu lua lue luj lum lun lup luy lwa lwg lyn mbo mck mcp mcx mdp mdq mdt mdw mer mfo mfu mgg mgh mgq mgr mgs mgv mgw mgy mgz mhb mhd mhm mho mhw mjh mkk mkw mlk mma mmu mmz mny mow mpa mvw mwe mwn mws mwz mxc mxg mxo myc mye myx mzd nba nbd nd ndc ndh ndj ndk ndq ndw ngc ngl ngp ngv nih nim njd njx njy nka nkn nkt nkv nle nlj nmg nmq nnb nne nnq noq now nql nr nra nse nso nsx ntk nto nui nuj nvo nxi nxo ny nyc nye nyf nyg nyj nyk nym nyn nyo nyr nyu nyy nzb nzd nzu okc old olu ozm pae pbr pem phm pic piw pkb pnd pof poy ppp puu rag rim rnd rng rnw rof rub ruc ruf rui rwk rwm sak sbk sbm sbp sbs sdj seg seh sgm shc shq shr sie skt slx smx sn sng snq soc soo sop sox soz ss ssc st sub suj suk suw sw swj swk sxb sxe syi szv tap tbt tck teg tek tga thk tke tlj tll tmv tn tny tog toh toi ts tsc tsv ttf ttj tum tvs tvu twl two twx tyi tyx ukh umb vau ve vid vif vin vmk vmr vmw vum vun wbh wbi wdd wlc wmw wni won wum wun xdo xh xku xkv xma xmb xmc xnj xnq xog xsq yaf yao yas yat yax yel yey yko ymg ymk yns yom zaj zga zin ziw zmf zms zmw zmx zu",
      "btk": "akb bbc btd btm bts btx btz",
      "cai": "jic myn omq",
      "cau": "agx akv ani aqc av bbl bdk bph ccn ccs ce cji dar ddo gdo gin huz inh kap khv kjj kpt kry kva lbe lez rut tab tin tkr udi ugh xag xdq",
      "cba": "arh brn bzd cbg chb cjp cuk gut gym kog kvn mbp mot pay rma sab tbn tfr tnb tnd",
      "ccn": "ab abq ady kbd uby",
      "ccs": "jge ka lzz oge sva xmf",
      "cdc": "aal ajw anc ank bcw bcy bde bdm bdn bid bol bta btf bvf bvh bvw bwr bxq ckl ckq cky cla cxh daa dbb dbq dot dwa dzd fie fkk fli gab gde gdk gdu gea gek gew gid gis giz glo glw gnd gqa grd gwn gyz ha hed hia hig hna hwo jaf jeu jie jim jmb jmi juu kai kbz kcs ker kil kna kof kot kpa kqx kso ksq kuh kul kvf kvi kvj kwl ldd lln lme maf mcn mcw mes mew mfl mif mkf mlj mlw mmf mmy moz mpg mpi mpk mqb mse msv mug muj muy mxf mxu nbh ndm ngi ngw ngx nja nnc nnn nqt pbi pip piy pqa saa say scw sir sok sor sur swq swy tak tan tax tdk tmc trj tsh ttr ubi udl xed xmj zah zaz zbu zim ziz zns zrn zuy",
      "cdd": "ari cad kii paw wic",
      "cel": "br cnx cy ga gd ghc gv kw nrc oco pgl sth xcb xce xga xlp xpi",
      "cmc": "ace cja cje cjm hro huq ibh jra ocm rad rgs rog",
      "cpe": "bzk djk gcl gyn hwc kww ngm pcm pis rop tcs trf wes",
      "cpf": "acf cks crs gcf gcr ht lou mfe rcf scf",
      "cpp": "aoa cri fab idb kea mcm mzs pov pre tvy vkp",
      "cr": "csw",
      "csu": "aja avu bdh bex blm bmi bot bvq bxv dsi efe fgr fuu gbn gqr hor jyy kah kcm krs kwg kwv kxj lap led les lgg lmi log mdi mdj mgc mge mhi mne mwm mwu myb ndp niy nwm sba sbz snm yul",
      "cus": "aa aas ahg arv awn bds bej bji bnl bob bsw bxe byn dal dox drs dsh elo gax gdl gex gii gow gwd hae hdy irk kxc om orc rel sid so ssn ssy tqq tsb wbj wka xan ymm",
      "day": "bei bth byd lra sdo sne sre",
      "dmn": "bbo bib bm boo boz bqc bqp bwq bxl bxw bze bzx cpo dnj dnn dux dyu ggu gkp gnj goa jek jod jud kfo kga knk kno knu kpe lda lig llc lok lom man men mev mnk moa mwk mxx mzj nqo rkm sbd sho skq snk sos stj sus sym tjn tod vai xgb xkg yal zil",
      "dra": "aaf all bfq bha brh brw cde ctt cty emu era esg fmu gon hoy ima iru kej kep kev kfa kfb kfc kfd kff kfh kfi kmj kn kpb kru mha mjo mjp mjq mjr mju mjv ml mmk mrr mut muv nbg nit oty pcf pcg pkr ptq pty sle ta tcy te thn udg ull url vis vmd wkb wkl wku wsg xis xua xub xuj yea yeu ymr",
      "egx": "cop egy",
      "esx": "ale iu kl ysr",
      "euq": "emx eu",
      "fiu": "chm et fi fit fkv hu izh kca koi krl kv liv lud mdf mns mrj myv olo smi udm vep vot zkv",
      "fox": "ami bnn byq bzg ckv dru fos kae ppu pwn pyu pzh ssf sxr szy tay trv tsu tvx uon xnb xsy",
      "gem": "gme gmq gmw",
      "gme": "got xvn",
      "gmq": "da fo is nb nn no non nrn ovd sv",
      "gmw": "af ang bar cim dcr de dum en enm frk frr fy gct geh gmh goh gpe gsw ksh lb li lng mhn nds nl odt ofs oor osx pdc pdt pfl pld sco sth swg vls wae wep wym yec yi yih yol zea",
      "grk": "cpg el gmy grc pnt",
      "hmx": "bje bmt bpn buh bwn bwx cqd hma hmc hmd hme hmf hmg hmh hmi hmj hml hmm hmn hmp hmq hms hmv hmw hmy hmz hnj hrm huj ium mji mmr muq mww neo pha pnu sfm shx",
      "hok": "acv atw boi chd cid clo coc coj crz dih esq inz kju klb kyh mov mrc obi peb pef pej peq pom poo ppi puy sei sht sln veo was ynn yuf yum",
      "iir": "ask bdz bsh inc ira prn trm wbk xvi",
      "ijo": "iby ijc ije ijn ijs nkx okd okr orr",
      "inc": "aeq ahr anp as awa bdv bfy bgc bgw bha bhb bhe bhi bho bht bjj bmj bn bns bpy bra ccp cih ctg dhw dmk doi dry dub duh dv dwz emx gbl gda ghr gjk goj gu haj hi hif hii hlb hne hns jog keq key kfy khn kok kra ks ksy kvx kxp kyw lrk mag mai mjz mkb mke mki mr ne nhh nlx noe noi oak odk or ort pa pcl pgd pld pmh pra pwr raj rei rge rhg rjs rmd rme rmf rmi rmq rmt rom rsb rtw sa saz sck sd sdr si skr smm soi spv srx ssi sts syl tdb the thl thq thr tkb tkt tnv trl trw ur ved wry xnr",
      "ine": "bat cel cms gem grk hit hlu htx hy hyw hyx iir imy itc nei oht plq scx sla sqj sxo txb txh xcr xdc xil xlc xld xlg xli xln xls xlu xmk xpg xps xsd xto yms",
      "ira": "ae atn avd bal bgn bhh bjm bqi bsg ckb def deh esh fa fay gbz glk goz gzi hac hrz isk jdt jpr kfm kgn kho kiu ku lki lrc lrl lsa luz mnj mzn ntz nyq okh oru os pal peo prc ps rat rdb sdb sdf sdh sgr shm siy smy sog soj sqo srz tg tks tly tov ttt vaf vmh wbl wne xbc xco xkc xkj xkp xme xmn xpr xsc xtq yah yai ydg ysc zza",
      "iro": "cay chr lre moh ntw one ono see sqn tus",
      "itc": "la osc roa spx umc xae xfa xhr xum xve xvo xvs",
      "jpx": "ja",
      "kar": "blk bwe eky ghk jkm jkp kjp kjt ksw kvl kvq kvt kvu kvy kxf kxk pdu pwo pww wea",
      "kdo": "acz eli lmd taz tlo",
      "khi": "gku gnk gwj hgm hio hnh hts huc kqu kqz ktz kwz naq ngh nhr nmn sad shg tyu vaj xam xii xuu",
      "kro": "ahm ald bet bev bsq btg das dee dic gec ggb god grb grj grv gud gxx krw ktj kwp kyf ney nwb pye ted wec",
      "map": "aaw agn agz bbn bnd bpq bve don fox iba itd knx kvo kzl laz lbq lnd mli mqg mqx mth mvp mvv myw plc plw poz put pwm riu rjg sew slu snc tkd trb trx tvm vkt wah waz wrx xmm ymn",
      "mkh": "aem bgk bgl blr brb btq caq cbn cmo cog crv crw cwg dnu hkn hnu huo jah jhi kfj kha kjg kjm km kns kpm krr krv kxm lbn lcp lnh lwl mhe mlf mml mnq mnw mqt mra mtq mzt ncb nik nuo omx oyb pbv pcb pce pkt pll pnx prk prt rbb ril rka rmx sbo scb scq sea sed smu sqq ssm stg sti stt sxm syo sza szc tdf tea tef tgr thm tlq tmo tnz tou tpu tyh ukk uuu vi vwa wbm xao xkk xko xnh yin",
      "mno": "cgc mbb mbd mbi mqk msm mta",
      "mul": "aav afa art aus cai cau cpe crp dra esx euq hmx ine jpx kgp khi ko map nai nic paa sai sgn sit ssa tai tup tut und urj ypk",
      "mun": "agi asr bfw bix biy cdz ekl gaq gbj hoc jun kfp kfq khr ksz mjx pcj sat srb trd unr",
      "myn": "acr agu caa cac cak chf cob ctu emy hus itz ixl jac kek kjb knj lac mam mhc mop poc poh quc qum quv toj ttc tzh tzj tzo usp yua",
      "nah": "azd azn azz naz nch nci ncj ncl ngu nhc nhe nhg nhk nhm nhn nhp nhq nht nhv nhw nhx nhy nhz nlv nsu nuz ppl",
      "nai": "aes akz aql azc cdd chh cho cic cku csi csm css cst csz git hok iml iro kla krb kyl lmw mbe mik mjd mkq mus ncg nez nmu nol nrt nsq nsz pmw pwi sal sio sis skd sxk tkm tqn tsi uma vmv waa wac wak wnw xap xcy xnd yak yok",
      "ngb": "sg",
      "ngf": "aac abg abz adn aez ahh aip aqm asx asy ate auu auy aws awu awv bbb bbr bdf beu bfn bhl bie bir bjz bmh bmp bmu bmz bop boq bql bwk bxz cns dah daz ddg dev dge dgx dgz diy dna dni dnt dnw dof dui duk eip ekg ena enq eri fad fag fai faj fiw foi for frq gaf gah gaj gao gap gaw gcn gka gkd gmg grg gsn gvf hhi hhy hmu ihp imo ipo irx iwo jbj jka kbk kbq kcb kco kdw kew kgf kgq kgv khe kjy kkl klp klt klz kpq kpx kqi kti kts ktt kue kvd kvw kwr kyo kyt kyy kzm kzv lev luf mbw mcz med mgu mhf miw mjj mlh mmq mnz mpt mpv mqv mrz mso msx msz mtc mtg mtv mux mvq mze nbk nca nec nej net nkg nkj nks nlc nlk nnf nps nwr nxr oia okv omw onj opk opm pda pla pmr prw psa rmp rwo sbq sej six smc sra sst ssu stm sue sug sui swm swt szb tbg tbv tif tkx tlf tml tnh tpg trh twg ubu ufi uhn ukg urm usu wei whg wmc wms wnc wng wno wnu woi wrv wtf xow xsp xte yac ybm ygm ygr yir yli ynb yon yrb yrw ytw",
      "nic": "alv aqg baw bff bka bun bxc bza dmn gng kdo kfz kni kus lam maw ras syx tag xon xxb",
      "nub": "dgl dil drb elh fia ghl kdu kko onw wll xnz",
      "omq": "amu azg azm cco chj chq chz cip cly cnl cnt coz csa cso cta cte ctl ctp ctz cuc cut cux cvn czn ixc jmx mab maj maq mat mau mce mdv mib mie mig mih mii mil mim mio mip mit miu mix miy miz mjc mks mom mpm mqh mtu mtx mvg mxa mxb mxs mxt mxv mxy ocu oto pbe pbf pbs pca pei pls pmq pmz poe pow pps sut tcf tpc tpl tpx trc trq trs vmc vmm vmq vmx vmy vmz xta xtb xti xtj xtl xtn xtt xtu xty zaa zab zac zad zae zaf zam zao zap zaq zar zas zat zav zaw zoo zpb zpc zpd zpe zpf zph zpi zpl zpm zpo zpp zpq zpr zps zpt zpu zpw zpy zpz zsr zte ztg ztm ztn ztp ztq ztt ztx zty",
      "omv": "aiw amf bcq bst bwo cra dim doz dwr gmv gof gyl jnj kbr kcx kqy kxh mdy mfx moy myo oyd wal zay",
      "oto": "maz mmc ote otl otm otn otq ots ott otx otz",
      "paa": "aad aag aah aau adb ado aew afd afi afk afp afz agl ago aif ail air aki akq alx amn amp anj anz aod aof aog aoj aon aos ape auk aun auw avt awr aww aya ayq bcf beo bey bit bnv bnw bow bqb bqq bqs brq bry but bvn bye byx bzf can cjn dbf dia dju dnd dol duv eit eiv ele elk ert etr fau flh gai gak gbe gbf gbi gcc geb gnu grq ham ian ibu igg igm imn iwm iws jet kax kcd kct keh khd kih kiw kiy kjd kjx kkb kkc klq kmn kmo kms kmx knr kps kqa kqj krz kwe kwj kxq kxt kxw kyx kzz lei lgt lkl lll lni lnm loa lpe mbx mcr mdb mej mfw mgt mkc mle mmi mok mqo mqs msg msy mtf mty mwb mxk mxn mxw mzu nac naf nas nby ncm nco ner nex ngf nib nii niz nkm nmx nnk nnm nqn nud nux oin okk omo ong onk onr osu oue pgi pgu pin psq pup rac rao ret rhp rmh rmk roo saj sbg sbi sdk sim siq siu siv skc skm sll smb smf smg smq smz snr snu snx sny snz sow spi spk spm srl ssd ssj ssx stf tad tbp tbs tby tci tcq tds tei tft tgu tip tlb tmj tmu tqm tqo tsx tua tuj tvo tyn tzx uis upi urg uri uro urt urx utu van waj wax wbe wdg wgi wii wli wmo wnb wnp wog wos wrs wtk xau xbi xoi xop xrw xse xwr xxt yde yee yev ygl yis yla ylg yll ynl yss ywa yyu zmh zuh",
      "phi": "abd agk agt agy akl alj aqn atk atl atm atp att atz ayt azt bfx bik bks blf bln bnc bne bnj bno bnq bpr bps btn bto btw bvy bya ceb cts cyo daw dgc dul duo ebk fbl fil gad gdg gor hil hnn ibg ibl ifu ify ilk ilm ilo ilp inn iry isd iti itt itv ity ivb ivv kak klg kll kmd kmk kml knb kne kqe krj ksc ksn kyj kyk kyn laa lbl llq loc mdh mmn mno mog mrw mry msb msk mtw obk pag pam plv rbk rbl rol rth sbl sgb sgd skn smk snl srg srv stb suc sxn syb tao tbk tbl tbw tdn tdy tgn tgt tis tiu tnt tnw tom tsg twb txs ubl vbk war xnn xsb",
      "plf": "aaz alo alp amq amv aoz apx asl baj bay bgy bkx bvt bzn emw frd gal hbu heg hrk hti huk huw idt ilu jal jmd kei kem kje krd kuv kvp kvv kwh kzb kzd kzx lcd lcl lcq lex lhh lka llg lox lti lva mgm mhs mqp mss mxz nae nil nni nxa nxl oni plh rgu rmm row sgu skz spb spr srw sve sws szn tdt tet tev tlt tlu tlv tre tve twu txn txq tzn udj urn vme weo wet wha wmh",
      "poz": "abl abs adr akg aol bdb beg bew bhp bhr bhv bjn bmm bny btk bzc coa day dro dun dup duq duw end eno gay hvn iba id ila jak jas jax jv jvn kaw kdg kge kkx kod ksx kuk kvh kvr kxd kxn kyd kyi kys kzi lbx lce lgi liw ljl ljp lkj llk lmq lmy lur lwt mel mfp mg mhy mkn mnb mqy ms msh mtd mui mvd mwv mxr nea nfa nia nij nrm nrz nsy nxe nxg omy orn ors osi otd pea pel pez phi pku ple plf pne pnm pqe pqw pse puc puf reb ree rej ror sas sau sdx sge skg skh ski smr smw snv spg ssq sya tdx tes tjg tkg tmw ttg ttw twy txy ulu umi urk vkk wew whk wnk xbr xdy xkd xkl xky xmv xmw xxk zbc zbe zbw zlm",
      "pqe": "adz aek agf agw ahb aia aie aix aji akr alm alu and ane anx aok aor apb app apr aps aqr asz aty aua aud aul auq aut axx baa bch bcm bcu bed bek bgt bhc bhw biq bjk bjl bjp bki blp blq bmc bmn bnk bnp bnr bpa bpg bpk brj brr btj btp btr buk bvc bvd bwa bwd bwf bxa bxf bzh bzq cal cam chk cir crc dac ddi dgg dhv dob dor dsn duf dva dww elu emi erg erk erw etn faf far fj fnb frt fud fut fwa gar gdd gei gfk gga ggt ghn gil gip gmb goc goo gop gri grw grz gve gzn hah hao haw hiw hla ho hoa hot hul hvk iai iff ire irh ism jae jaj jaz kbm kbw kcl kdk kgb khl kij kis kji kkk klv koa kos kpg kqw krf ksd ksg ksl ktm kud kvc kwd kwf kxa kxr kzk kzu lbb lbu lbv lcc lcm lek ler let leu lga lgb lgk lgl lgr lgu lht lib lid lio lkn lle llf llp llu llx lmb lmg lml lmu lmv lnn loj los lpa lrv lrz lww lxm lzl mcy mee mek met meu mft mgl mh mhz mi mjm mkj mkt mkv mky mla mll mln mlu mlv mlx mme mmg mmm mmo mmt mmw mmx mna mnl mnv mox mpl mpn mpo mpr mpy mqa mqm mqz mrb mrk mrl mrm mrn mrp mrq mrs mrv msn msq msu mte mtt mva mvo mvt mvx mwa mwc mwg mwh mwi mwo mxe mxm na nak nal nbn ncc ncf ncn nee nek nem nen nfl ngr nho niu nke nkk nkp nkr nlg nlz nmb nmk nms nmt nnd npn npx nrg nsn nss nsw ntu nua num nuq nur nuw nvh nwi ojv olr omb onu ora orz oum pek pex pfa pgk pif piv pix piz pkg pkp plb pma pme pmt pnh pon pop ppm ppn pri pss psw ptp ptr ptv puw pwg rai rak rap rar ray rga rkh roe rpn rri rrm rro rtm rug sax sbb sbc sbe sbh sgz sih sij sjr ske sku sky slz sm sns sob sol sov spe sps srf sry ssg sso ssv ssz stn stw svb swp sww szw tbc tbe tbf tbj tbx tgc tgi tgp tgs tio tkl tkp tkv tkw tlm tlr tls tlx tmb tmi tmq tmt tmy tni tnk tnl tnn tnp tns tnx to tox tpa tpf tpv tpz tql tqp tsr tti ttu ttv tuc tva tvk tvl twp ty ubr uge uli una unu upv urr urv utp uur uve uvl val vao vlp vmg vnk vnm vnp vra vrs vrt wab wad wag wat wbb wbw wed wgb wgo wiv wlr wls wmn woc woe wsa wuv wuy wwo wyy xkx xsi yap yki ykk ykm ylb yly zeg zgr",
      "pqw": "abx ban bdg bdl bdr bdx bep bgb bhq bhz bkz bna bnu brs bsb bsu bsy bug bup bzl ch cia cmc cml dbj dkk dms dmv dok dpp drg dtb dtp dtr emb kgx khc kjc kjk kkv klw kly kqr ktq kzf kzs law lbw lew ley lix lji loe low mad mak mdr mkm mqj mqn mqq mwt myl mzq npy osn pau pdo pee pmf pnp psn raz rob ruu sda sjm sko skx slm sml srk ssb sse su tdi tdj tgb tlk tln ttp txe txm ues ums unz vkl vko wlo wow wru wtw xkq xks xmz yka zbt",
      "qwe": "inb inj qu qub qud quf qug quh quk qul qup qur qus quw qux quy qva qvc qve qvh qvi qvj qvl qvm qvn qvo qvp qvs qvw qvz qwa qwc qwh qws qxc qxh qxl qxn qxo qxp qxr qxt qxu qxw",
      "roa": "an ca cbk co cpf cpp dlm drc egl es ext fax fr frc frm fro frp fur gl ist it itk lad lij lld lmo mxi nap nrf oc osp pcd pld pln pml pms pro pt rgn rm rmq ro ruo rup ruq sc scn sdc sdn sdt vec wa zrp",
      "sai": "aap acs acu agr ake ako amc amr anb aoc apn apy aqa arj ark arl aro atc atr atx avs awd axb ay ayc bao bkq bor bsn cah cao car cav cax cba cbc cbi cbr cbs cbt cbu ciy coe cof crq crt cub cui cuo des ese fun gob gta guh gum guo guu gvc gvp hix hub hug iqu isc jbt jeb jiv jqr jru kaq kbb kbc knt kpj kqq kre ktx kui kwi mbc mbl mbn mca mcd mcf mcg mch mcl mmv moc mpq mtp mts myy mzo mzr nuc omc omu opy ore oti otu pbc pbh pcp pev pig pir plg pno pok puq pyn qwe ram rem rey rkb sey shb shp sik sni snn spc sri suy tav tba teb ten tna tnc tno tob tri ttk tue tuo tux txi txu umo vkm waw way wca wlv xav xer xkr xok xor xpk xra xre xri xsu yaa yad yar yme ynu yro yui yup ywn zro",
      "sal": "blc cea cjh clm col coo cow crd fla hur lil lut nok oka ptw qun sec shs ska slh sno spo squ str thp til twa",
      "sdv": "ach adh alz anu atu bdi bfa bxb byg dau ddd dib din dip diw dks enb eyo jum kdj keo kln koe kpz liu lky loh lot lpx lth luo mas mfz mhi mqu mur muz mym niq njl nnj nsg nub nus oki omt pko saq sgc shj shk soh suq tbi tcc tec teo teq tex toq tuv tuy ukv xel xmr xwg zmo",
      "sem": "aao abh acm acy aeb aec agj aii akk am amw apc ar arq ars ary arz auz avl ayl ayp bhm bhn dlk fif gdq gez gru har hbo he hoh hrt hss inm ior isr jpa jrb jye kcn kqd lhs mey mid mvz mys myz oar obm phn rzh sgw shv smp sqr sqt ssh stv syr ti tig tru uga wle xaa xdm xeb xha xhd xna xpu xqt xsa yhd yud zwa",
      "sgn": "ncs",
      "sio": "asb bll chc cmm cro dak hid iow ksk lkt mhq ofo oma osa qua sto tta win xwc",
      "sit": "acn aeu ahk aim anm aot aph atb aub bap bca bfc bgg bgr bhj biu bo brd bxd byh byo byw bzi cdf cdm cfm ckh ckn clj clk cmr cnc cng cnh cnk csh csj ctd cth ctn cur cuw cvg dao der dhi dis drq dus emg enu ero ers gan gnb goe gqi grt hle hmr hni hpo hsn ii jee jih jiu jiy jkr jnl jya kac kaf kar kdq kfw kgj kif kip kix kjl kjz kkt kle klr kmm ktp lax lay lbg lbr lep lgh lhi lhp lhu lif lis lkc llh lmh lov lpo lrr lsh lsi lus lwm lwu mhu mjw mni mpz mrh mro muk mxj my nbe nbi nbu ncd new njb njh njm njn njo nkb nkd nkf nkh nki nma nme nmo nmy nng nnl nnp nos npb npg nph npo npu nqy nre nri nru nsf nsm nst ntx nty nwc nxk nxq nzm obr pck phh pho phq pkh pmi pmj pmx pub pum pzn qvy qxs raa rab raf rah raq rau rav ria rji rki rmz rtc ruh sch sdp sgk sgp shl sjl slt smh smt ssk suv suz sxg taj tbq tcl tco tcz tdh tge thf tij tji tjs tpe tro trp tvn txg txo ugo usi vap vay weu wme wuh wuu xac ybh ybi ych ycl ycp yif yig yim yiq yiv yiz ykt ylo ymc ymd ymi ymq ymx ymz yna ypa yph ypn ypo ypp ypz ysd ysp ysy yta ytl yue ywl ywq ywt zal zhx zkd zkn zkr zom",
      "sla": "csb pl pox rsk zle zls zlw",
      "smi": "se sia sjd sje sjk sjt sju sma smj smn sms",
      "son": "ddn dje dsq hmb kcy khq ses tda tst twq",
      "ssa": "amj bdo bms csu dgk dzg fvr gly ikx kbl kbo kby kcp kec kgo kie klf kmq kr krt kth laj lgn mde mdg mgd mls mxh nrb nyp rou sdv son tbr teu tey tuq udu wti xom zag",
      "sw": "swc",
      "syd": "enf enh kjh mtm nio sel xas yrk",
      "tai": "aho aio blt eee khb kht ksu lo nod nrr nut pcc pdi phk shn soa tdd th thi tjl tnu tpo tsl tyj tyr tyz za zch zeh zgb zgm zgn zhn zlj zln zlq zyg zyj",
      "tbq": "adi adl apt bee bft bfu bqh bro brx cda cdn cgk chx dka drd dre duu dz dzl ghe ghh ght gro gvr gyo hut jda jna jul kbg kfk kgy khg kkf kte kzq lae lbf lhm lkh loy mrg nbt neh njz nmm npa nun ola ole prx rgk rnp sbu scp scu sgt sip skj spt syw taj tdg tgf tgj ths tpq tsj tsk ttz twm xkf xkz xns xsr xzh zau",
      "trk": "aib alt atv az azb ba bgx chg cjs clw crh cv dlg gag ili jct kaa kdr kim kjh kk klj kmz krc kum ky nog otk oui qwm qxq sah slr sty tk tr tt tyv ug uum uz xbo xpc xqa ybe zkh zkz",
      "tup": "aan ait ama api aqz arr arx asn asu aux avv awe awt cin cod eme gn gnw gub gui gun guq gvj gvo gyr jor jua jur kay kgk kpn ktn kuq kyr kyz mav mdz mnd mpu msp myu nhd omg oym paf pah pak pog psm pta pto skf srq sru taf tkf tpj tpk tpn tpr tqb twt urb uru urz wir wyr xaj xiy xmo yrl yuq",
      "tut": "ain ams jje kzg mvi ojp okm okn oko pkc ryn rys ryu tkn trk tuw xgn xpy xug yoi yox zkg zkt",
      "tuw": "eve evn gld juc mnc neg oaa oac orh sjo ude ulc",
      "urj": "fiu omk rts syd xcv ykg yux",
      "wak": "dtd has hei kwk myh nuk",
      "wen": "dsb hsb",
      "xgn": "bua bxm bxu cmg dta kxs mhj mjg mn mvf peh sce xal xng ykh yuy",
      "xnd": "ath eya hoi tli",
      "ypk": "ess ynk",
      "zhx": "cdo cjy cnp cpx csp czh czo ltc mnp nan och wxa zh",
      "zle": "be orv ru rue uk",
      "zls": "bg bs cu hr kjv mk sl sr svm",
      "zlw": "cs czk sk szl wen",
      "znd": "zne"
    }
  }
}
