{
  "supplemental": {
    "version": {
      "_unicodeVersion": "16.0.0",
      "_cldrVersion": "48"
    },
    "scriptData": {
      "scriptVariants": {
        "compound": {
          "Hanb": {
            "_base": [
              "Hani",
              "Bopo"
            ]
          },
          "Hntl": {
            "_base": [
              "Hant",
              "Latn"
            ]
          },
          "Hrkt": {
            "_base": [
              "Hira",
              "Kana"
            ]
          },
          "Jpan": {
            "_base": [
              "Hani",
              "Hira",
              "Kana"
            ]
          },
          "Kore": {
            "_base": [
              "Hang",
              "Hani"
            ]
          }
        },
        "subset": {
          "Hans": {
            "_base": [
              "Hani"
            ]
          },
          "Hant": {
            "_base": [
              "Hani"
            ]
          },
          "Jamo": {
            "_base": [
              "Hang"
            ]
          }
        },
        "visual": {
          "Aran": {
            "_base": [
              "Arab"
            ]
          },
          "Cyrs": {
            "_base": [
              "Cyrl"
            ]
          },
          "Latf": {
            "_base": [
              "Latn"
            ]
          },
          "Latg": {
            "_base": [
              "Latn"
            ]
          },
          "Syre": {
            "_base": [
              "Syrc"
            ]
          },
          "Syrj": {
            "_base": [
              "Syrc"
            ]
          },
          "Syrn": {
            "_base": [
              "Syrc"
            ]
          }
        }
      }
    }
  }
}
