{
  "supplemental": {
    "version": {
      "_unicodeVersion": "16.0.0",
      "_cldrVersion": "48"
    },
    "unitPrefixes": {
      "atto": {
        "_symbol": "a",
        "_power10": "-18"
      },
      "centi": {
        "_symbol": "c",
        "_power10": "-2"
      },
      "deci": {
        "_symbol": "d",
        "_power10": "-1"
      },
      "deka": {
        "_symbol": "da",
        "_power10": "1"
      },
      "exa": {
        "_symbol": "E",
        "_power10": "18"
      },
      "exbi": {
        "_symbol": "Ei",
        "_power2": "60"
      },
      "femto": {
        "_symbol": "f",
        "_power10": "-15"
      },
      "gibi": {
        "_symbol": "Gi",
        "_power2": "30"
      },
      "giga": {
        "_symbol": "G",
        "_power10": "9"
      },
      "hecto": {
        "_symbol": "h",
        "_power10": "2"
      },
      "kibi": {
        "_symbol": "Ki",
        "_power2": "10"
      },
      "kilo": {
        "_symbol": "k",
        "_power10": "3"
      },
      "mebi": {
        "_symbol": "Mi",
        "_power2": "20"
      },
      "mega": {
        "_symbol": "M",
        "_power10": "6"
      },
      "micro": {
        "_symbol": "μ",
        "_power10": "-6"
      },
      "milli": {
        "_symbol": "m",
        "_power10": "-3"
      },
      "nano": {
        "_symbol": "n",
        "_power10": "-9"
      },
      "pebi": {
        "_symbol": "Pi",
        "_power2": "50"
      },
      "peta": {
        "_symbol": "P",
        "_power10": "15"
      },
      "pico": {
        "_symbol": "p",
        "_power10": "-12"
      },
      "quecto": {
        "_symbol": "q",
        "_power10": "-30"
      },
      "quetta": {
        "_symbol": "Q",
        "_power10": "30"
      },
      "ronna": {
        "_symbol": "R",
        "_power10": "27"
      },
      "ronto": {
        "_symbol": "r",
        "_power10": "-27"
      },
      "tebi": {
        "_symbol": "Ti",
        "_power2": "40"
      },
      "tera": {
        "_symbol": "T",
        "_power10": "12"
      },
      "yobi": {
        "_symbol": "Yi",
        "_power2": "80"
      },
      "yocto": {
        "_symbol": "y",
        "_power10": "-24"
      },
      "yotta": {
        "_symbol": "Y",
        "_power10": "24"
      },
      "zebi": {
        "_symbol": "Zi",
        "_power2": "70"
      },
      "zepto": {
        "_symbol": "z",
        "_power10": "-21"
      },
      "zetta": {
        "_symbol": "Z",
        "_power10": "21"
      }
    },
    "unitConstants": {
      "AMU": {
        "_description": "https://www.nist.gov/pml/special-publication-811/nist-guide-si-chapter-5-units-outside-si#table7",
        "_value": "1.66053878283E-27",
        "_status": "approximate"
      },
      "ft_to_m": {
        "_value": "0.3048"
      },
      "ft2_to_m2": {
        "_value": "ft_to_m*ft_to_m"
      },
      "ft3_to_m3": {
        "_value": "ft_to_m*ft_to_m*ft_to_m"
      },
      "G": {
        "_description": "https://arxiv.org/pdf/1510.07674.pdf see 2014 CODATA",
        "_value": "6.67408E-11",
        "_status": "approximate"
      },
      "gal_imp_to_m3": {
        "_value": "0.00454609"
      },
      "gal_to_m3": {
        "_value": "231*in3_to_m3"
      },
      "glucose_molar_mass": {
        "_description": "derivation from the mean atomic weights according to STANDARD ATOMIC WEIGHTS 2019 on https://ciaaw.org/atomic-weights.htm",
        "_value": "180.1557"
      },
      "gravity": {
        "_value": "9.80665"
      },
      "in3_to_m3": {
        "_value": "ft3_to_m3/12*12*12"
      },
      "item_per_mole": {
        "_value": "6.02214076E+23"
      },
      "lb_to_kg": {
        "_value": "0.45359237"
      },
      "meters_per_AU": {
        "_description": "https://www.iau.org/public/themes/measuring/",
        "_value": "149597870700"
      },
      "PI": {
        "_value": "411557987 / 131002976",
        "_status": "approximate"
      },
      "sec_per_julian_year": {
        "_value": "31557600"
      },
      "shaku_to_m": {
        "_description": "https://en.wikipedia.org/wiki/Japanese_units_of_measurement",
        "_value": "4/121"
      },
      "sho_to_m3": {
        "_description": "https://en.wikipedia.org/wiki/Japanese_units_of_measurement",
        "_value": "2401/1331*1000"
      },
      "speed_of_light_meters_per_second": {
        "_value": "299792458"
      },
      "tsubo_to_m2": {
        "_description": "https://en.wikipedia.org/wiki/Japanese_units_of_measurement",
        "_value": "400/121"
      }
    },
    "unitQuantities": {
      "ampere": {
        "_quantity": "electric-current",
        "_status": "simple"
      },
      "ampere-per-meter": {
        "_quantity": "magnetic-field-strength"
      },
      "ampere-per-square-meter": {
        "_quantity": "current-density"
      },
      "bit": {
        "_quantity": "digital",
        "_status": "simple"
      },
      "candela": {
        "_quantity": "luminous-intensity",
        "_status": "simple"
      },
      "candela-per-square-meter": {
        "_quantity": "illuminance"
      },
      "candela-square-meter-per-square-meter": {
        "_quantity": "luminous-flux"
      },
      "cubic-meter": {
        "_quantity": "volume"
      },
      "cubic-meter-per-kilogram": {
        "_quantity": "specific-volume"
      },
      "cubic-meter-per-meter": {
        "_quantity": "consumption"
      },
      "cubic-second-square-ampere-per-kilogram-square-meter": {
        "_quantity": "electric-conductance"
      },
      "em": {
        "_quantity": "typewidth",
        "_status": "simple"
      },
      "item": {
        "_quantity": "substance-amount",
        "_status": "simple"
      },
      "item-per-cubic-meter": {
        "_quantity": "concentration"
      },
      "item-per-kilogram": {
        "_quantity": "concentration-mass"
      },
      "item-per-second": {
        "_quantity": "catalytic-activity"
      },
      "kelvin": {
        "_quantity": "temperature",
        "_status": "simple"
      },
      "kilogram": {
        "_quantity": "mass",
        "_status": "simple"
      },
      "kilogram-meter-per-square-second": {
        "_quantity": "force"
      },
      "kilogram-per-cubic-meter": {
        "_quantity": "mass-density"
      },
      "kilogram-per-kilogram": {
        "_quantity": "mass-fraction"
      },
      "kilogram-per-meter-square-second": {
        "_quantity": "pressure"
      },
      "kilogram-per-square-meter-square-second": {
        "_quantity": "pressure-per-length"
      },
      "kilogram-per-square-second-ampere": {
        "_quantity": "magnetic-induction"
      },
      "kilogram-square-meter-per-cubic-second": {
        "_quantity": "power"
      },
      "kilogram-square-meter-per-cubic-second-ampere": {
        "_quantity": "voltage"
      },
      "kilogram-square-meter-per-cubic-second-square-ampere": {
        "_quantity": "electric-resistance"
      },
      "kilogram-square-meter-per-square-second": {
        "_quantity": "energy"
      },
      "kilogram-square-meter-per-square-second-ampere": {
        "_quantity": "magnetic-flux"
      },
      "kilogram-square-meter-per-square-second-square-ampere": {
        "_quantity": "electric-inductance"
      },
      "meter": {
        "_quantity": "length",
        "_status": "simple"
      },
      "meter-per-second": {
        "_quantity": "speed"
      },
      "meter-per-square-second": {
        "_quantity": "acceleration"
      },
      "night": {
        "_quantity": "night-duration",
        "_status": "simple"
      },
      "part": {
        "_quantity": "portion",
        "_status": "simple"
      },
      "per-second": {
        "_quantity": "radioactivity"
      },
      "pixel": {
        "_quantity": "graphics",
        "_status": "simple"
      },
      "pixel-per-meter": {
        "_quantity": "resolution"
      },
      "pow4-second-square-ampere-per-kilogram-square-meter": {
        "_quantity": "electric-capacitance"
      },
      "revolution": {
        "_quantity": "angle",
        "_status": "simple"
      },
      "revolution-per-meter": {
        "_quantity": "wave-number"
      },
      "revolution-per-second": {
        "_quantity": "frequency"
      },
      "second": {
        "_quantity": "duration",
        "_status": "simple"
      },
      "second-ampere": {
        "_quantity": "electric-charge"
      },
      "square-meter": {
        "_quantity": "area"
      },
      "square-meter-per-square-second": {
        "_quantity": "ionizing-radiation"
      },
      "square-revolution": {
        "_quantity": "solid-angle"
      },
      "year": {
        "_quantity": "year-duration",
        "_status": "simple"
      }
    },
    "convertUnits": {
      "acre": {
        "_baseUnit": "square-meter",
        "_systems": [
          "ussystem",
          "uksystem"
        ],
        "_factor": "ft2_to_m2 * 43560"
      },
      "ampere": {
        "_baseUnit": "ampere",
        "_systems": [
          "si",
          "metric",
          "prefixable"
        ]
      },
      "arc-minute": {
        "_baseUnit": "revolution",
        "_systems": [
          "si_acceptable",
          "metric_adjacent",
          "ussystem",
          "uksystem",
          "astronomical"
        ],
        "_factor": "1/360*60"
      },
      "arc-second": {
        "_baseUnit": "revolution",
        "_systems": [
          "si_acceptable",
          "metric_adjacent",
          "ussystem",
          "uksystem",
          "astronomical"
        ],
        "_factor": "1/360*60*60"
      },
      "astronomical-unit": {
        "_baseUnit": "meter",
        "_systems": [
          "astronomical",
          "si_acceptable"
        ],
        "_factor": "meters_per_AU"
      },
      "atmosphere": {
        "_baseUnit": "kilogram-per-meter-square-second",
        "_systems": [
          "ussystem",
          "uksystem"
        ],
        "_factor": "101325"
      },
      "bar": {
        "_baseUnit": "kilogram-per-meter-square-second",
        "_systems": [
          "si_acceptable",
          "metric",
          "prefixable"
        ],
        "_factor": "100000"
      },
      "barrel": {
        "_baseUnit": "cubic-meter",
        "_systems": [
          "ussystem"
        ],
        "_factor": "42*gal_to_m3"
      },
      "beaufort": {
        "_special": "beaufort",
        "_baseUnit": "meter-per-second",
        "_systems": [
          "metric_adjacent"
        ]
      },
      "becquerel": {
        "_baseUnit": "per-second",
        "_systems": [
          "si",
          "metric",
          "prefixable"
        ]
      },
      "bit": {
        "_baseUnit": "bit",
        "_systems": [
          "metric_adjacent",
          "prefixable",
          "ussystem",
          "uksystem"
        ]
      },
      "british-thermal-unit": {
        "_baseUnit": "kilogram-square-meter-per-square-second",
        "_systems": [
          "ussystem",
          "uksystem"
        ],
        "_factor": "4.184*2267.96185/9"
      },
      "british-thermal-unit-it": {
        "_baseUnit": "kilogram-square-meter-per-square-second",
        "_systems": [
          "ussystem",
          "uksystem"
        ],
        "_factor": "4.1868*2267.96185/9"
      },
      "bu-jp": {
        "_baseUnit": "square-meter",
        "_systems": [
          "jpsystem"
        ],
        "_factor": "tsubo_to_m2*1"
      },
      "bushel": {
        "_baseUnit": "cubic-meter",
        "_systems": [
          "ussystem"
        ],
        "_factor": "2150.42*in3_to_m3"
      },
      "byte": {
        "_baseUnit": "bit",
        "_systems": [
          "metric_adjacent",
          "prefixable",
          "ussystem",
          "uksystem"
        ],
        "_factor": "8"
      },
      "calorie": {
        "_baseUnit": "kilogram-square-meter-per-square-second",
        "_systems": [
          "metric_adjacent",
          "prefixable"
        ],
        "_factor": "4.184"
      },
      "calorie-it": {
        "_baseUnit": "kilogram-square-meter-per-square-second",
        "_systems": [
          "metric_adjacent",
          "prefixable"
        ],
        "_factor": "4.1868"
      },
      "candela": {
        "_baseUnit": "candela",
        "_systems": [
          "si",
          "metric",
          "prefixable"
        ]
      },
      "carat": {
        "_baseUnit": "kilogram",
        "_systems": [
          "metric_adjacent",
          "ussystem",
          "uksystem"
        ],
        "_factor": "0.0002"
      },
      "celsius": {
        "_baseUnit": "kelvin",
        "_offset": "273.15",
        "_systems": [
          "si",
          "metric"
        ]
      },
      "century": {
        "_baseUnit": "year",
        "_systems": [
          "metric_adjacent",
          "ussystem",
          "uksystem",
          "astronomical"
        ],
        "_factor": "100"
      },
      "chain": {
        "_baseUnit": "meter",
        "_systems": [
          "ussystem",
          "uksystem"
        ],
        "_factor": "ft_to_m*66"
      },
      "cho": {
        "_baseUnit": "square-meter",
        "_systems": [
          "jpsystem"
        ],
        "_factor": "tsubo_to_m2*3000"
      },
      "coulomb": {
        "_baseUnit": "second-ampere",
        "_systems": [
          "si",
          "metric",
          "prefixable"
        ]
      },
      "cup": {
        "_baseUnit": "cubic-meter",
        "_systems": [
          "ussystem"
        ],
        "_factor": "gal_to_m3/16"
      },
      "cup-imperial": {
        "_baseUnit": "cubic-meter",
        "_systems": [
          "uksystem"
        ],
        "_factor": "gal_imp_to_m3/16"
      },
      "cup-jp": {
        "_baseUnit": "cubic-meter",
        "_systems": [
          "jpsystem"
        ],
        "_factor": "1*100*0.000001"
      },
      "cup-metric": {
        "_baseUnit": "cubic-meter",
        "_systems": [
          "metric_adjacent"
        ],
        "_factor": "0.00025"
      },
      "dalton": {
        "_baseUnit": "kilogram",
        "_systems": [
          "si_acceptable",
          "metric",
          "prefixable"
        ],
        "_factor": "AMU"
      },
      "day": {
        "_baseUnit": "second",
        "_systems": [
          "si_acceptable",
          "metric_adjacent",
          "prefixable",
          "ussystem",
          "uksystem",
          "astronomical"
        ],
        "_factor": "86400"
      },
      "day-person": {
        "_baseUnit": "second",
        "_systems": [
          "person_age"
        ],
        "_factor": "86400"
      },
      "decade": {
        "_baseUnit": "year",
        "_systems": [
          "metric_adjacent",
          "ussystem",
          "uksystem",
          "astronomical"
        ],
        "_factor": "10"
      },
      "degree": {
        "_baseUnit": "revolution",
        "_systems": [
          "si_acceptable",
          "metric_adjacent",
          "ussystem",
          "uksystem",
          "astronomical"
        ],
        "_factor": "1/360"
      },
      "dessert-spoon": {
        "_baseUnit": "cubic-meter",
        "_systems": [
          "ussystem"
        ],
        "_factor": "gal_to_m3/16*128"
      },
      "dessert-spoon-imperial": {
        "_baseUnit": "cubic-meter",
        "_systems": [
          "uksystem"
        ],
        "_factor": "gal_imp_to_m3/16*128"
      },
      "dot": {
        "_baseUnit": "pixel",
        "_systems": [
          "metric_adjacent",
          "ussystem",
          "uksystem"
        ]
      },
      "dram": {
        "_baseUnit": "cubic-meter",
        "_systems": [
          "ussystem"
        ],
        "_factor": "gal_to_m3/128*8"
      },
      "drop": {
        "_baseUnit": "cubic-meter",
        "_systems": [
          "ussystem"
        ],
        "_factor": "gal_to_m3/128*576"
      },
      "dunam": {
        "_baseUnit": "square-meter",
        "_systems": [
          "metric_adjacent"
        ],
        "_factor": "1000"
      },
      "earth-mass": {
        "_baseUnit": "kilogram",
        "_systems": [
          "astronomical"
        ],
        "_factor": "5.9722E+24"
      },
      "earth-radius": {
        "_baseUnit": "meter",
        "_systems": [
          "astronomical"
        ],
        "_factor": "6.3781E6"
      },
      "electronvolt": {
        "_baseUnit": "kilogram-square-meter-per-square-second",
        "_systems": [
          "si_acceptable",
          "metric_adjacent"
        ],
        "_factor": "1.602177E-19"
      },
      "em": {
        "_baseUnit": "em",
        "_systems": [
          "metric_adjacent",
          "ussystem",
          "uksystem"
        ]
      },
      "fahrenheit": {
        "_baseUnit": "kelvin",
        "_offset": "2298.35/9",
        "_systems": [
          "ussystem",
          "uksystem"
        ],
        "_factor": "5/9"
      },
      "farad": {
        "_baseUnit": "pow4-second-square-ampere-per-kilogram-square-meter",
        "_systems": [
          "si",
          "metric",
          "prefixable"
        ],
        "_factor": "1"
      },
      "fathom": {
        "_baseUnit": "meter",
        "_systems": [
          "ussystem",
          "uksystem"
        ],
        "_factor": "ft_to_m * 6"
      },
      "fluid-ounce": {
        "_baseUnit": "cubic-meter",
        "_systems": [
          "ussystem"
        ],
        "_factor": "gal_to_m3/128"
      },
      "fluid-ounce-imperial": {
        "_baseUnit": "cubic-meter",
        "_systems": [
          "uksystem"
        ],
        "_factor": "gal_imp_to_m3/160"
      },
      "fluid-ounce-metric": {
        "_baseUnit": "cubic-meter",
        "_systems": [
          "metric_adjacent"
        ],
        "_factor": "0.03*0.001"
      },
      "foodcalorie": {
        "_baseUnit": "kilogram-square-meter-per-square-second",
        "_systems": [
          "ussystem",
          "uksystem"
        ],
        "_factor": "4184"
      },
      "foot": {
        "_baseUnit": "meter",
        "_systems": [
          "ussystem",
          "uksystem"
        ],
        "_factor": "ft_to_m"
      },
      "fortnight": {
        "_baseUnit": "second",
        "_systems": [
          "ussystem",
          "uksystem"
        ],
        "_factor": "86400*14"
      },
      "fun": {
        "_baseUnit": "kilogram",
        "_systems": [
          "jpsystem"
        ],
        "_factor": "1*3/8000"
      },
      "furlong": {
        "_baseUnit": "meter",
        "_systems": [
          "ussystem",
          "uksystem"
        ],
        "_factor": "ft_to_m*660"
      },
      "g-force": {
        "_baseUnit": "meter-per-square-second",
        "_systems": [
          "metric_adjacent",
          "ussystem",
          "uksystem"
        ],
        "_factor": "gravity"
      },
      "gallon": {
        "_baseUnit": "cubic-meter",
        "_systems": [
          "ussystem"
        ],
        "_factor": "gal_to_m3"
      },
      "gallon-imperial": {
        "_baseUnit": "cubic-meter",
        "_systems": [
          "uksystem"
        ],
        "_factor": "gal_imp_to_m3"
      },
      "gasoline-energy-density": {
        "_baseUnit": "kilogram-per-meter-square-second",
        "_systems": [
          "ussystem",
          "uksystem"
        ],
        "_description": "Constructed so that 1 gallon-gasoline-energy-density = 33.705 kWh as per https://www3.epa.gov/otaq/gvg/learn-more-technology.htm",
        "_factor": "33.705 * 3600 * 1000/gal_to_m3"
      },
      "grain": {
        "_baseUnit": "kilogram",
        "_systems": [
          "ussystem",
          "uksystem"
        ],
        "_factor": "lb_to_kg/7000"
      },
      "gram": {
        "_baseUnit": "kilogram",
        "_systems": [
          "si",
          "metric",
          "prefixable"
        ],
        "_factor": "0.001"
      },
      "gray": {
        "_baseUnit": "square-meter-per-square-second",
        "_systems": [
          "si",
          "metric",
          "prefixable"
        ]
      },
      "hectare": {
        "_baseUnit": "square-meter",
        "_systems": [
          "si_acceptable",
          "metric"
        ],
        "_factor": "10000"
      },
      "henry": {
        "_baseUnit": "kilogram-square-meter-per-square-second-square-ampere",
        "_systems": [
          "si",
          "metric",
          "prefixable"
        ]
      },
      "hertz": {
        "_baseUnit": "revolution-per-second",
        "_systems": [
          "si",
          "metric",
          "prefixable"
        ]
      },
      "horsepower": {
        "_baseUnit": "kilogram-square-meter-per-cubic-second",
        "_systems": [
          "ussystem",
          "uksystem"
        ],
        "_factor": "ft_to_m * lb_to_kg * gravity * 550"
      },
      "hour": {
        "_baseUnit": "second",
        "_systems": [
          "si_acceptable",
          "metric_adjacent",
          "prefixable",
          "ussystem",
          "uksystem",
          "astronomical"
        ],
        "_factor": "3600"
      },
      "inch": {
        "_baseUnit": "meter",
        "_systems": [
          "ussystem",
          "uksystem"
        ],
        "_factor": "ft_to_m/12"
      },
      "item": {
        "_baseUnit": "item",
        "_systems": [
          "metric_adjacent",
          "ussystem",
          "uksystem"
        ]
      },
      "jigger": {
        "_baseUnit": "cubic-meter",
        "_systems": [
          "ussystem"
        ],
        "_factor": "gal_to_m3*3/128*2"
      },
      "jo-jp": {
        "_baseUnit": "meter",
        "_systems": [
          "jpsystem"
        ],
        "_factor": "shaku_to_m*10"
      },
      "joule": {
        "_baseUnit": "kilogram-square-meter-per-square-second",
        "_systems": [
          "si",
          "metric",
          "prefixable"
        ]
      },
      "karat": {
        "_baseUnit": "part",
        "_systems": [
          "metric_adjacent",
          "ussystem",
          "uksystem"
        ],
        "_factor": "1/24"
      },
      "katal": {
        "_baseUnit": "item-per-second",
        "_systems": [
          "si",
          "metric"
        ],
        "_factor": "item_per_mole"
      },
      "kelvin": {
        "_baseUnit": "kelvin",
        "_systems": [
          "si",
          "metric",
          "prefixable"
        ]
      },
      "ken": {
        "_baseUnit": "meter",
        "_systems": [
          "jpsystem"
        ],
        "_factor": "shaku_to_m*6"
      },
      "kilogram": {
        "_baseUnit": "kilogram",
        "_systems": [
          "si",
          "metric"
        ]
      },
      "kilogram-force": {
        "_baseUnit": "kilogram-meter-per-square-second",
        "_systems": [
          "metric_adjacent"
        ],
        "_factor": "gravity"
      },
      "knot": {
        "_baseUnit": "meter-per-second",
        "_systems": [
          "ussystem",
          "uksystem",
          "si_acceptable"
        ],
        "_factor": "1852/3600"
      },
      "koku": {
        "_baseUnit": "cubic-meter",
        "_systems": [
          "jpsystem"
        ],
        "_factor": "sho_to_m3*100"
      },
      "kosaji": {
        "_baseUnit": "cubic-meter",
        "_systems": [
          "jpsystem"
        ],
        "_factor": "1*5*0.000001"
      },
      "light-speed": {
        "_baseUnit": "meter-per-second",
        "_systems": [
          "ussystem",
          "uksystem",
          "si_acceptable"
        ],
        "_factor": "speed_of_light_meters_per_second"
      },
      "light-year": {
        "_baseUnit": "meter",
        "_systems": [
          "astronomical"
        ],
        "_factor": "speed_of_light_meters_per_second*sec_per_julian_year"
      },
      "liter": {
        "_baseUnit": "cubic-meter",
        "_systems": [
          "si_acceptable",
          "metric",
          "prefixable"
        ],
        "_factor": "0.001"
      },
      "lumen": {
        "_baseUnit": "candela-square-meter-per-square-meter",
        "_systems": [
          "si",
          "metric",
          "prefixable"
        ]
      },
      "lux": {
        "_baseUnit": "candela-per-square-meter",
        "_systems": [
          "si",
          "metric",
          "prefixable"
        ]
      },
      "meter": {
        "_baseUnit": "meter",
        "_systems": [
          "si",
          "metric",
          "prefixable"
        ]
      },
      "mile": {
        "_baseUnit": "meter",
        "_systems": [
          "ussystem",
          "uksystem"
        ],
        "_factor": "ft_to_m*5280"
      },
      "mile-scandinavian": {
        "_baseUnit": "meter",
        "_systems": [
          "metric_adjacent"
        ],
        "_factor": "10000"
      },
      "minute": {
        "_baseUnit": "second",
        "_systems": [
          "si_acceptable",
          "metric_adjacent",
          "prefixable",
          "ussystem",
          "uksystem",
          "astronomical"
        ],
        "_factor": "60"
      },
      "mole": {
        "_baseUnit": "item",
        "_systems": [
          "si",
          "metric",
          "prefixable"
        ],
        "_factor": "item_per_mole"
      },
      "month": {
        "_baseUnit": "year",
        "_systems": [
          "metric_adjacent",
          "ussystem",
          "uksystem",
          "astronomical"
        ],
        "_factor": "1/12"
      },
      "month-person": {
        "_baseUnit": "year",
        "_systems": [
          "person_age"
        ],
        "_factor": "1/12"
      },
      "nautical-mile": {
        "_baseUnit": "meter",
        "_systems": [
          "ussystem",
          "uksystem",
          "si_acceptable"
        ],
        "_factor": "1852"
      },
      "newton": {
        "_baseUnit": "kilogram-meter-per-square-second",
        "_systems": [
          "si",
          "metric",
          "prefixable"
        ]
      },
      "night": {
        "_baseUnit": "night",
        "_systems": [
          "metric_adjacent",
          "uksystem",
          "ussystem"
        ]
      },
      "ofglucose": {
        "_baseUnit": "item-per-kilogram",
        "_systems": [
          "metric_adjacent"
        ],
        "_factor": "1000*item_per_mole/glucose_molar_mass"
      },
      "ofhg": {
        "_baseUnit": "kilogram-per-square-meter-square-second",
        "_systems": [
          "metric_adjacent",
          "uksystem",
          "ussystem"
        ],
        "_factor": "13595.1*gravity"
      },
      "ohm": {
        "_baseUnit": "kilogram-square-meter-per-cubic-second-square-ampere",
        "_systems": [
          "si",
          "metric",
          "prefixable"
        ]
      },
      "osaji": {
        "_baseUnit": "cubic-meter",
        "_systems": [
          "jpsystem"
        ],
        "_factor": "1*15*0.000001"
      },
      "ounce": {
        "_baseUnit": "kilogram",
        "_systems": [
          "ussystem",
          "uksystem"
        ],
        "_factor": "lb_to_kg/16"
      },
      "ounce-troy": {
        "_baseUnit": "kilogram",
        "_systems": [
          "ussystem",
          "uksystem"
        ],
        "_factor": "0.03110348"
      },
      "parsec": {
        "_baseUnit": "meter",
        "_systems": [
          "astronomical",
          "prefixable"
        ],
        "_factor": "meters_per_AU*60*60*180/PI"
      },
      "part": {
        "_baseUnit": "part",
        "_systems": [
          "metric_adjacent",
          "ussystem",
          "uksystem"
        ]
      },
      "pascal": {
        "_baseUnit": "kilogram-per-meter-square-second",
        "_systems": [
          "si",
          "metric",
          "prefixable"
        ]
      },
      "percent": {
        "_baseUnit": "part",
        "_systems": [
          "metric_adjacent",
          "ussystem",
          "uksystem"
        ],
        "_factor": "1/100"
      },
      "permille": {
        "_baseUnit": "part",
        "_systems": [
          "metric_adjacent",
          "ussystem",
          "uksystem"
        ],
        "_factor": "1/1000"
      },
      "permyriad": {
        "_baseUnit": "part",
        "_systems": [
          "metric_adjacent",
          "ussystem",
          "uksystem"
        ],
        "_factor": "1/10000"
      },
      "pinch": {
        "_baseUnit": "cubic-meter",
        "_systems": [
          "ussystem"
        ],
        "_factor": "gal_to_m3/128*128"
      },
      "pint": {
        "_baseUnit": "cubic-meter",
        "_systems": [
          "ussystem"
        ],
        "_factor": "gal_to_m3/8"
      },
      "pint-imperial": {
        "_baseUnit": "cubic-meter",
        "_systems": [
          "uksystem"
        ],
        "_factor": "gal_imp_to_m3/8"
      },
      "pint-metric": {
        "_baseUnit": "cubic-meter",
        "_systems": [
          "metric_adjacent"
        ],
        "_factor": "0.0005"
      },
      "pixel": {
        "_baseUnit": "pixel",
        "_systems": [
          "metric_adjacent",
          "ussystem",
          "uksystem",
          "prefixable"
        ]
      },
      "point": {
        "_baseUnit": "meter",
        "_systems": [
          "metric_adjacent",
          "ussystem",
          "uksystem"
        ],
        "_factor": "ft_to_m/864"
      },
      "pound": {
        "_baseUnit": "kilogram",
        "_systems": [
          "ussystem",
          "uksystem"
        ],
        "_factor": "lb_to_kg"
      },
      "pound-force": {
        "_baseUnit": "kilogram-meter-per-square-second",
        "_systems": [
          "ussystem",
          "uksystem"
        ],
        "_factor": "lb_to_kg * gravity"
      },
      "quart": {
        "_baseUnit": "cubic-meter",
        "_systems": [
          "ussystem"
        ],
        "_factor": "gal_to_m3/4"
      },
      "quart-imperial": {
        "_baseUnit": "cubic-meter",
        "_systems": [
          "uksystem"
        ],
        "_factor": "gal_imp_to_m3/4"
      },
      "quarter": {
        "_baseUnit": "year",
        "_systems": [
          "metric_adjacent"
        ],
        "_factor": "1/4"
      },
      "radian": {
        "_baseUnit": "revolution",
        "_systems": [
          "si",
          "metric"
        ],
        "_factor": "1/2*PI"
      },
      "rankine": {
        "_baseUnit": "kelvin",
        "_systems": [
          "ussystem",
          "uksystem"
        ],
        "_factor": "5/9"
      },
      "revolution": {
        "_baseUnit": "revolution",
        "_systems": [
          "metric_adjacent",
          "ussystem",
          "uksystem"
        ]
      },
      "ri-jp": {
        "_baseUnit": "meter",
        "_systems": [
          "jpsystem"
        ],
        "_factor": "shaku_to_m*12960"
      },
      "rin": {
        "_baseUnit": "meter",
        "_systems": [
          "jpsystem"
        ],
        "_factor": "shaku_to_m/1000"
      },
      "rod": {
        "_baseUnit": "meter",
        "_systems": [
          "ussystem",
          "uksystem"
        ],
        "_factor": "ft_to_m*16.5"
      },
      "sai": {
        "_baseUnit": "cubic-meter",
        "_systems": [
          "jpsystem"
        ],
        "_factor": "sho_to_m3/1000"
      },
      "se-jp": {
        "_baseUnit": "square-meter",
        "_systems": [
          "jpsystem"
        ],
        "_factor": "tsubo_to_m2*30"
      },
      "second": {
        "_baseUnit": "second",
        "_systems": [
          "si",
          "metric",
          "prefixable",
          "ussystem",
          "uksystem",
          "astronomical"
        ]
      },
      "shaku": {
        "_baseUnit": "cubic-meter",
        "_systems": [
          "jpsystem"
        ],
        "_factor": "sho_to_m3/100"
      },
      "shaku-cloth": {
        "_baseUnit": "meter",
        "_systems": [
          "jpsystem"
        ],
        "_factor": "shaku_to_m*5/4"
      },
      "shaku-length": {
        "_baseUnit": "meter",
        "_systems": [
          "jpsystem"
        ],
        "_factor": "shaku_to_m"
      },
      "siemens": {
        "_baseUnit": "cubic-second-square-ampere-per-kilogram-square-meter",
        "_systems": [
          "si",
          "metric",
          "prefixable"
        ]
      },
      "sievert": {
        "_baseUnit": "square-meter-per-square-second",
        "_systems": [
          "si",
          "metric",
          "prefixable"
        ]
      },
      "slug": {
        "_baseUnit": "kilogram",
        "_systems": [
          "ussystem",
          "uksystem"
        ],
        "_factor": "lb_to_kg*gravity/ft_to_m"
      },
      "solar-luminosity": {
        "_baseUnit": "kilogram-square-meter-per-cubic-second",
        "_systems": [
          "astronomical"
        ],
        "_factor": "3.828E+26"
      },
      "solar-mass": {
        "_baseUnit": "kilogram",
        "_systems": [
          "astronomical"
        ],
        "_factor": "1.98847E+30"
      },
      "solar-radius": {
        "_baseUnit": "meter",
        "_systems": [
          "astronomical"
        ],
        "_factor": "695700000"
      },
      "steradian": {
        "_baseUnit": "square-revolution",
        "_systems": [
          "si",
          "metric"
        ],
        "_factor": "1/4*PI*PI"
      },
      "stone": {
        "_baseUnit": "kilogram",
        "_systems": [
          "uksystem"
        ],
        "_factor": "lb_to_kg*14"
      },
      "sun": {
        "_baseUnit": "meter",
        "_systems": [
          "jpsystem"
        ],
        "_factor": "shaku_to_m/10"
      },
      "tablespoon": {
        "_baseUnit": "cubic-meter",
        "_systems": [
          "ussystem"
        ],
        "_factor": "gal_to_m3/256"
      },
      "teaspoon": {
        "_baseUnit": "cubic-meter",
        "_systems": [
          "ussystem"
        ],
        "_factor": "gal_to_m3/16*48"
      },
      "tesla": {
        "_baseUnit": "kilogram-per-square-second-ampere",
        "_systems": [
          "si",
          "metric",
          "prefixable"
        ]
      },
      "therm-us": {
        "_baseUnit": "kilogram-square-meter-per-square-second",
        "_systems": [
          "ussystem"
        ],
        "_factor": "105480400"
      },
      "to-jp": {
        "_baseUnit": "cubic-meter",
        "_systems": [
          "jpsystem"
        ],
        "_factor": "sho_to_m3*10"
      },
      "ton": {
        "_baseUnit": "kilogram",
        "_systems": [
          "ussystem",
          "uksystem"
        ],
        "_factor": "lb_to_kg*2000"
      },
      "tonne": {
        "_baseUnit": "kilogram",
        "_systems": [
          "si_acceptable",
          "metric",
          "prefixable"
        ],
        "_factor": "1000"
      },
      "volt": {
        "_baseUnit": "kilogram-square-meter-per-cubic-second-ampere",
        "_systems": [
          "si",
          "metric",
          "prefixable"
        ]
      },
      "watt": {
        "_baseUnit": "kilogram-square-meter-per-cubic-second",
        "_systems": [
          "si",
          "metric",
          "prefixable"
        ]
      },
      "weber": {
        "_baseUnit": "kilogram-square-meter-per-square-second-ampere",
        "_systems": [
          "si",
          "metric",
          "prefixable"
        ]
      },
      "week": {
        "_baseUnit": "second",
        "_systems": [
          "metric_adjacent",
          "ussystem",
          "uksystem",
          "astronomical"
        ],
        "_factor": "86400*7"
      },
      "week-person": {
        "_baseUnit": "second",
        "_systems": [
          "person_age"
        ],
        "_factor": "86400*7"
      },
      "yard": {
        "_baseUnit": "meter",
        "_systems": [
          "ussystem",
          "uksystem"
        ],
        "_factor": "ft_to_m*3"
      },
      "year": {
        "_baseUnit": "year",
        "_systems": [
          "metric_adjacent",
          "prefixable",
          "ussystem",
          "uksystem",
          "astronomical"
        ]
      },
      "year-person": {
        "_baseUnit": "year",
        "_systems": [
          "person_age"
        ]
      }
    }
  }
}
