{
  "supplemental": {
    "version": {
      "_unicodeVersion": "16.0.0",
      "_cldrVersion": "48"
    },
    "metadata": {
      "alias": {
        "alias": {
          "inch-hg": {
            "_reason": "deprecated",
            "_replacement": "inch-ofhg"
          },
          "liter-per-100kilometers": {
            "_reason": "deprecated",
            "_replacement": "liter-per-100-kilometer"
          },
          "meter-per-second-squared": {
            "_reason": "deprecated",
            "_replacement": "meter-per-square-second"
          },
          "metric-ton": {
            "_reason": "deprecated",
            "_replacement": "tonne"
          },
          "milligram-per-deciliter": {
            "_reason": "deprecated",
            "_replacement": "milligram-ofglucose-per-deciliter"
          },
          "millimeter-of-mercury": {
            "_reason": "deprecated",
            "_replacement": "millimeter-ofhg"
          },
          "million": {
            "_reason": "deprecated",
            "_replacement": "1e6"
          },
          "part-per-million": {
            "_reason": "deprecated",
            "_replacement": "part-per-1e6"
          },
          "permillion": {
            "_reason": "deprecated",
            "_replacement": "part-per-1e6"
          },
          "portion": {
            "_reason": "deprecated",
            "_replacement": "part"
          },
          "portion-per-1e9": {
            "_reason": "deprecated",
            "_replacement": "part-per-1e9"
          },
          "pound-foot": {
            "_reason": "deprecated",
            "_replacement": "pound-force-foot"
          },
          "pound-per-square-inch": {
            "_reason": "deprecated",
            "_replacement": "pound-force-per-square-inch"
          },
          "music-track": {
            "_reason": "deprecated",
            "_replacement": "media"
          },
          "tv-program": {
            "_reason": "deprecated",
            "_replacement": "media"
          }
        }
      }
    }
  }
}
