{
  "annotationsDerived": {
    "identity": {
      "language": "bew"
    },
    "annotations": {
      "🇦🇨": {
        "default": [
          "bendèra"
        ],
        "tts": [
          "bendèra: Pulo Kenaèkan"
        ]
      },
      "🇦🇩": {
        "default": [
          "bendèra"
        ],
        "tts": [
          "bendèra: Andora"
        ]
      },
      "🇦🇪": {
        "default": [
          "bendèra"
        ],
        "tts": [
          "bendèra: Imarat Arab Rempug"
        ]
      },
      "🇦🇫": {
        "default": [
          "bendèra"
        ],
        "tts": [
          "bendèra: Apganistan"
        ]
      },
      "🇦🇬": {
        "default": [
          "bendèra"
        ],
        "tts": [
          "bendèra: Antigua èn Barbuda"
        ]
      },
      "🇦🇮": {
        "default": [
          "bendèra"
        ],
        "tts": [
          "bendèra: Angguila"
        ]
      },
      "🇦🇱": {
        "default": [
          "bendèra"
        ],
        "tts": [
          "bendèra: Albani"
        ]
      },
      "🇦🇲": {
        "default": [
          "bendèra"
        ],
        "tts": [
          "bendèra: Lemènder"
        ]
      },
      "🇦🇴": {
        "default": [
          "bendèra"
        ],
        "tts": [
          "bendèra: Anggola"
        ]
      },
      "🇦🇶": {
        "default": [
          "bendèra"
        ],
        "tts": [
          "bendèra: Kutub Kidul"
        ]
      },
      "🇦🇷": {
        "default": [
          "bendèra"
        ],
        "tts": [
          "bendèra: Argèntina"
        ]
      },
      "🇦🇸": {
        "default": [
          "bendèra"
        ],
        "tts": [
          "bendèra: Samoa Amrik"
        ]
      },
      "🇦🇹": {
        "default": [
          "bendèra"
        ],
        "tts": [
          "bendèra: Ostenrèk"
        ]
      },
      "🇦🇺": {
        "default": [
          "bendèra"
        ],
        "tts": [
          "bendèra: Ostrali"
        ]
      },
      "🇦🇼": {
        "default": [
          "bendèra"
        ],
        "tts": [
          "bendèra: Aruba"
        ]
      },
      "🇦🇽": {
        "default": [
          "bendèra"
        ],
        "tts": [
          "bendèra: Pulo Olan"
        ]
      },
      "🇦🇿": {
        "default": [
          "bendèra"
        ],
        "tts": [
          "bendèra: Asèrbaijan"
        ]
      },
      "🇧🇦": {
        "default": [
          "bendèra"
        ],
        "tts": [
          "bendèra: Bosni èn Hèrségowina"
        ]
      },
      "🇧🇧": {
        "default": [
          "bendèra"
        ],
        "tts": [
          "bendèra: Barbados"
        ]
      },
      "🇧🇩": {
        "default": [
          "bendèra"
        ],
        "tts": [
          "bendèra: Benggaladésa"
        ]
      },
      "🇧🇪": {
        "default": [
          "bendèra"
        ],
        "tts": [
          "bendèra: Bèlgi"
        ]
      },
      "🇧🇫": {
        "default": [
          "bendèra"
        ],
        "tts": [
          "bendèra: Burkina Paso"
        ]
      },
      "🇧🇬": {
        "default": [
          "bendèra"
        ],
        "tts": [
          "bendèra: Bulgari"
        ]
      },
      "🇧🇭": {
        "default": [
          "bendèra"
        ],
        "tts": [
          "bendèra: Bahrén"
        ]
      },
      "🇧🇮": {
        "default": [
          "bendèra"
        ],
        "tts": [
          "bendèra: Burundi"
        ]
      },
      "🇧🇯": {
        "default": [
          "bendèra"
        ],
        "tts": [
          "bendèra: Bénin"
        ]
      },
      "🇧🇱": {
        "default": [
          "bendèra"
        ],
        "tts": [
          "bendèra: Sint-Bartoloméus"
        ]
      },
      "🇧🇲": {
        "default": [
          "bendèra"
        ],
        "tts": [
          "bendèra: Bermuda"
        ]
      },
      "🇧🇳": {
        "default": [
          "bendèra"
        ],
        "tts": [
          "bendèra: Bruné"
        ]
      },
      "🇧🇴": {
        "default": [
          "bendèra"
        ],
        "tts": [
          "bendèra: Boliwi"
        ]
      },
      "🇧🇶": {
        "default": [
          "bendèra"
        ],
        "tts": [
          "bendèra: Welanda Karaiben"
        ]
      },
      "🇧🇷": {
        "default": [
          "bendèra"
        ],
        "tts": [
          "bendèra: Brasil"
        ]
      },
      "🇧🇸": {
        "default": [
          "bendèra"
        ],
        "tts": [
          "bendèra: Bahama"
        ]
      },
      "🇧🇹": {
        "default": [
          "bendèra"
        ],
        "tts": [
          "bendèra: Butan"
        ]
      },
      "🇧🇻": {
        "default": [
          "bendèra"
        ],
        "tts": [
          "bendèra: Pulo Buwèt"
        ]
      },
      "🇧🇼": {
        "default": [
          "bendèra"
        ],
        "tts": [
          "bendèra: Boswana"
        ]
      },
      "🇧🇾": {
        "default": [
          "bendèra"
        ],
        "tts": [
          "bendèra: Ruslan Puti"
        ]
      },
      "🇧🇿": {
        "default": [
          "bendèra"
        ],
        "tts": [
          "bendèra: Bélis"
        ]
      },
      "🇨🇦": {
        "default": [
          "bendèra"
        ],
        "tts": [
          "bendèra: Kanada"
        ]
      },
      "🇨🇨": {
        "default": [
          "bendèra"
        ],
        "tts": [
          "bendèra: Pulo Kokos (Keeling)"
        ]
      },
      "🇨🇩": {
        "default": [
          "bendèra"
        ],
        "tts": [
          "bendèra: Kongo - Kinsasa"
        ]
      },
      "🇨🇫": {
        "default": [
          "bendèra"
        ],
        "tts": [
          "bendèra: Kiblik Aprika Tenga"
        ]
      },
      "🇨🇬": {
        "default": [
          "bendèra"
        ],
        "tts": [
          "bendèra: Kongo - Brasawil"
        ]
      },
      "🇨🇭": {
        "default": [
          "bendèra"
        ],
        "tts": [
          "bendèra: Switserlan"
        ]
      },
      "🇨🇮": {
        "default": [
          "bendèra"
        ],
        "tts": [
          "bendèra: Panté Gading"
        ]
      },
      "🇨🇰": {
        "default": [
          "bendèra"
        ],
        "tts": [
          "bendèra: Pulo Cook"
        ]
      },
      "🇨🇱": {
        "default": [
          "bendèra"
        ],
        "tts": [
          "bendèra: Cili"
        ]
      },
      "🇨🇲": {
        "default": [
          "bendèra"
        ],
        "tts": [
          "bendèra: Kamérun"
        ]
      },
      "🇨🇳": {
        "default": [
          "bendèra"
        ],
        "tts": [
          "bendèra: Tiongkok"
        ]
      },
      "🇨🇴": {
        "default": [
          "bendèra"
        ],
        "tts": [
          "bendèra: Kolombia"
        ]
      },
      "🇨🇵": {
        "default": [
          "bendèra"
        ],
        "tts": [
          "bendèra: Pulo Kliperten"
        ]
      },
      "🇨🇶": {
        "default": [
          "bendèra"
        ],
        "tts": [
          "bendèra: Sarek"
        ]
      },
      "🇨🇷": {
        "default": [
          "bendèra"
        ],
        "tts": [
          "bendèra: Kosta Rika"
        ]
      },
      "🇨🇺": {
        "default": [
          "bendèra"
        ],
        "tts": [
          "bendèra: Kuba"
        ]
      },
      "🇨🇻": {
        "default": [
          "bendèra"
        ],
        "tts": [
          "bendèra: Tanjung Ijo"
        ]
      },
      "🇨🇼": {
        "default": [
          "bendèra"
        ],
        "tts": [
          "bendèra: Kurasao"
        ]
      },
      "🇨🇽": {
        "default": [
          "bendèra"
        ],
        "tts": [
          "bendèra: Pulo Natal"
        ]
      },
      "🇨🇾": {
        "default": [
          "bendèra"
        ],
        "tts": [
          "bendèra: Sipres"
        ]
      },
      "🇨🇿": {
        "default": [
          "bendèra"
        ],
        "tts": [
          "bendèra: Cèki"
        ]
      },
      "🇩🇪": {
        "default": [
          "bendèra"
        ],
        "tts": [
          "bendèra: Dètslan"
        ]
      },
      "🇩🇬": {
        "default": [
          "bendèra"
        ],
        "tts": [
          "bendèra: Diégo Garsia"
        ]
      },
      "🇩🇯": {
        "default": [
          "bendèra"
        ],
        "tts": [
          "bendèra: Jibuti"
        ]
      },
      "🇩🇰": {
        "default": [
          "bendèra"
        ],
        "tts": [
          "bendèra: Dènemarken"
        ]
      },
      "🇩🇲": {
        "default": [
          "bendèra"
        ],
        "tts": [
          "bendèra: Dominika"
        ]
      },
      "🇩🇴": {
        "default": [
          "bendèra"
        ],
        "tts": [
          "bendèra: Kiblik Dominika"
        ]
      },
      "🇩🇿": {
        "default": [
          "bendèra"
        ],
        "tts": [
          "bendèra: Aljajaèr"
        ]
      },
      "🇪🇦": {
        "default": [
          "bendèra"
        ],
        "tts": [
          "bendèra: Sabtah èn Mélila"
        ]
      },
      "🇪🇨": {
        "default": [
          "bendèra"
        ],
        "tts": [
          "bendèra: Èkuador"
        ]
      },
      "🇪🇪": {
        "default": [
          "bendèra"
        ],
        "tts": [
          "bendèra: Èstlan"
        ]
      },
      "🇪🇬": {
        "default": [
          "bendèra"
        ],
        "tts": [
          "bendèra: Mesir"
        ]
      },
      "🇪🇭": {
        "default": [
          "bendèra"
        ],
        "tts": [
          "bendèra: Sahara Kulon"
        ]
      },
      "🇪🇷": {
        "default": [
          "bendèra"
        ],
        "tts": [
          "bendèra: Èritréa"
        ]
      },
      "🇪🇸": {
        "default": [
          "bendèra"
        ],
        "tts": [
          "bendèra: Spanyol"
        ]
      },
      "🇪🇹": {
        "default": [
          "bendèra"
        ],
        "tts": [
          "bendèra: Habsi (Ètiopi)"
        ]
      },
      "🇪🇺": {
        "default": [
          "bendèra"
        ],
        "tts": [
          "bendèra: Uni Èropa"
        ]
      },
      "🇫🇮": {
        "default": [
          "bendèra"
        ],
        "tts": [
          "bendèra: Pinlan"
        ]
      },
      "🇫🇯": {
        "default": [
          "bendèra"
        ],
        "tts": [
          "bendèra: Piji"
        ]
      },
      "🇫🇰": {
        "default": [
          "bendèra"
        ],
        "tts": [
          "bendèra: Pulo Paklan"
        ]
      },
      "🇫🇲": {
        "default": [
          "bendèra"
        ],
        "tts": [
          "bendèra: Mikronési"
        ]
      },
      "🇫🇴": {
        "default": [
          "bendèra"
        ],
        "tts": [
          "bendèra: Pulo Pèrower"
        ]
      },
      "🇫🇷": {
        "default": [
          "bendèra"
        ],
        "tts": [
          "bendèra: Prasman"
        ]
      },
      "🇬🇦": {
        "default": [
          "bendèra"
        ],
        "tts": [
          "bendèra: Gabon"
        ]
      },
      "🇬🇧": {
        "default": [
          "bendèra"
        ],
        "tts": [
          "bendèra: Kerajaan Rempug"
        ]
      },
      "🇬🇩": {
        "default": [
          "bendèra"
        ],
        "tts": [
          "bendèra: Grénada"
        ]
      },
      "🇬🇪": {
        "default": [
          "bendèra"
        ],
        "tts": [
          "bendèra: Géorgi"
        ]
      },
      "🇬🇫": {
        "default": [
          "bendèra"
        ],
        "tts": [
          "bendèra: Guyana Prasman"
        ]
      },
      "🇬🇬": {
        "default": [
          "bendèra"
        ],
        "tts": [
          "bendèra: Gèrensi"
        ]
      },
      "🇬🇭": {
        "default": [
          "bendèra"
        ],
        "tts": [
          "bendèra: Gana"
        ]
      },
      "🇬🇮": {
        "default": [
          "bendèra"
        ],
        "tts": [
          "bendèra: Jabal Tarik"
        ]
      },
      "🇬🇱": {
        "default": [
          "bendèra"
        ],
        "tts": [
          "bendèra: Grunlan"
        ]
      },
      "🇬🇲": {
        "default": [
          "bendèra"
        ],
        "tts": [
          "bendèra: Gambia"
        ]
      },
      "🇬🇳": {
        "default": [
          "bendèra"
        ],
        "tts": [
          "bendèra: Giné"
        ]
      },
      "🇬🇵": {
        "default": [
          "bendèra"
        ],
        "tts": [
          "bendèra: Guadelup"
        ]
      },
      "🇬🇶": {
        "default": [
          "bendèra"
        ],
        "tts": [
          "bendèra: Giné Katulistiwa"
        ]
      },
      "🇬🇷": {
        "default": [
          "bendèra"
        ],
        "tts": [
          "bendèra: Yunani"
        ]
      },
      "🇬🇸": {
        "default": [
          "bendèra"
        ],
        "tts": [
          "bendèra: Géorgi Kidul èn Pulo Sènwit Kidul"
        ]
      },
      "🇬🇹": {
        "default": [
          "bendèra"
        ],
        "tts": [
          "bendèra: Guatémala"
        ]
      },
      "🇬🇺": {
        "default": [
          "bendèra"
        ],
        "tts": [
          "bendèra: Guam"
        ]
      },
      "🇬🇼": {
        "default": [
          "bendèra"
        ],
        "tts": [
          "bendèra: Giné-Biso"
        ]
      },
      "🇬🇾": {
        "default": [
          "bendèra"
        ],
        "tts": [
          "bendèra: Guyana"
        ]
      },
      "🇭🇰": {
        "default": [
          "bendèra"
        ],
        "tts": [
          "bendèra: Daèrah Bestir Istimèwa Hongkong"
        ]
      },
      "🇭🇲": {
        "default": [
          "bendèra"
        ],
        "tts": [
          "bendèra: Pulo Hered èn MikDonal"
        ]
      },
      "🇭🇳": {
        "default": [
          "bendèra"
        ],
        "tts": [
          "bendèra: Honduras"
        ]
      },
      "🇭🇷": {
        "default": [
          "bendèra"
        ],
        "tts": [
          "bendèra: Kroasi"
        ]
      },
      "🇭🇹": {
        "default": [
          "bendèra"
        ],
        "tts": [
          "bendèra: Haiti"
        ]
      },
      "🇭🇺": {
        "default": [
          "bendèra"
        ],
        "tts": [
          "bendèra: Honggari"
        ]
      },
      "🇮🇨": {
        "default": [
          "bendèra"
        ],
        "tts": [
          "bendèra: Pulo Kenari"
        ]
      },
      "🇮🇩": {
        "default": [
          "bendèra"
        ],
        "tts": [
          "bendèra: Indonésia"
        ]
      },
      "🇮🇪": {
        "default": [
          "bendèra"
        ],
        "tts": [
          "bendèra: Irlan"
        ]
      },
      "🇮🇱": {
        "default": [
          "bendèra"
        ],
        "tts": [
          "bendèra: Israèl"
        ]
      },
      "🇮🇲": {
        "default": [
          "bendèra"
        ],
        "tts": [
          "bendèra: Pulo Man"
        ]
      },
      "🇮🇳": {
        "default": [
          "bendèra"
        ],
        "tts": [
          "bendèra: Hindi"
        ]
      },
      "🇮🇴": {
        "default": [
          "bendèra"
        ],
        "tts": [
          "bendèra: Wilayah Britani di Laotan Hindi"
        ]
      },
      "🇮🇶": {
        "default": [
          "bendèra"
        ],
        "tts": [
          "bendèra: Irak"
        ]
      },
      "🇮🇷": {
        "default": [
          "bendèra"
        ],
        "tts": [
          "bendèra: Iran"
        ]
      },
      "🇮🇸": {
        "default": [
          "bendèra"
        ],
        "tts": [
          "bendèra: Èslan"
        ]
      },
      "🇮🇹": {
        "default": [
          "bendèra"
        ],
        "tts": [
          "bendèra: Itali"
        ]
      },
      "🇯🇪": {
        "default": [
          "bendèra"
        ],
        "tts": [
          "bendèra: Jèrsi"
        ]
      },
      "🇯🇲": {
        "default": [
          "bendèra"
        ],
        "tts": [
          "bendèra: Jamaika"
        ]
      },
      "🇯🇴": {
        "default": [
          "bendèra"
        ],
        "tts": [
          "bendèra: Urdun"
        ]
      },
      "🇯🇵": {
        "default": [
          "bendèra"
        ],
        "tts": [
          "bendèra: Jepang"
        ]
      },
      "🇰🇪": {
        "default": [
          "bendèra"
        ],
        "tts": [
          "bendèra: Kénia"
        ]
      },
      "🇰🇬": {
        "default": [
          "bendèra"
        ],
        "tts": [
          "bendèra: Kirgistan"
        ]
      },
      "🇰🇭": {
        "default": [
          "bendèra"
        ],
        "tts": [
          "bendèra: Kemboja"
        ]
      },
      "🇰🇮": {
        "default": [
          "bendèra"
        ],
        "tts": [
          "bendèra: Kiribati"
        ]
      },
      "🇰🇲": {
        "default": [
          "bendèra"
        ],
        "tts": [
          "bendèra: Komoro"
        ]
      },
      "🇰🇳": {
        "default": [
          "bendèra"
        ],
        "tts": [
          "bendèra: Sint-Kristoper èn Nèwis"
        ]
      },
      "🇰🇵": {
        "default": [
          "bendèra"
        ],
        "tts": [
          "bendèra: Koréa Lor"
        ]
      },
      "🇰🇷": {
        "default": [
          "bendèra"
        ],
        "tts": [
          "bendèra: Koréa Kidul"
        ]
      },
      "🇰🇼": {
        "default": [
          "bendèra"
        ],
        "tts": [
          "bendèra: Kuwét"
        ]
      },
      "🇰🇾": {
        "default": [
          "bendèra"
        ],
        "tts": [
          "bendèra: Pulo Kaèman"
        ]
      },
      "🇰🇿": {
        "default": [
          "bendèra"
        ],
        "tts": [
          "bendèra: Kasakstan"
        ]
      },
      "🇱🇦": {
        "default": [
          "bendèra"
        ],
        "tts": [
          "bendèra: Laos"
        ]
      },
      "🇱🇧": {
        "default": [
          "bendèra"
        ],
        "tts": [
          "bendèra: Lèbanon"
        ]
      },
      "🇱🇨": {
        "default": [
          "bendèra"
        ],
        "tts": [
          "bendèra: Sint Lusia"
        ]
      },
      "🇱🇮": {
        "default": [
          "bendèra"
        ],
        "tts": [
          "bendèra: Lihtenstèn"
        ]
      },
      "🇱🇰": {
        "default": [
          "bendèra"
        ],
        "tts": [
          "bendèra: Sri Langka"
        ]
      },
      "🇱🇷": {
        "default": [
          "bendèra"
        ],
        "tts": [
          "bendèra: Libéria"
        ]
      },
      "🇱🇸": {
        "default": [
          "bendèra"
        ],
        "tts": [
          "bendèra: Lésoto"
        ]
      },
      "🇱🇹": {
        "default": [
          "bendèra"
        ],
        "tts": [
          "bendèra: Litowen"
        ]
      },
      "🇱🇺": {
        "default": [
          "bendèra"
        ],
        "tts": [
          "bendèra: Leksembereh"
        ]
      },
      "🇱🇻": {
        "default": [
          "bendèra"
        ],
        "tts": [
          "bendèra: Lètlan"
        ]
      },
      "🇱🇾": {
        "default": [
          "bendèra"
        ],
        "tts": [
          "bendèra: Libi"
        ]
      },
      "🇲🇦": {
        "default": [
          "bendèra"
        ],
        "tts": [
          "bendèra: Maroko"
        ]
      },
      "🇲🇨": {
        "default": [
          "bendèra"
        ],
        "tts": [
          "bendèra: Monako"
        ]
      },
      "🇲🇩": {
        "default": [
          "bendèra"
        ],
        "tts": [
          "bendèra: Moldawi"
        ]
      },
      "🇲🇪": {
        "default": [
          "bendèra"
        ],
        "tts": [
          "bendèra: Gunung Item (Montenègro)"
        ]
      },
      "🇲🇫": {
        "default": [
          "bendèra"
        ],
        "tts": [
          "bendèra: Sint-Martèn (Prasman)"
        ]
      },
      "🇲🇬": {
        "default": [
          "bendèra"
        ],
        "tts": [
          "bendèra: Madagaskar"
        ]
      },
      "🇲🇭": {
        "default": [
          "bendèra"
        ],
        "tts": [
          "bendèra: Pulo Marsal"
        ]
      },
      "🇲🇰": {
        "default": [
          "bendèra"
        ],
        "tts": [
          "bendèra: Makédoni Lor"
        ]
      },
      "🇲🇱": {
        "default": [
          "bendèra"
        ],
        "tts": [
          "bendèra: Mali"
        ]
      },
      "🇲🇲": {
        "default": [
          "bendèra"
        ],
        "tts": [
          "bendèra: Mianmar (Birma)"
        ]
      },
      "🇲🇳": {
        "default": [
          "bendèra"
        ],
        "tts": [
          "bendèra: Monggoli"
        ]
      },
      "🇲🇴": {
        "default": [
          "bendèra"
        ],
        "tts": [
          "bendèra: Daèrah Bestir Istimèwa Makao"
        ]
      },
      "🇲🇵": {
        "default": [
          "bendèra"
        ],
        "tts": [
          "bendèra: Pulo Mariana Lor"
        ]
      },
      "🇲🇶": {
        "default": [
          "bendèra"
        ],
        "tts": [
          "bendèra: Martinik"
        ]
      },
      "🇲🇷": {
        "default": [
          "bendèra"
        ],
        "tts": [
          "bendèra: Moritani"
        ]
      },
      "🇲🇸": {
        "default": [
          "bendèra"
        ],
        "tts": [
          "bendèra: Monsèrat"
        ]
      },
      "🇲🇹": {
        "default": [
          "bendèra"
        ],
        "tts": [
          "bendèra: Malta"
        ]
      },
      "🇲🇺": {
        "default": [
          "bendèra"
        ],
        "tts": [
          "bendèra: Moritius"
        ]
      },
      "🇲🇻": {
        "default": [
          "bendèra"
        ],
        "tts": [
          "bendèra: Maladéwa"
        ]
      },
      "🇲🇼": {
        "default": [
          "bendèra"
        ],
        "tts": [
          "bendèra: Malawi"
        ]
      },
      "🇲🇽": {
        "default": [
          "bendèra"
        ],
        "tts": [
          "bendèra: Mèksiko"
        ]
      },
      "🇲🇾": {
        "default": [
          "bendèra"
        ],
        "tts": [
          "bendèra: Malésia"
        ]
      },
      "🇲🇿": {
        "default": [
          "bendèra"
        ],
        "tts": [
          "bendèra: Mosambik"
        ]
      },
      "🇳🇦": {
        "default": [
          "bendèra"
        ],
        "tts": [
          "bendèra: Namibi"
        ]
      },
      "🇳🇨": {
        "default": [
          "bendèra"
        ],
        "tts": [
          "bendèra: Kalédoni Baru"
        ]
      },
      "🇳🇪": {
        "default": [
          "bendèra"
        ],
        "tts": [
          "bendèra: Nigèr"
        ]
      },
      "🇳🇫": {
        "default": [
          "bendèra"
        ],
        "tts": [
          "bendèra: Pulo Norpolek"
        ]
      },
      "🇳🇬": {
        "default": [
          "bendèra"
        ],
        "tts": [
          "bendèra: Nigéria"
        ]
      },
      "🇳🇮": {
        "default": [
          "bendèra"
        ],
        "tts": [
          "bendèra: Nikaragua"
        ]
      },
      "🇳🇱": {
        "default": [
          "bendèra"
        ],
        "tts": [
          "bendèra: Welanda"
        ]
      },
      "🇳🇴": {
        "default": [
          "bendèra"
        ],
        "tts": [
          "bendèra: Norwèhen"
        ]
      },
      "🇳🇵": {
        "default": [
          "bendèra"
        ],
        "tts": [
          "bendèra: Népal"
        ]
      },
      "🇳🇷": {
        "default": [
          "bendèra"
        ],
        "tts": [
          "bendèra: Nauru"
        ]
      },
      "🇳🇺": {
        "default": [
          "bendèra"
        ],
        "tts": [
          "bendèra: Niué"
        ]
      },
      "🇳🇿": {
        "default": [
          "bendèra"
        ],
        "tts": [
          "bendèra: Sélan Baru"
        ]
      },
      "🇴🇲": {
        "default": [
          "bendèra"
        ],
        "tts": [
          "bendèra: Oman"
        ]
      },
      "🇵🇦": {
        "default": [
          "bendèra"
        ],
        "tts": [
          "bendèra: Panama"
        ]
      },
      "🇵🇪": {
        "default": [
          "bendèra"
        ],
        "tts": [
          "bendèra: Péru"
        ]
      },
      "🇵🇫": {
        "default": [
          "bendèra"
        ],
        "tts": [
          "bendèra: Polinési Prasman"
        ]
      },
      "🇵🇬": {
        "default": [
          "bendèra"
        ],
        "tts": [
          "bendèra: Papua Giné Baru (Papua Nugini)"
        ]
      },
      "🇵🇭": {
        "default": [
          "bendèra"
        ],
        "tts": [
          "bendèra: Pilipénen (Pilipina)"
        ]
      },
      "🇵🇰": {
        "default": [
          "bendèra"
        ],
        "tts": [
          "bendèra: Pakistan"
        ]
      },
      "🇵🇱": {
        "default": [
          "bendèra"
        ],
        "tts": [
          "bendèra: Polen"
        ]
      },
      "🇵🇲": {
        "default": [
          "bendèra"
        ],
        "tts": [
          "bendèra: Sint-Pièr èn Mikélon"
        ]
      },
      "🇵🇳": {
        "default": [
          "bendèra"
        ],
        "tts": [
          "bendèra: Pulo Pitkèren"
        ]
      },
      "🇵🇷": {
        "default": [
          "bendèra"
        ],
        "tts": [
          "bendèra: Porto Riko"
        ]
      },
      "🇵🇸": {
        "default": [
          "bendèra"
        ],
        "tts": [
          "bendèra: Wilayah Palestèn"
        ]
      },
      "🇵🇹": {
        "default": [
          "bendèra"
        ],
        "tts": [
          "bendèra: Portugal"
        ]
      },
      "🇵🇼": {
        "default": [
          "bendèra"
        ],
        "tts": [
          "bendèra: Palau"
        ]
      },
      "🇵🇾": {
        "default": [
          "bendèra"
        ],
        "tts": [
          "bendèra: Paragué"
        ]
      },
      "🇶🇦": {
        "default": [
          "bendèra"
        ],
        "tts": [
          "bendèra: Katar"
        ]
      },
      "🇷🇪": {
        "default": [
          "bendèra"
        ],
        "tts": [
          "bendèra: Réunion"
        ]
      },
      "🇷🇴": {
        "default": [
          "bendèra"
        ],
        "tts": [
          "bendèra: Ruméni"
        ]
      },
      "🇷🇸": {
        "default": [
          "bendèra"
        ],
        "tts": [
          "bendèra: Sèrwi"
        ]
      },
      "🇷🇺": {
        "default": [
          "bendèra"
        ],
        "tts": [
          "bendèra: Ruslan"
        ]
      },
      "🇷🇼": {
        "default": [
          "bendèra"
        ],
        "tts": [
          "bendèra: Ruanda"
        ]
      },
      "🇸🇦": {
        "default": [
          "bendèra"
        ],
        "tts": [
          "bendèra: Arab Saudi"
        ]
      },
      "🇸🇧": {
        "default": [
          "bendèra"
        ],
        "tts": [
          "bendèra: Pulo Suléman"
        ]
      },
      "🇸🇨": {
        "default": [
          "bendèra"
        ],
        "tts": [
          "bendèra: Sésèl"
        ]
      },
      "🇸🇩": {
        "default": [
          "bendèra"
        ],
        "tts": [
          "bendèra: Sudan"
        ]
      },
      "🇸🇪": {
        "default": [
          "bendèra"
        ],
        "tts": [
          "bendèra: Swèden"
        ]
      },
      "🇸🇬": {
        "default": [
          "bendèra"
        ],
        "tts": [
          "bendèra: Singapur"
        ]
      },
      "🇸🇭": {
        "default": [
          "bendèra"
        ],
        "tts": [
          "bendèra: Sint-Héléna"
        ]
      },
      "🇸🇮": {
        "default": [
          "bendèra"
        ],
        "tts": [
          "bendèra: Slowéni"
        ]
      },
      "🇸🇯": {
        "default": [
          "bendèra"
        ],
        "tts": [
          "bendèra: Spitbèrhen & Jan Mayen"
        ]
      },
      "🇸🇰": {
        "default": [
          "bendèra"
        ],
        "tts": [
          "bendèra: Slowaki"
        ]
      },
      "🇸🇱": {
        "default": [
          "bendèra"
        ],
        "tts": [
          "bendèra: Gunung Singa (Sièra Léon)"
        ]
      },
      "🇸🇲": {
        "default": [
          "bendèra"
        ],
        "tts": [
          "bendèra: San Marino"
        ]
      },
      "🇸🇳": {
        "default": [
          "bendèra"
        ],
        "tts": [
          "bendèra: Sénégal"
        ]
      },
      "🇸🇴": {
        "default": [
          "bendèra"
        ],
        "tts": [
          "bendèra: Somali"
        ]
      },
      "🇸🇷": {
        "default": [
          "bendèra"
        ],
        "tts": [
          "bendèra: Suriname"
        ]
      },
      "🇸🇸": {
        "default": [
          "bendèra"
        ],
        "tts": [
          "bendèra: Sudan Kidul"
        ]
      },
      "🇸🇹": {
        "default": [
          "bendèra"
        ],
        "tts": [
          "bendèra: Sint-Tomas èn Prins"
        ]
      },
      "🇸🇻": {
        "default": [
          "bendèra"
        ],
        "tts": [
          "bendèra: Salbador"
        ]
      },
      "🇸🇽": {
        "default": [
          "bendèra"
        ],
        "tts": [
          "bendèra: Sint-Martèn (Welanda)"
        ]
      },
      "🇸🇾": {
        "default": [
          "bendèra"
        ],
        "tts": [
          "bendèra: Suriah"
        ]
      },
      "🇸🇿": {
        "default": [
          "bendèra"
        ],
        "tts": [
          "bendèra: Èswatini"
        ]
      },
      "🇹🇦": {
        "default": [
          "bendèra"
        ],
        "tts": [
          "bendèra: Tristang da Kunya"
        ]
      },
      "🇹🇨": {
        "default": [
          "bendèra"
        ],
        "tts": [
          "bendèra: Pulo Turks èn Kaikos"
        ]
      },
      "🇹🇩": {
        "default": [
          "bendèra"
        ],
        "tts": [
          "bendèra: Cad"
        ]
      },
      "🇹🇫": {
        "default": [
          "bendèra"
        ],
        "tts": [
          "bendèra: Wilayah Kidul Prasman"
        ]
      },
      "🇹🇬": {
        "default": [
          "bendèra"
        ],
        "tts": [
          "bendèra: Togo"
        ]
      },
      "🇹🇭": {
        "default": [
          "bendèra"
        ],
        "tts": [
          "bendèra: Siam"
        ]
      },
      "🇹🇯": {
        "default": [
          "bendèra"
        ],
        "tts": [
          "bendèra: Tajikistan"
        ]
      },
      "🇹🇰": {
        "default": [
          "bendèra"
        ],
        "tts": [
          "bendèra: Tokélau"
        ]
      },
      "🇹🇱": {
        "default": [
          "bendèra"
        ],
        "tts": [
          "bendèra: Timor Wètan"
        ]
      },
      "🇹🇲": {
        "default": [
          "bendèra"
        ],
        "tts": [
          "bendèra: Turkmènistan"
        ]
      },
      "🇹🇳": {
        "default": [
          "bendèra"
        ],
        "tts": [
          "bendèra: Tunis"
        ]
      },
      "🇹🇴": {
        "default": [
          "bendèra"
        ],
        "tts": [
          "bendèra: Tonga"
        ]
      },
      "🇹🇷": {
        "default": [
          "bendèra"
        ],
        "tts": [
          "bendèra: Turki"
        ]
      },
      "🇹🇹": {
        "default": [
          "bendèra"
        ],
        "tts": [
          "bendèra: Trinidad èn Tobago"
        ]
      },
      "🇹🇻": {
        "default": [
          "bendèra"
        ],
        "tts": [
          "bendèra: Tuwalu"
        ]
      },
      "🇹🇼": {
        "default": [
          "bendèra"
        ],
        "tts": [
          "bendèra: Taiwan"
        ]
      },
      "🇹🇿": {
        "default": [
          "bendèra"
        ],
        "tts": [
          "bendèra: Tansania"
        ]
      },
      "🇺🇦": {
        "default": [
          "bendèra"
        ],
        "tts": [
          "bendèra: Ukrain"
        ]
      },
      "🇺🇬": {
        "default": [
          "bendèra"
        ],
        "tts": [
          "bendèra: Uganda"
        ]
      },
      "🇺🇲": {
        "default": [
          "bendèra"
        ],
        "tts": [
          "bendèra: Kepuloan Mentil AS Luar"
        ]
      },
      "🇺🇳": {
        "default": [
          "bendèra"
        ],
        "tts": [
          "bendèra: Peserèkatan Bangsa-Bangsa"
        ]
      },
      "🇺🇸": {
        "default": [
          "bendèra"
        ],
        "tts": [
          "bendèra: Amrik Serèkat"
        ]
      },
      "🇺🇾": {
        "default": [
          "bendèra"
        ],
        "tts": [
          "bendèra: Urugué"
        ]
      },
      "🇺🇿": {
        "default": [
          "bendèra"
        ],
        "tts": [
          "bendèra: Usbèkistan"
        ]
      },
      "🇻🇦": {
        "default": [
          "bendèra"
        ],
        "tts": [
          "bendèra: Kota Watikan"
        ]
      },
      "🇻🇨": {
        "default": [
          "bendèra"
        ],
        "tts": [
          "bendèra: Sint-Winsèn èn Grénadin"
        ]
      },
      "🇻🇪": {
        "default": [
          "bendèra"
        ],
        "tts": [
          "bendèra: Bénésuèla"
        ]
      },
      "🇻🇬": {
        "default": [
          "bendèra"
        ],
        "tts": [
          "bendèra: Pulo Perawan Britani"
        ]
      },
      "🇻🇮": {
        "default": [
          "bendèra"
        ],
        "tts": [
          "bendèra: Pulo Perawan Amrik"
        ]
      },
      "🇻🇳": {
        "default": [
          "bendèra"
        ],
        "tts": [
          "bendèra: Piètnam"
        ]
      },
      "🇻🇺": {
        "default": [
          "bendèra"
        ],
        "tts": [
          "bendèra: Wanuatu"
        ]
      },
      "🇼🇫": {
        "default": [
          "bendèra"
        ],
        "tts": [
          "bendèra: Walis èn Putuna"
        ]
      },
      "🇼🇸": {
        "default": [
          "bendèra"
        ],
        "tts": [
          "bendèra: Samoa"
        ]
      },
      "🇽🇰": {
        "default": [
          "bendèra"
        ],
        "tts": [
          "bendèra: Kosowa"
        ]
      },
      "🇾🇪": {
        "default": [
          "bendèra"
        ],
        "tts": [
          "bendèra: Yaman"
        ]
      },
      "🇾🇹": {
        "default": [
          "bendèra"
        ],
        "tts": [
          "bendèra: Méot"
        ]
      },
      "🇿🇦": {
        "default": [
          "bendèra"
        ],
        "tts": [
          "bendèra: Aprika Kidul"
        ]
      },
      "🇿🇲": {
        "default": [
          "bendèra"
        ],
        "tts": [
          "bendèra: Sambia"
        ]
      },
      "🇿🇼": {
        "default": [
          "bendèra"
        ],
        "tts": [
          "bendèra: Jimbabwé"
        ]
      },
      "¤": {
        "tts": [
          "Mata Uang Kaga’ Ditauin"
        ]
      },
      "֏": {
        "tts": [
          "Dirham Lemènder"
        ]
      },
      "؋": {
        "tts": [
          "Apgani Apganistan"
        ]
      },
      "৳": {
        "tts": [
          "Taka Benggaladésa"
        ]
      },
      "฿": {
        "tts": [
          "Bat Muang-Tay"
        ]
      },
      "៛": {
        "tts": [
          "Rèal Kemboja"
        ]
      },
      "₡": {
        "tts": [
          "Kolon Kosta Rika"
        ]
      },
      "₦": {
        "tts": [
          "Naira Nigéria"
        ]
      },
      "₪": {
        "tts": [
          "Sèkèl Baru Israèl"
        ]
      },
      "₫": {
        "tts": [
          "Dong Piètnam"
        ]
      },
      "₭": {
        "tts": [
          "Kip Laos"
        ]
      },
      "₮": {
        "tts": [
          "Tugrik Monggoli"
        ]
      },
      "₲": {
        "tts": [
          "Guarani Paragué"
        ]
      },
      "₴": {
        "tts": [
          "Heriwnia Ukrain"
        ]
      },
      "₵": {
        "tts": [
          "Sédi Gana"
        ]
      },
      "₸": {
        "tts": [
          "Tènggé Kasakstan"
        ]
      },
      "₺": {
        "tts": [
          "Lira Turki"
        ]
      },
      "₼": {
        "tts": [
          "Manat Asèrbaijan"
        ]
      },
      "₾": {
        "tts": [
          "Lari Géorgi"
        ]
      }
    }
  }
}
