{
  "coverageLevels": {
    "af": "modern",
    "ak": "modern",
    "am": "modern",
    "ar": "modern",
    "as": "modern",
    "ast": "basic",
    "az": "modern",
    "ba": "modern",
    "bal-Latn": "basic",
    "be": "modern",
    "bg": "modern",
    "bgc": "basic",
    "bho": "basic",
    "blo": "moderate",
    "bn": "modern",
    "br": "moderate",
    "brx": "basic",
    "bs": "modern",
    "bs-Cyrl": "basic",
    "bua": "basic",
    "ca": "modern",
    "ceb": "moderate",
    "chr": "modern",
    "cs": "modern",
    "csw": "basic",
    "cv": "modern",
    "cy": "modern",
    "da": "modern",
    "de": "modern",
    "doi": "basic",
    "dsb": "modern",
    "ee": "basic",
    "el": "modern",
    "en": "modern",
    "eo": "moderate",
    "es": "modern",
    "et": "modern",
    "eu": "modern",
    "fa": "modern",
    "ff-Adlm": "basic",
    "fi": "modern",
    "fil": "modern",
    "fo": "moderate",
    "fr": "modern",
    "fy": "basic",
    "ga": "modern",
    "gaa": "basic",
    "gd": "modern",
    "gl": "modern",
    "gu": "modern",
    "ha": "modern",
    "he": "modern",
    "hi": "modern",
    "hi-Latn": "modern",
    "hr": "modern",
    "hsb": "modern",
    "hu": "modern",
    "hy": "modern",
    "ia": "moderate",
    "id": "modern",
    "ie": "basic",
    "ig": "modern",
    "ii": "basic",
    "is": "modern",
    "it": "modern",
    "ja": "modern",
    "jv": "modern",
    "ka": "modern",
    "kea": "basic",
    "kgp": "basic",
    "kk": "modern",
    "kk-Arab": "modern",
    "km": "modern",
    "kn": "modern",
    "ko": "modern",
    "kok": "modern",
    "kok-Latn": "basic",
    "ks": "basic",
    "ks-Deva": "basic",
    "ku": "basic",
    "kxv": "basic",
    "kxv-Deva": "basic",
    "kxv-Orya": "basic",
    "kxv-Telu": "basic",
    "ky": "modern",
    "lb": "basic",
    "lij": "basic",
    "lmo": "basic",
    "lo": "modern",
    "lt": "modern",
    "lv": "modern",
    "mai": "basic",
    "mi": "moderate",
    "mk": "modern",
    "ml": "modern",
    "mn": "modern",
    "mni": "basic",
    "mr": "modern",
    "ms": "modern",
    "mt": "basic",
    "my": "modern",
    "nds": "basic",
    "ne": "modern",
    "nl": "modern",
    "nn": "modern",
    "no": "modern",
    "nqo": "basic",
    "nso": "basic",
    "oc": "basic",
    "om": "basic",
    "or": "modern",
    "pa": "modern",
    "pcm": "modern",
    "pl": "modern",
    "pms": "basic",
    "ps": "modern",
    "pt": "modern",
    "qu": "modern",
    "raj": "basic",
    "rm": "modern",
    "ro": "modern",
    "ru": "modern",
    "rw": "basic",
    "sa": "basic",
    "sah": "basic",
    "sat": "basic",
    "sc": "moderate",
    "scn": "basic",
    "sd": "modern",
    "sd-Deva": "basic",
    "shn": "modern",
    "si": "modern",
    "sk": "modern",
    "sl": "modern",
    "so": "modern",
    "sq": "modern",
    "sr": "modern",
    "sr-Latn": "modern",
    "st": "basic",
    "su": "basic",
    "sv": "modern",
    "sw": "modern",
    "syr": "basic",
    "szl": "basic",
    "ta": "modern",
    "te": "modern",
    "tg": "moderate",
    "th": "modern",
    "ti": "modern",
    "tk": "modern",
    "tn": "basic",
    "to": "basic",
    "tr": "modern",
    "tt": "moderate",
    "tyv": "basic",
    "ug": "basic",
    "uk": "modern",
    "ur": "modern",
    "uz": "modern",
    "uz-Cyrl": "basic",
    "vec": "moderate",
    "vi": "modern",
    "vmw": "basic",
    "wo": "moderate",
    "xh": "moderate",
    "xnr": "basic",
    "yo": "modern",
    "yrl": "basic",
    "yue": "modern",
    "yue-Hans": "modern",
    "za": "basic",
    "zh": "modern",
    "zh-Hant": "modern",
    "zu": "modern"
  },
  "effectiveCoverageLevels": {
    "af": "modern",
    "af-NA": "modern",
    "ak": "modern",
    "am": "modern",
    "ar": "modern",
    "ar-AE": "modern",
    "ar-BH": "modern",
    "ar-DJ": "modern",
    "ar-DZ": "modern",
    "ar-EG": "modern",
    "ar-EH": "modern",
    "ar-ER": "modern",
    "ar-IL": "modern",
    "ar-IQ": "modern",
    "ar-JO": "modern",
    "ar-KM": "modern",
    "ar-KW": "modern",
    "ar-LB": "modern",
    "ar-LY": "modern",
    "ar-MA": "modern",
    "ar-MR": "modern",
    "ar-OM": "modern",
    "ar-PS": "modern",
    "ar-QA": "modern",
    "ar-SA": "modern",
    "ar-SD": "modern",
    "ar-SO": "modern",
    "ar-SS": "modern",
    "ar-SY": "modern",
    "ar-TD": "modern",
    "ar-TN": "modern",
    "ar-YE": "modern",
    "as": "modern",
    "ast": "basic",
    "az": "modern",
    "az-Latn": "modern",
    "ba": "modern",
    "bal-Latn": "basic",
    "be": "modern",
    "be-tarask": "modern",
    "bg": "modern",
    "bgc": "basic",
    "bho": "basic",
    "blo": "moderate",
    "bn": "modern",
    "bn-IN": "modern",
    "br": "moderate",
    "brx": "basic",
    "bs": "modern",
    "bs-Cyrl": "basic",
    "bs-Latn": "modern",
    "bua": "basic",
    "ca": "modern",
    "ca-AD": "modern",
    "ca-ES-valencia": "modern",
    "ca-FR": "modern",
    "ca-IT": "modern",
    "ceb": "moderate",
    "chr": "modern",
    "cs": "modern",
    "csw": "basic",
    "cv": "modern",
    "cy": "modern",
    "da": "modern",
    "da-GL": "modern",
    "de": "modern",
    "de-AT": "modern",
    "de-BE": "modern",
    "de-CH": "modern",
    "de-IT": "modern",
    "de-LI": "modern",
    "de-LU": "modern",
    "doi": "basic",
    "dsb": "modern",
    "ee": "basic",
    "ee-TG": "basic",
    "el": "modern",
    "el-CY": "modern",
    "el-polyton": "modern",
    "en": "modern",
    "en-001": "modern",
    "en-150": "modern",
    "en-AE": "modern",
    "en-AG": "modern",
    "en-AI": "modern",
    "en-AS": "modern",
    "en-AT": "modern",
    "en-AU": "modern",
    "en-BB": "modern",
    "en-BE": "modern",
    "en-BI": "modern",
    "en-BM": "modern",
    "en-BS": "modern",
    "en-BW": "modern",
    "en-BZ": "modern",
    "en-CA": "modern",
    "en-CC": "modern",
    "en-CH": "modern",
    "en-CK": "modern",
    "en-CM": "modern",
    "en-CX": "modern",
    "en-CY": "modern",
    "en-CZ": "modern",
    "en-DE": "modern",
    "en-DG": "modern",
    "en-DK": "modern",
    "en-DM": "modern",
    "en-EE": "modern",
    "en-ER": "modern",
    "en-ES": "modern",
    "en-FI": "modern",
    "en-FJ": "modern",
    "en-FK": "modern",
    "en-FM": "modern",
    "en-FR": "modern",
    "en-GB": "modern",
    "en-GD": "modern",
    "en-GE": "modern",
    "en-GG": "modern",
    "en-GH": "modern",
    "en-GI": "modern",
    "en-GM": "modern",
    "en-GS": "modern",
    "en-GU": "modern",
    "en-GY": "modern",
    "en-HK": "modern",
    "en-HU": "modern",
    "en-ID": "modern",
    "en-IE": "modern",
    "en-IL": "modern",
    "en-IM": "modern",
    "en-IN": "modern",
    "en-IO": "modern",
    "en-IT": "modern",
    "en-JE": "modern",
    "en-JM": "modern",
    "en-JP": "modern",
    "en-KE": "modern",
    "en-KI": "modern",
    "en-KN": "modern",
    "en-KY": "modern",
    "en-LC": "modern",
    "en-LR": "modern",
    "en-LS": "modern",
    "en-LT": "modern",
    "en-LV": "modern",
    "en-MG": "modern",
    "en-MH": "modern",
    "en-MO": "modern",
    "en-MP": "modern",
    "en-MS": "modern",
    "en-MT": "modern",
    "en-MU": "modern",
    "en-MV": "modern",
    "en-MW": "modern",
    "en-MY": "modern",
    "en-NA": "modern",
    "en-NF": "modern",
    "en-NG": "modern",
    "en-NL": "modern",
    "en-NO": "modern",
    "en-NR": "modern",
    "en-NU": "modern",
    "en-NZ": "modern",
    "en-PG": "modern",
    "en-PH": "modern",
    "en-PK": "modern",
    "en-PL": "modern",
    "en-PN": "modern",
    "en-PR": "modern",
    "en-PT": "modern",
    "en-PW": "modern",
    "en-RO": "modern",
    "en-RW": "modern",
    "en-SB": "modern",
    "en-SC": "modern",
    "en-SD": "modern",
    "en-SE": "modern",
    "en-SG": "modern",
    "en-SH": "modern",
    "en-SI": "modern",
    "en-SK": "modern",
    "en-SL": "modern",
    "en-SS": "modern",
    "en-SX": "modern",
    "en-SZ": "modern",
    "en-TC": "modern",
    "en-TK": "modern",
    "en-TO": "modern",
    "en-TT": "modern",
    "en-TV": "modern",
    "en-TZ": "modern",
    "en-UA": "modern",
    "en-UG": "modern",
    "en-UM": "modern",
    "en-VC": "modern",
    "en-VG": "modern",
    "en-VI": "modern",
    "en-VU": "modern",
    "en-WS": "modern",
    "en-ZA": "modern",
    "en-ZM": "modern",
    "en-ZW": "modern",
    "eo": "moderate",
    "es": "modern",
    "es-419": "modern",
    "es-AR": "modern",
    "es-BO": "modern",
    "es-BR": "modern",
    "es-BZ": "modern",
    "es-CL": "modern",
    "es-CO": "modern",
    "es-CR": "modern",
    "es-CU": "modern",
    "es-DO": "modern",
    "es-EA": "modern",
    "es-EC": "modern",
    "es-GQ": "modern",
    "es-GT": "modern",
    "es-HN": "modern",
    "es-IC": "modern",
    "es-MX": "modern",
    "es-NI": "modern",
    "es-PA": "modern",
    "es-PE": "modern",
    "es-PH": "modern",
    "es-PR": "modern",
    "es-PY": "modern",
    "es-SV": "modern",
    "es-US": "modern",
    "es-UY": "modern",
    "es-VE": "modern",
    "et": "modern",
    "eu": "modern",
    "fa": "modern",
    "fa-AF": "modern",
    "ff-Adlm": "basic",
    "ff-Adlm-BF": "basic",
    "ff-Adlm-CM": "basic",
    "ff-Adlm-GH": "basic",
    "ff-Adlm-GM": "basic",
    "ff-Adlm-GW": "basic",
    "ff-Adlm-LR": "basic",
    "ff-Adlm-MR": "basic",
    "ff-Adlm-NE": "basic",
    "ff-Adlm-NG": "basic",
    "ff-Adlm-SL": "basic",
    "ff-Adlm-SN": "basic",
    "fi": "modern",
    "fil": "modern",
    "fo": "moderate",
    "fo-DK": "moderate",
    "fr": "modern",
    "fr-BE": "modern",
    "fr-BF": "modern",
    "fr-BI": "modern",
    "fr-BJ": "modern",
    "fr-BL": "modern",
    "fr-CA": "modern",
    "fr-CD": "modern",
    "fr-CF": "modern",
    "fr-CG": "modern",
    "fr-CH": "modern",
    "fr-CI": "modern",
    "fr-CM": "modern",
    "fr-DJ": "modern",
    "fr-DZ": "modern",
    "fr-GA": "modern",
    "fr-GF": "modern",
    "fr-GN": "modern",
    "fr-GP": "modern",
    "fr-GQ": "modern",
    "fr-HT": "modern",
    "fr-KM": "modern",
    "fr-LU": "modern",
    "fr-MA": "modern",
    "fr-MC": "modern",
    "fr-MF": "modern",
    "fr-MG": "modern",
    "fr-ML": "modern",
    "fr-MQ": "modern",
    "fr-MR": "modern",
    "fr-MU": "modern",
    "fr-NC": "modern",
    "fr-NE": "modern",
    "fr-PF": "modern",
    "fr-PM": "modern",
    "fr-RE": "modern",
    "fr-RW": "modern",
    "fr-SC": "modern",
    "fr-SN": "modern",
    "fr-SY": "modern",
    "fr-TD": "modern",
    "fr-TG": "modern",
    "fr-TN": "modern",
    "fr-VU": "modern",
    "fr-WF": "modern",
    "fr-YT": "modern",
    "fy": "basic",
    "ga": "modern",
    "ga-GB": "modern",
    "gaa": "basic",
    "gd": "modern",
    "gl": "modern",
    "gu": "modern",
    "ha": "modern",
    "ha-GH": "modern",
    "ha-NE": "modern",
    "he": "modern",
    "hi": "modern",
    "hi-Latn": "modern",
    "hr": "modern",
    "hr-BA": "modern",
    "hsb": "modern",
    "ht": "modern",
    "hu": "modern",
    "hy": "modern",
    "ia": "moderate",
    "id": "modern",
    "ie": "basic",
    "ig": "modern",
    "ii": "basic",
    "is": "modern",
    "it": "modern",
    "it-CH": "modern",
    "it-SM": "modern",
    "it-VA": "modern",
    "ja": "modern",
    "jv": "modern",
    "ka": "modern",
    "kea": "basic",
    "kgp": "basic",
    "kk": "modern",
    "kk-Arab": "modern",
    "kk-Cyrl": "modern",
    "kk-KZ": "modern",
    "km": "modern",
    "kn": "modern",
    "ko": "modern",
    "ko-CN": "modern",
    "ko-KP": "modern",
    "kok": "modern",
    "kok-Deva": "modern",
    "kok-Latn": "basic",
    "ks": "basic",
    "ks-Arab": "basic",
    "ks-Deva": "basic",
    "ku": "basic",
    "ku-Latn": "basic",
    "ku-Latn-IQ": "basic",
    "ku-Latn-SY": "basic",
    "ku-TR": "basic",
    "kxv": "basic",
    "kxv-Deva": "basic",
    "kxv-Latn": "basic",
    "kxv-Orya": "basic",
    "kxv-Telu": "basic",
    "ky": "modern",
    "lb": "basic",
    "lij": "basic",
    "lmo": "basic",
    "lo": "modern",
    "lt": "modern",
    "lv": "modern",
    "mai": "basic",
    "mi": "moderate",
    "mk": "modern",
    "ml": "modern",
    "mn": "modern",
    "mni": "basic",
    "mni-Beng": "basic",
    "mr": "modern",
    "ms": "modern",
    "ms-BN": "modern",
    "ms-ID": "modern",
    "ms-SG": "modern",
    "mt": "basic",
    "my": "modern",
    "nb": "modern",
    "nb-SJ": "modern",
    "nds": "basic",
    "nds-NL": "basic",
    "ne": "modern",
    "ne-IN": "modern",
    "nl": "modern",
    "nl-AW": "modern",
    "nl-BE": "modern",
    "nl-BQ": "modern",
    "nl-CW": "modern",
    "nl-SR": "modern",
    "nl-SX": "modern",
    "nn": "modern",
    "no": "modern",
    "nqo": "basic",
    "nso": "basic",
    "oc": "basic",
    "oc-ES": "basic",
    "om": "basic",
    "om-KE": "basic",
    "or": "modern",
    "pa": "modern",
    "pa-Guru": "modern",
    "pcm": "modern",
    "pl": "modern",
    "pms": "basic",
    "ps": "modern",
    "ps-PK": "modern",
    "pt": "modern",
    "pt-AO": "modern",
    "pt-CH": "modern",
    "pt-CV": "modern",
    "pt-GQ": "modern",
    "pt-GW": "modern",
    "pt-LU": "modern",
    "pt-MO": "modern",
    "pt-MZ": "modern",
    "pt-PT": "modern",
    "pt-ST": "modern",
    "pt-TL": "modern",
    "qu": "modern",
    "qu-BO": "modern",
    "qu-EC": "modern",
    "raj": "basic",
    "rm": "modern",
    "ro": "modern",
    "ro-MD": "modern",
    "ru": "modern",
    "ru-BY": "modern",
    "ru-KG": "modern",
    "ru-KZ": "modern",
    "ru-MD": "modern",
    "ru-UA": "modern",
    "rw": "basic",
    "sa": "basic",
    "sah": "basic",
    "sat": "basic",
    "sat-Olck": "basic",
    "sc": "moderate",
    "scn": "basic",
    "sd": "modern",
    "sd-Arab": "modern",
    "sd-Deva": "basic",
    "shn": "modern",
    "shn-TH": "modern",
    "si": "modern",
    "sk": "modern",
    "sl": "modern",
    "so": "modern",
    "so-DJ": "modern",
    "so-ET": "modern",
    "so-KE": "modern",
    "sq": "modern",
    "sq-MK": "modern",
    "sq-XK": "modern",
    "sr": "modern",
    "sr-Cyrl": "modern",
    "sr-Cyrl-BA": "modern",
    "sr-Cyrl-ME": "modern",
    "sr-Cyrl-XK": "modern",
    "sr-Latn": "modern",
    "sr-Latn-BA": "modern",
    "sr-Latn-ME": "modern",
    "sr-Latn-XK": "modern",
    "st": "basic",
    "st-LS": "basic",
    "su": "basic",
    "su-Latn": "basic",
    "sv": "modern",
    "sv-AX": "modern",
    "sv-FI": "modern",
    "sw": "modern",
    "sw-CD": "modern",
    "sw-KE": "modern",
    "sw-UG": "modern",
    "syr": "basic",
    "syr-SY": "basic",
    "szl": "basic",
    "ta": "modern",
    "ta-LK": "modern",
    "ta-MY": "modern",
    "ta-SG": "modern",
    "te": "modern",
    "tg": "moderate",
    "th": "modern",
    "ti": "modern",
    "ti-ER": "modern",
    "tk": "modern",
    "tn": "basic",
    "tn-BW": "basic",
    "to": "basic",
    "tr": "modern",
    "tr-CY": "modern",
    "tt": "moderate",
    "tyv": "basic",
    "ug": "basic",
    "uk": "modern",
    "und": "modern",
    "ur": "modern",
    "ur-IN": "modern",
    "uz": "modern",
    "uz-Cyrl": "basic",
    "uz-Latn": "modern",
    "vec": "moderate",
    "vi": "modern",
    "vmw": "basic",
    "wo": "moderate",
    "xh": "moderate",
    "xnr": "basic",
    "yo": "modern",
    "yo-BJ": "modern",
    "yrl": "basic",
    "yrl-CO": "basic",
    "yrl-VE": "basic",
    "yue": "modern",
    "yue-Hans": "modern",
    "yue-Hant": "modern",
    "yue-Hant-CN": "modern",
    "yue-Hant-MO": "modern",
    "za": "basic",
    "zh": "modern",
    "zh-Hans": "modern",
    "zh-Hans-HK": "modern",
    "zh-Hans-MO": "modern",
    "zh-Hans-MY": "modern",
    "zh-Hans-SG": "modern",
    "zh-Hant": "modern",
    "zh-Hant-HK": "modern",
    "zh-Hant-MO": "modern",
    "zh-Hant-MY": "modern",
    "zu": "modern"
  }
}
