{
  "annotationsDerived": {
    "identity": {
      "language": "ccp"
    },
    "annotations": {
      "#⃣": {
        "default": [
          "𑄇𑄨𑄇𑄳𑄠𑄛𑄴"
        ],
        "tts": [
          "𑄇𑄨𑄇𑄳𑄠𑄛𑄴: #"
        ]
      },
      "*⃣": {
        "default": [
          "𑄇𑄨𑄇𑄳𑄠𑄛𑄴"
        ],
        "tts": [
          "𑄇𑄨𑄇𑄳𑄠𑄛𑄴: *"
        ]
      },
      "🔟": {
        "default": [
          "𑄇𑄨𑄇𑄳𑄠𑄛𑄴"
        ],
        "tts": [
          "𑄇𑄨𑄇𑄳𑄠𑄛𑄴: 10"
        ]
      },
      "🇦🇨": {
        "default": [
          "𑄙𑄧𑄏"
        ],
        "tts": [
          "𑄙𑄧𑄏: 𑄃𑄳𑄠𑄥𑄴𑄥𑄬𑄚𑄴𑄥𑄧𑄚𑄴 𑄃𑄭𑄣𑄳𑄠𑄚𑄴𑄓𑄴"
        ]
      },
      "🇦🇩": {
        "default": [
          "𑄙𑄧𑄏"
        ],
        "tts": [
          "𑄙𑄧𑄏: 𑄃𑄚𑄴𑄓𑄮𑄢"
        ]
      },
      "🇦🇪": {
        "default": [
          "𑄙𑄧𑄏"
        ],
        "tts": [
          "𑄙𑄧𑄏: 𑄎𑄧𑄙 𑄃𑄢𑄧𑄝𑄴 𑄃𑄟𑄨𑄢𑄖𑄴"
        ]
      },
      "🇦🇫": {
        "default": [
          "𑄙𑄧𑄏"
        ],
        "tts": [
          "𑄙𑄧𑄏: 𑄃𑄛𑄴𑄉𑄚𑄨𑄌𑄴𑄖𑄚𑄴"
        ]
      },
      "🇦🇬": {
        "default": [
          "𑄙𑄧𑄏"
        ],
        "tts": [
          "𑄙𑄧𑄏: 𑄆𑄚𑄴𑄖𑄨𑄉𑄱 𑄃𑄮 𑄝𑄢𑄴𑄟𑄪𑄓"
        ]
      },
      "🇦🇮": {
        "default": [
          "𑄙𑄧𑄏"
        ],
        "tts": [
          "𑄙𑄧𑄏: 𑄄𑄳𑄠𑄋𑄴𑄉𑄪𑄃𑄨𑄣"
        ]
      },
      "🇦🇱": {
        "default": [
          "𑄙𑄧𑄏"
        ],
        "tts": [
          "𑄙𑄧𑄏: 𑄃𑄣𑄴𑄝𑄬𑄚𑄨𑄠"
        ]
      },
      "🇦🇲": {
        "default": [
          "𑄙𑄧𑄏"
        ],
        "tts": [
          "𑄙𑄧𑄏: 𑄃𑄢𑄴𑄟𑄬𑄚𑄨𑄠"
        ]
      },
      "🇦🇴": {
        "default": [
          "𑄙𑄧𑄏"
        ],
        "tts": [
          "𑄙𑄧𑄏: 𑄃𑄳𑄠𑄋𑄴𑄉𑄮𑄣"
        ]
      },
      "🇦🇶": {
        "default": [
          "𑄙𑄧𑄏"
        ],
        "tts": [
          "𑄙𑄧𑄏: 𑄃𑄳𑄠𑄚𑄴𑄑𑄢𑄴𑄇𑄧𑄑𑄨𑄇"
        ]
      },
      "🇦🇷": {
        "default": [
          "𑄙𑄧𑄏"
        ],
        "tts": [
          "𑄙𑄧𑄏: 𑄃𑄢𑄴𑄎𑄬𑄚𑄴𑄑𑄨𑄚"
        ]
      },
      "🇦🇸": {
        "default": [
          "𑄙𑄧𑄏"
        ],
        "tts": [
          "𑄙𑄧𑄏: 𑄃𑄟𑄬𑄢𑄨𑄇𑄚𑄴 𑄥𑄟𑄮𑄠"
        ]
      },
      "🇦🇹": {
        "default": [
          "𑄙𑄧𑄏"
        ],
        "tts": [
          "𑄙𑄧𑄏: 𑄃𑄧𑄌𑄴𑄑𑄳𑄢𑄨𑄠"
        ]
      },
      "🇦🇺": {
        "default": [
          "𑄙𑄧𑄏"
        ],
        "tts": [
          "𑄙𑄧𑄏: 𑄃𑄌𑄴𑄑𑄳𑄢𑄬𑄣𑄨𑄠"
        ]
      },
      "🇦🇼": {
        "default": [
          "𑄙𑄧𑄏"
        ],
        "tts": [
          "𑄙𑄧𑄏: 𑄃𑄢𑄪𑄝"
        ]
      },
      "🇦🇽": {
        "default": [
          "𑄙𑄧𑄏"
        ],
        "tts": [
          "𑄙𑄧𑄏: 𑄃𑄣𑄚𑄴𑄓𑄧 𑄉𑄭 𑄉𑄭 𑄞𑄨𑄘𑄳𑄠"
        ]
      },
      "🇦🇿": {
        "default": [
          "𑄙𑄧𑄏"
        ],
        "tts": [
          "𑄙𑄧𑄏: 𑄃𑄎𑄢𑄴𑄝𑄭𑄎𑄚𑄴"
        ]
      },
      "🇧🇦": {
        "default": [
          "𑄙𑄧𑄏"
        ],
        "tts": [
          "𑄙𑄧𑄏: 𑄝𑄧𑄥𑄴𑄚𑄨𑄠 𑄃𑄮 𑄦𑄢𑄴𑄎𑄬𑄉𑄮𑄞𑄨𑄚"
        ]
      },
      "🇧🇧": {
        "default": [
          "𑄙𑄧𑄏"
        ],
        "tts": [
          "𑄙𑄧𑄏: 𑄝𑄢𑄴𑄝𑄘𑄮𑄌𑄴"
        ]
      },
      "🇧🇩": {
        "default": [
          "𑄙𑄧𑄏"
        ],
        "tts": [
          "𑄙𑄧𑄏: 𑄝𑄁𑄣𑄘𑄬𑄌𑄴"
        ]
      },
      "🇧🇪": {
        "default": [
          "𑄙𑄧𑄏"
        ],
        "tts": [
          "𑄙𑄧𑄏: 𑄝𑄬𑄣𑄴𑄎𑄨𑄠𑄟𑄴"
        ]
      },
      "🇧🇫": {
        "default": [
          "𑄙𑄧𑄏"
        ],
        "tts": [
          "𑄙𑄧𑄏: 𑄝𑄪𑄢𑄴𑄇𑄨𑄚 𑄜𑄥𑄮"
        ]
      },
      "🇧🇬": {
        "default": [
          "𑄙𑄧𑄏"
        ],
        "tts": [
          "𑄙𑄧𑄏: 𑄝𑄪𑄣𑄴𑄉𑄬𑄢𑄨𑄠"
        ]
      },
      "🇧🇭": {
        "default": [
          "𑄙𑄧𑄏"
        ],
        "tts": [
          "𑄙𑄧𑄏: 𑄝𑄦𑄧𑄢𑄭𑄚𑄴"
        ]
      },
      "🇧🇮": {
        "default": [
          "𑄙𑄧𑄏"
        ],
        "tts": [
          "𑄙𑄧𑄏: 𑄝𑄪𑄢𑄪𑄚𑄴𑄘𑄨"
        ]
      },
      "🇧🇯": {
        "default": [
          "𑄙𑄧𑄏"
        ],
        "tts": [
          "𑄙𑄧𑄏: 𑄝𑄬𑄚𑄨𑄚𑄴"
        ]
      },
      "🇧🇱": {
        "default": [
          "𑄙𑄧𑄏"
        ],
        "tts": [
          "𑄙𑄧𑄏: 𑄥𑄬𑄚𑄴𑄑𑄴 𑄝𑄢𑄴𑄗𑄬𑄣𑄨𑄟𑄨"
        ]
      },
      "🇧🇲": {
        "default": [
          "𑄙𑄧𑄏"
        ],
        "tts": [
          "𑄙𑄧𑄏: 𑄝𑄢𑄴𑄟𑄪𑄓"
        ]
      },
      "🇧🇳": {
        "default": [
          "𑄙𑄧𑄏"
        ],
        "tts": [
          "𑄙𑄧𑄏: 𑄝𑄳𑄢𑄪𑄚𑄬𑄭"
        ]
      },
      "🇧🇴": {
        "default": [
          "𑄙𑄧𑄏"
        ],
        "tts": [
          "𑄙𑄧𑄏: 𑄝𑄧𑄣𑄨𑄞𑄨𑄠"
        ]
      },
      "🇧🇶": {
        "default": [
          "𑄙𑄧𑄏"
        ],
        "tts": [
          "𑄙𑄧𑄏: 𑄇𑄳𑄠𑄢𑄨𑄝𑄨𑄠𑄚𑄴 𑄚𑄬𑄘𑄢𑄴𑄣𑄳𑄠𑄚𑄴𑄓𑄧𑄥𑄴"
        ]
      },
      "🇧🇷": {
        "default": [
          "𑄙𑄧𑄏"
        ],
        "tts": [
          "𑄙𑄧𑄏: 𑄝𑄳𑄢𑄎𑄨𑄣𑄴"
        ]
      },
      "🇧🇸": {
        "default": [
          "𑄙𑄧𑄏"
        ],
        "tts": [
          "𑄙𑄧𑄏: 𑄝𑄦𑄟 𑄉𑄭 𑄉𑄭 𑄞𑄨𑄘𑄳𑄠"
        ]
      },
      "🇧🇹": {
        "default": [
          "𑄙𑄧𑄏"
        ],
        "tts": [
          "𑄙𑄧𑄏: 𑄞𑄪𑄑𑄚𑄴"
        ]
      },
      "🇧🇻": {
        "default": [
          "𑄙𑄧𑄏"
        ],
        "tts": [
          "𑄙𑄧𑄏: 𑄝𑄮𑄞𑄬𑄑𑄴 𑄞𑄨𑄘𑄳𑄠"
        ]
      },
      "🇧🇼": {
        "default": [
          "𑄙𑄧𑄏"
        ],
        "tts": [
          "𑄙𑄧𑄏: 𑄝𑄧𑄖𑄴𑄥𑄮𑄠𑄚"
        ]
      },
      "🇧🇾": {
        "default": [
          "𑄙𑄧𑄏"
        ],
        "tts": [
          "𑄙𑄧𑄏: 𑄝𑄬𑄣𑄢𑄪𑄌𑄴"
        ]
      },
      "🇧🇿": {
        "default": [
          "𑄙𑄧𑄏"
        ],
        "tts": [
          "𑄙𑄧𑄏: 𑄝𑄬𑄣𑄨𑄎𑄴"
        ]
      },
      "🇨🇦": {
        "default": [
          "𑄙𑄧𑄏"
        ],
        "tts": [
          "𑄙𑄧𑄏: 𑄇𑄚𑄓"
        ]
      },
      "🇨🇨": {
        "default": [
          "𑄙𑄧𑄏"
        ],
        "tts": [
          "𑄙𑄧𑄏: 𑄇𑄮𑄇𑄮𑄌𑄴 (𑄇𑄨𑄣𑄨𑄁) 𑄉𑄭 𑄉𑄭 𑄞𑄨𑄘𑄳𑄠"
        ]
      },
      "🇨🇩": {
        "default": [
          "𑄙𑄧𑄏"
        ],
        "tts": [
          "𑄙𑄧𑄏: 𑄇𑄧𑄋𑄴𑄉𑄮-𑄚𑄨𑄇𑄴𑄥𑄥"
        ]
      },
      "🇨🇫": {
        "default": [
          "𑄙𑄧𑄏"
        ],
        "tts": [
          "𑄙𑄧𑄏: 𑄟𑄧𑄖𑄴𑄙𑄳𑄠𑄧 𑄃𑄜𑄳𑄢𑄨𑄇𑄢𑄴𑄛𑄳𑄢𑄎𑄖𑄧𑄚𑄴𑄖𑄳𑄢𑄧"
        ]
      },
      "🇨🇬": {
        "default": [
          "𑄙𑄧𑄏"
        ],
        "tts": [
          "𑄙𑄧𑄏: 𑄇𑄧𑄋𑄴𑄉𑄮-𑄝𑄳𑄢𑄎𑄞𑄨𑄣𑄴"
        ]
      },
      "🇨🇭": {
        "default": [
          "𑄙𑄧𑄏"
        ],
        "tts": [
          "𑄙𑄧𑄏: 𑄥𑄭𑄪𑄎𑄢𑄴𑄣𑄳𑄠𑄚𑄴𑄓𑄴"
        ]
      },
      "🇨🇮": {
        "default": [
          "𑄙𑄧𑄏"
        ],
        "tts": [
          "𑄙𑄧𑄏: 𑄃𑄭𑄞𑄧𑄢𑄨 𑄇𑄮𑄌𑄴𑄑𑄴"
        ]
      },
      "🇨🇰": {
        "default": [
          "𑄙𑄧𑄏"
        ],
        "tts": [
          "𑄙𑄧𑄏: 𑄇𑄪𑄇𑄪 𑄉𑄭 𑄉𑄭 𑄞𑄨𑄘𑄳𑄠"
        ]
      },
      "🇨🇱": {
        "default": [
          "𑄙𑄧𑄏"
        ],
        "tts": [
          "𑄙𑄧𑄏: 𑄌𑄨𑄣𑄨"
        ]
      },
      "🇨🇲": {
        "default": [
          "𑄙𑄧𑄏"
        ],
        "tts": [
          "𑄙𑄧𑄏: 𑄇𑄳𑄠𑄟𑄬𑄢𑄪𑄚𑄴"
        ]
      },
      "🇨🇳": {
        "default": [
          "𑄙𑄧𑄏"
        ],
        "tts": [
          "𑄙𑄧𑄏: 𑄌𑄩𑄚𑄴"
        ]
      },
      "🇨🇴": {
        "default": [
          "𑄙𑄧𑄏"
        ],
        "tts": [
          "𑄙𑄧𑄏: 𑄃𑄣𑄧𑄟𑄴𑄝𑄨𑄠"
        ]
      },
      "🇨🇵": {
        "default": [
          "𑄙𑄧𑄏"
        ],
        "tts": [
          "𑄙𑄧𑄏: 𑄇𑄳𑄣𑄨𑄛𑄢𑄴𑄑𑄧𑄚𑄴 𑄃𑄭𑄣𑄳𑄠𑄚𑄳𑄓𑄴"
        ]
      },
      "🇨🇷": {
        "default": [
          "𑄙𑄧𑄏"
        ],
        "tts": [
          "𑄙𑄧𑄏: 𑄇𑄮𑄥𑄳𑄑𑄢𑄨𑄇"
        ]
      },
      "🇨🇺": {
        "default": [
          "𑄙𑄧𑄏"
        ],
        "tts": [
          "𑄙𑄧𑄏: 𑄇𑄨𑄃𑄪𑄝"
        ]
      },
      "🇨🇻": {
        "default": [
          "𑄙𑄧𑄏"
        ],
        "tts": [
          "𑄙𑄧𑄏: 𑄇𑄬𑄛𑄴𑄞𑄢𑄴𑄘𑄬"
        ]
      },
      "🇨🇼": {
        "default": [
          "𑄙𑄧𑄏"
        ],
        "tts": [
          "𑄙𑄧𑄏: 𑄇𑄨𑄃𑄪𑄢𑄥𑄃𑄮"
        ]
      },
      "🇨🇽": {
        "default": [
          "𑄙𑄧𑄏"
        ],
        "tts": [
          "𑄙𑄧𑄏: 𑄇𑄳𑄢𑄨𑄥𑄴𑄟𑄥𑄴 𑄞𑄨𑄘𑄳𑄠"
        ]
      },
      "🇨🇾": {
        "default": [
          "𑄙𑄧𑄏"
        ],
        "tts": [
          "𑄙𑄧𑄏: 𑄥𑄭𑄛𑄳𑄢𑄥𑄴"
        ]
      },
      "🇨🇿": {
        "default": [
          "𑄙𑄧𑄏"
        ],
        "tts": [
          "𑄙𑄧𑄏: 𑄌𑄬𑄌𑄨𑄠"
        ]
      },
      "🇩🇪": {
        "default": [
          "𑄙𑄧𑄏"
        ],
        "tts": [
          "𑄙𑄧𑄏: 𑄎𑄢𑄴𑄟𑄚𑄨"
        ]
      },
      "🇩🇬": {
        "default": [
          "𑄙𑄧𑄏"
        ],
        "tts": [
          "𑄙𑄧𑄏: 𑄘𑄨𑄠𑄬𑄉𑄮 𑄉𑄢𑄴𑄥𑄨𑄠"
        ]
      },
      "🇩🇯": {
        "default": [
          "𑄙𑄧𑄏"
        ],
        "tts": [
          "𑄙𑄧𑄏: 𑄎𑄨𑄝𑄪𑄖𑄨"
        ]
      },
      "🇩🇰": {
        "default": [
          "𑄙𑄧𑄏"
        ],
        "tts": [
          "𑄙𑄧𑄏: 𑄓𑄬𑄚𑄴𑄟𑄢𑄴𑄇𑄧"
        ]
      },
      "🇩🇲": {
        "default": [
          "𑄙𑄧𑄏"
        ],
        "tts": [
          "𑄙𑄧𑄏: 𑄓𑄮𑄟𑄨𑄚𑄨𑄇"
        ]
      },
      "🇩🇴": {
        "default": [
          "𑄙𑄧𑄏"
        ],
        "tts": [
          "𑄙𑄧𑄏: 𑄓𑄮𑄟𑄨𑄚𑄨𑄇𑄚𑄴 𑄛𑄳𑄢𑄧𑄎𑄖𑄧𑄚𑄴𑄖𑄳𑄢𑄧"
        ]
      },
      "🇩🇿": {
        "default": [
          "𑄙𑄧𑄏"
        ],
        "tts": [
          "𑄙𑄧𑄏: 𑄃𑄢𑄴𑄎𑄬𑄢𑄨𑄠"
        ]
      },
      "🇪🇦": {
        "default": [
          "𑄙𑄧𑄏"
        ],
        "tts": [
          "𑄙𑄧𑄏: 𑄇𑄪𑄃𑄪𑄑 𑄃𑄳𑄃 𑄟𑄬𑄣𑄨𑄣"
        ]
      },
      "🇪🇨": {
        "default": [
          "𑄙𑄧𑄏"
        ],
        "tts": [
          "𑄙𑄧𑄏: 𑄄𑄇𑄪𑄠𑄬𑄓𑄧𑄢𑄴"
        ]
      },
      "🇪🇪": {
        "default": [
          "𑄙𑄧𑄏"
        ],
        "tts": [
          "𑄙𑄧𑄏: 𑄆𑄌𑄴𑄖𑄮𑄚𑄨𑄠"
        ]
      },
      "🇪🇬": {
        "default": [
          "𑄙𑄧𑄏"
        ],
        "tts": [
          "𑄙𑄧𑄏: 𑄟𑄨𑄥𑄧𑄢𑄴"
        ]
      },
      "🇪🇭": {
        "default": [
          "𑄙𑄧𑄏"
        ],
        "tts": [
          "𑄙𑄧𑄏: 𑄛𑄧𑄎𑄨𑄟𑄴 𑄥𑄦𑄢"
        ]
      },
      "🇪🇷": {
        "default": [
          "𑄙𑄧𑄏"
        ],
        "tts": [
          "𑄙𑄧𑄏: 𑄄𑄢𑄨𑄖𑄳𑄢𑄨𑄠"
        ]
      },
      "🇪🇸": {
        "default": [
          "𑄙𑄧𑄏"
        ],
        "tts": [
          "𑄙𑄧𑄏: 𑄥𑄳𑄛𑄬𑄚𑄴"
        ]
      },
      "🇪🇹": {
        "default": [
          "𑄙𑄧𑄏"
        ],
        "tts": [
          "𑄙𑄧𑄏: 𑄃𑄨𑄜𑄨𑄃𑄮𑄛𑄨𑄠"
        ]
      },
      "🇪🇺": {
        "default": [
          "𑄙𑄧𑄏"
        ],
        "tts": [
          "𑄙𑄧𑄏: 𑄄𑄃𑄪𑄢𑄮𑄛𑄩𑄠𑄧 𑄄𑄃𑄪𑄚𑄨𑄠𑄧𑄚𑄴"
        ]
      },
      "🇫🇮": {
        "default": [
          "𑄙𑄧𑄏"
        ],
        "tts": [
          "𑄙𑄧𑄏: 𑄜𑄨𑄚𑄴𑄣𑄳𑄠𑄚𑄴𑄓𑄴"
        ]
      },
      "🇫🇯": {
        "default": [
          "𑄙𑄧𑄏"
        ],
        "tts": [
          "𑄙𑄧𑄏: 𑄜𑄨𑄎𑄨"
        ]
      },
      "🇫🇰": {
        "default": [
          "𑄙𑄧𑄏"
        ],
        "tts": [
          "𑄙𑄧𑄏: 𑄜𑄧𑄇𑄴𑄣𑄳𑄠𑄚𑄴𑄓𑄴 𑄉𑄭 𑄉𑄭 𑄞𑄨𑄘𑄳𑄠"
        ]
      },
      "🇫🇲": {
        "default": [
          "𑄙𑄧𑄏"
        ],
        "tts": [
          "𑄙𑄧𑄏: 𑄟𑄭𑄇𑄳𑄢𑄮𑄚𑄬𑄥𑄨𑄠"
        ]
      },
      "🇫🇴": {
        "default": [
          "𑄙𑄧𑄏"
        ],
        "tts": [
          "𑄙𑄧𑄏: 𑄜𑄳𑄠𑄢𑄧𑄃𑄮 𑄉𑄭 𑄉𑄭 𑄞𑄨𑄘𑄳𑄠"
        ]
      },
      "🇫🇷": {
        "default": [
          "𑄙𑄧𑄏"
        ],
        "tts": [
          "𑄙𑄧𑄏: 𑄜𑄳𑄢𑄚𑄴𑄥𑄴"
        ]
      },
      "🇬🇦": {
        "default": [
          "𑄙𑄧𑄏"
        ],
        "tts": [
          "𑄙𑄧𑄏: 𑄉𑄳𑄠𑄝𑄧𑄚𑄴"
        ]
      },
      "🇬🇧": {
        "default": [
          "𑄙𑄧𑄏"
        ],
        "tts": [
          "𑄙𑄧𑄏: 𑄎𑄧𑄙𑄢𑄬𑄌𑄴𑄎𑄮"
        ]
      },
      "🇬🇩": {
        "default": [
          "𑄙𑄧𑄏"
        ],
        "tts": [
          "𑄙𑄧𑄏: 𑄉𑄳𑄢𑄬𑄚𑄓"
        ]
      },
      "🇬🇪": {
        "default": [
          "𑄙𑄧𑄏"
        ],
        "tts": [
          "𑄙𑄧𑄏: 𑄎𑄧𑄢𑄴𑄎𑄨𑄠"
        ]
      },
      "🇬🇫": {
        "default": [
          "𑄙𑄧𑄏"
        ],
        "tts": [
          "𑄙𑄧𑄏: 𑄜𑄧𑄢𑄥𑄩 𑄉𑄠𑄚"
        ]
      },
      "🇬🇬": {
        "default": [
          "𑄙𑄧𑄏"
        ],
        "tts": [
          "𑄙𑄧𑄏: 𑄉𑄳𑄢𑄚𑄴𑄏𑄨"
        ]
      },
      "🇬🇭": {
        "default": [
          "𑄙𑄧𑄏"
        ],
        "tts": [
          "𑄙𑄧𑄏: 𑄊𑄚"
        ]
      },
      "🇬🇮": {
        "default": [
          "𑄙𑄧𑄏"
        ],
        "tts": [
          "𑄙𑄧𑄏: 𑄎𑄨𑄝𑄳𑄢𑄣𑄴𑄑𑄢𑄴"
        ]
      },
      "🇬🇱": {
        "default": [
          "𑄙𑄧𑄏"
        ],
        "tts": [
          "𑄙𑄧𑄏: 𑄉𑄳𑄢𑄩𑄚𑄴𑄣𑄳𑄠𑄚𑄴𑄓𑄴"
        ]
      },
      "🇬🇲": {
        "default": [
          "𑄙𑄧𑄏"
        ],
        "tts": [
          "𑄙𑄧𑄏: 𑄉𑄟𑄴𑄝𑄨𑄠"
        ]
      },
      "🇬🇳": {
        "default": [
          "𑄙𑄧𑄏"
        ],
        "tts": [
          "𑄙𑄧𑄏: 𑄉𑄨𑄚𑄨"
        ]
      },
      "🇬🇵": {
        "default": [
          "𑄙𑄧𑄏"
        ],
        "tts": [
          "𑄙𑄧𑄏: 𑄉𑄪𑄠𑄘𑄬𑄣𑄯𑄛𑄴"
        ]
      },
      "🇬🇶": {
        "default": [
          "𑄙𑄧𑄏"
        ],
        "tts": [
          "𑄙𑄧𑄏: 𑄚𑄨𑄢𑄧𑄇𑄴𑄈𑄩𑄠𑄧 𑄉𑄨𑄚𑄨"
        ]
      },
      "🇬🇷": {
        "default": [
          "𑄙𑄧𑄏"
        ],
        "tts": [
          "𑄙𑄧𑄏: 𑄉𑄳𑄢𑄨𑄌𑄴"
        ]
      },
      "🇬🇸": {
        "default": [
          "𑄙𑄧𑄏"
        ],
        "tts": [
          "𑄙𑄧𑄏: 𑄘𑄧𑄉𑄨𑄚𑄴 𑄎𑄧𑄢𑄴𑄎𑄨𑄠 𑄃𑄮 𑄘𑄧𑄉𑄨𑄚𑄴 𑄥𑄳𑄠𑄚𑄴𑄓𑄃𑄪𑄃𑄨𑄌𑄴 𑄉𑄭 𑄉𑄭 𑄞𑄨𑄘𑄳𑄠"
        ]
      },
      "🇬🇹": {
        "default": [
          "𑄙𑄧𑄏"
        ],
        "tts": [
          "𑄙𑄧𑄏: 𑄉𑄪𑄠𑄖𑄬𑄟𑄣"
        ]
      },
      "🇬🇺": {
        "default": [
          "𑄙𑄧𑄏"
        ],
        "tts": [
          "𑄙𑄧𑄏: 𑄉𑄪𑄠𑄟𑄴"
        ]
      },
      "🇬🇼": {
        "default": [
          "𑄙𑄧𑄏"
        ],
        "tts": [
          "𑄙𑄧𑄏: 𑄉𑄨𑄚𑄨-𑄝𑄨𑄥𑄃𑄪"
        ]
      },
      "🇬🇾": {
        "default": [
          "𑄙𑄧𑄏"
        ],
        "tts": [
          "𑄙𑄧𑄏: 𑄉𑄨𑄠𑄚"
        ]
      },
      "🇭🇰": {
        "default": [
          "𑄙𑄧𑄏"
        ],
        "tts": [
          "𑄙𑄧𑄏: 𑄦𑄧𑄁𑄇𑄧𑄁 𑄆𑄌𑄴𑄃𑄬𑄃𑄢𑄴 𑄌𑄩𑄚"
        ]
      },
      "🇭🇲": {
        "default": [
          "𑄙𑄧𑄏"
        ],
        "tts": [
          "𑄙𑄧𑄏: 𑄦𑄢𑄴𑄓𑄴 𑄉𑄭 𑄉𑄭 𑄞𑄨𑄘𑄳𑄠 𑄃𑄳𑄃 𑄟𑄳𑄠𑄇𑄴𑄓𑄮𑄚𑄴𑄓𑄴 𑄉𑄭 𑄉𑄭 𑄞𑄨𑄘𑄳𑄠"
        ]
      },
      "🇭🇳": {
        "default": [
          "𑄙𑄧𑄏"
        ],
        "tts": [
          "𑄙𑄧𑄏: 𑄦𑄪𑄚𑄴𑄓𑄪𑄢𑄥𑄴"
        ]
      },
      "🇭🇷": {
        "default": [
          "𑄙𑄧𑄏"
        ],
        "tts": [
          "𑄙𑄧𑄏: 𑄇𑄳𑄢𑄮𑄠𑄬𑄥𑄨𑄠"
        ]
      },
      "🇭🇹": {
        "default": [
          "𑄙𑄧𑄏"
        ],
        "tts": [
          "𑄙𑄧𑄏: 𑄦𑄭𑄖𑄨"
        ]
      },
      "🇭🇺": {
        "default": [
          "𑄙𑄧𑄏"
        ],
        "tts": [
          "𑄙𑄧𑄏: 𑄦𑄧𑄋𑄴𑄉𑄬𑄢𑄨"
        ]
      },
      "🇮🇨": {
        "default": [
          "𑄙𑄧𑄏"
        ],
        "tts": [
          "𑄙𑄧𑄏: 𑄇𑄳𑄠𑄚𑄢𑄨 𑄉𑄭 𑄉𑄭 𑄞𑄨𑄘𑄳𑄠"
        ]
      },
      "🇮🇩": {
        "default": [
          "𑄙𑄧𑄏"
        ],
        "tts": [
          "𑄙𑄧𑄏: 𑄄𑄚𑄴𑄘𑄮𑄚𑄬𑄥𑄨𑄠"
        ]
      },
      "🇮🇪": {
        "default": [
          "𑄙𑄧𑄏"
        ],
        "tts": [
          "𑄙𑄧𑄏: 𑄃𑄠𑄢𑄴𑄣𑄳𑄠𑄚𑄴𑄓𑄴"
        ]
      },
      "🇮🇱": {
        "default": [
          "𑄙𑄧𑄏"
        ],
        "tts": [
          "𑄙𑄧𑄏: 𑄄𑄎𑄴𑄢𑄠𑄬𑄣𑄴"
        ]
      },
      "🇮🇲": {
        "default": [
          "𑄙𑄧𑄏"
        ],
        "tts": [
          "𑄙𑄧𑄏: 𑄃𑄭𑄣𑄴 𑄃𑄧𑄜𑄴 𑄟𑄳𑄠𑄚𑄴"
        ]
      },
      "🇮🇳": {
        "default": [
          "𑄙𑄧𑄏"
        ],
        "tts": [
          "𑄙𑄧𑄏: 𑄞𑄢𑄧𑄖𑄴"
        ]
      },
      "🇮🇴": {
        "default": [
          "𑄙𑄧𑄏"
        ],
        "tts": [
          "𑄙𑄧𑄏: 𑄝𑄳𑄢𑄨𑄑𑄨𑄌𑄴 𑄞𑄢𑄧𑄖𑄴 𑄟𑄧𑄦𑄥𑄉𑄧𑄢𑄨𑄠𑄧 𑄞𑄨𑄘𑄳𑄠"
        ]
      },
      "🇮🇶": {
        "default": [
          "𑄙𑄧𑄏"
        ],
        "tts": [
          "𑄙𑄧𑄏: 𑄄𑄢𑄇𑄴"
        ]
      },
      "🇮🇷": {
        "default": [
          "𑄙𑄧𑄏"
        ],
        "tts": [
          "𑄙𑄧𑄏: 𑄄𑄢𑄚𑄴"
        ]
      },
      "🇮🇸": {
        "default": [
          "𑄙𑄧𑄏"
        ],
        "tts": [
          "𑄙𑄧𑄏: 𑄃𑄭𑄥𑄴𑄣𑄳𑄠𑄚𑄴𑄓𑄴"
        ]
      },
      "🇮🇹": {
        "default": [
          "𑄙𑄧𑄏"
        ],
        "tts": [
          "𑄙𑄧𑄏: 𑄄𑄖𑄣𑄨"
        ]
      },
      "🇯🇪": {
        "default": [
          "𑄙𑄧𑄏"
        ],
        "tts": [
          "𑄙𑄧𑄏: 𑄎𑄢𑄴𑄥𑄨"
        ]
      },
      "🇯🇲": {
        "default": [
          "𑄙𑄧𑄏"
        ],
        "tts": [
          "𑄙𑄧𑄏: 𑄎𑄟𑄭𑄇"
        ]
      },
      "🇯🇴": {
        "default": [
          "𑄙𑄧𑄏"
        ],
        "tts": [
          "𑄙𑄧𑄏: 𑄎𑄧𑄢𑄴𑄓𑄧𑄚𑄴"
        ]
      },
      "🇯🇵": {
        "default": [
          "𑄙𑄧𑄏"
        ],
        "tts": [
          "𑄙𑄧𑄏: 𑄎𑄛𑄚𑄴"
        ]
      },
      "🇰🇪": {
        "default": [
          "𑄙𑄧𑄏"
        ],
        "tts": [
          "𑄙𑄧𑄏: 𑄇𑄬𑄚𑄨𑄠"
        ]
      },
      "🇰🇬": {
        "default": [
          "𑄙𑄧𑄏"
        ],
        "tts": [
          "𑄙𑄧𑄏: 𑄇𑄨𑄢𑄴𑄉𑄨𑄎𑄨𑄌𑄴𑄖𑄚𑄴"
        ]
      },
      "🇰🇭": {
        "default": [
          "𑄙𑄧𑄏"
        ],
        "tts": [
          "𑄙𑄧𑄏: 𑄇𑄧𑄟𑄴𑄝𑄮𑄓𑄨𑄠"
        ]
      },
      "🇰🇮": {
        "default": [
          "𑄙𑄧𑄏"
        ],
        "tts": [
          "𑄙𑄧𑄏: 𑄇𑄨𑄢𑄨𑄝𑄖𑄨"
        ]
      },
      "🇰🇲": {
        "default": [
          "𑄙𑄧𑄏"
        ],
        "tts": [
          "𑄙𑄧𑄏: 𑄇𑄧𑄟𑄮𑄢𑄮𑄌𑄴"
        ]
      },
      "🇰🇳": {
        "default": [
          "𑄙𑄧𑄏"
        ],
        "tts": [
          "𑄙𑄧𑄏: 𑄥𑄬𑄚𑄴𑄑𑄴 𑄇𑄨𑄑𑄴𑄥𑄴 𑄃𑄮 𑄚𑄬𑄞𑄨𑄌𑄴"
        ]
      },
      "🇰🇵": {
        "default": [
          "𑄙𑄧𑄏"
        ],
        "tts": [
          "𑄙𑄧𑄏: 𑄅𑄪𑄖𑄴𑄖𑄮𑄢𑄴 𑄇𑄮𑄢𑄨𑄠"
        ]
      },
      "🇰🇷": {
        "default": [
          "𑄙𑄧𑄏"
        ],
        "tts": [
          "𑄙𑄧𑄏: 𑄘𑄧𑄉𑄨𑄚𑄴 𑄇𑄮𑄢𑄨𑄠"
        ]
      },
      "🇰🇼": {
        "default": [
          "𑄙𑄧𑄏"
        ],
        "tts": [
          "𑄙𑄧𑄏: 𑄇𑄪𑄠𑄬𑄖𑄴"
        ]
      },
      "🇰🇾": {
        "default": [
          "𑄙𑄧𑄏"
        ],
        "tts": [
          "𑄙𑄧𑄏: 𑄇𑄬𑄟𑄳𑄠𑄚𑄴 𑄉𑄭 𑄉𑄭 𑄞𑄨𑄘𑄳𑄠"
        ]
      },
      "🇰🇿": {
        "default": [
          "𑄙𑄧𑄏"
        ],
        "tts": [
          "𑄙𑄧𑄏: 𑄇𑄎𑄈𑄌𑄴𑄖𑄚𑄴"
        ]
      },
      "🇱🇦": {
        "default": [
          "𑄙𑄧𑄏"
        ],
        "tts": [
          "𑄙𑄧𑄏: 𑄣𑄃𑄮𑄌𑄴"
        ]
      },
      "🇱🇧": {
        "default": [
          "𑄙𑄧𑄏"
        ],
        "tts": [
          "𑄙𑄧𑄏: 𑄣𑄬𑄝𑄚𑄧𑄚𑄴"
        ]
      },
      "🇱🇨": {
        "default": [
          "𑄙𑄧𑄏"
        ],
        "tts": [
          "𑄙𑄧𑄏: 𑄥𑄬𑄚𑄴𑄑𑄴 𑄣𑄪𑄥𑄨𑄠"
        ]
      },
      "🇱🇮": {
        "default": [
          "𑄙𑄧𑄏"
        ],
        "tts": [
          "𑄙𑄧𑄏: 𑄣𑄨𑄌𑄬𑄚𑄴𑄥𑄳𑄑𑄬𑄃𑄨𑄚𑄴"
        ]
      },
      "🇱🇰": {
        "default": [
          "𑄙𑄧𑄏"
        ],
        "tts": [
          "𑄙𑄧𑄏: 𑄥𑄳𑄢𑄨𑄣𑄧𑄁𑄇"
        ]
      },
      "🇱🇷": {
        "default": [
          "𑄙𑄧𑄏"
        ],
        "tts": [
          "𑄙𑄧𑄏: 𑄃𑄭𑄝𑄬𑄢𑄨𑄠"
        ]
      },
      "🇱🇸": {
        "default": [
          "𑄙𑄧𑄏"
        ],
        "tts": [
          "𑄙𑄧𑄏: 𑄣𑄬𑄥𑄮𑄗𑄮"
        ]
      },
      "🇱🇹": {
        "default": [
          "𑄙𑄧𑄏"
        ],
        "tts": [
          "𑄙𑄧𑄏: 𑄣𑄨𑄗𑄪𑄠𑄚𑄨𑄠"
        ]
      },
      "🇱🇺": {
        "default": [
          "𑄙𑄧𑄏"
        ],
        "tts": [
          "𑄙𑄧𑄏: 𑄣𑄪𑄇𑄴𑄥𑄬𑄟𑄴𑄝𑄢𑄴𑄉𑄧"
        ]
      },
      "🇱🇻": {
        "default": [
          "𑄙𑄧𑄏"
        ],
        "tts": [
          "𑄙𑄧𑄏: 𑄣𑄖𑄴𑄞𑄨𑄠"
        ]
      },
      "🇱🇾": {
        "default": [
          "𑄙𑄧𑄏"
        ],
        "tts": [
          "𑄙𑄧𑄏: 𑄣𑄨𑄝𑄨𑄠"
        ]
      },
      "🇲🇦": {
        "default": [
          "𑄙𑄧𑄏"
        ],
        "tts": [
          "𑄙𑄧𑄏: 𑄟𑄮𑄢𑄧𑄇𑄴𑄇𑄮"
        ]
      },
      "🇲🇨": {
        "default": [
          "𑄙𑄧𑄏"
        ],
        "tts": [
          "𑄙𑄧𑄏: 𑄟𑄮𑄚𑄇𑄮"
        ]
      },
      "🇲🇩": {
        "default": [
          "𑄙𑄧𑄏"
        ],
        "tts": [
          "𑄙𑄧𑄏: 𑄟𑄮𑄣𑄴𑄘𑄞𑄨𑄠"
        ]
      },
      "🇲🇪": {
        "default": [
          "𑄙𑄧𑄏"
        ],
        "tts": [
          "𑄙𑄧𑄏: 𑄟𑄧𑄚𑄴𑄑𑄨𑄚𑄨𑄉𑄳𑄢𑄮"
        ]
      },
      "🇲🇫": {
        "default": [
          "𑄙𑄧𑄏"
        ],
        "tts": [
          "𑄙𑄧𑄏: 𑄥𑄬𑄚𑄴𑄑𑄴 𑄟𑄢𑄴𑄑𑄨𑄚𑄴"
        ]
      },
      "🇲🇬": {
        "default": [
          "𑄙𑄧𑄏"
        ],
        "tts": [
          "𑄙𑄧𑄏: 𑄟𑄘𑄉𑄌𑄴𑄇𑄢𑄴"
        ]
      },
      "🇲🇭": {
        "default": [
          "𑄙𑄧𑄏"
        ],
        "tts": [
          "𑄙𑄧𑄏: 𑄟𑄢𑄴𑄥𑄣𑄴 𑄉𑄭 𑄉𑄭 𑄞𑄨𑄘𑄳𑄠"
        ]
      },
      "🇲🇰": {
        "default": [
          "𑄙𑄧𑄏"
        ],
        "tts": [
          "𑄙𑄧𑄏: 𑄟𑄳𑄠𑄥𑄓𑄮𑄚𑄨𑄠"
        ]
      },
      "🇲🇱": {
        "default": [
          "𑄙𑄧𑄏"
        ],
        "tts": [
          "𑄙𑄧𑄏: 𑄟𑄣𑄨"
        ]
      },
      "🇲🇲": {
        "default": [
          "𑄙𑄧𑄏"
        ],
        "tts": [
          "𑄙𑄧𑄏: 𑄟𑄠𑄚𑄴𑄟𑄢𑄴 (𑄝𑄢𑄴𑄟)"
        ]
      },
      "🇲🇳": {
        "default": [
          "𑄙𑄧𑄏"
        ],
        "tts": [
          "𑄙𑄧𑄏: 𑄟𑄧𑄋𑄴𑄉𑄮𑄣𑄨𑄠"
        ]
      },
      "🇲🇴": {
        "default": [
          "𑄙𑄧𑄏"
        ],
        "tts": [
          "𑄙𑄧𑄏: 𑄟𑄳𑄠𑄇𑄃𑄮 𑄆𑄌𑄴𑄃𑄬𑄃𑄢𑄴 𑄌𑄩𑄚"
        ]
      },
      "🇲🇵": {
        "default": [
          "𑄙𑄧𑄏"
        ],
        "tts": [
          "𑄙𑄧𑄏: 𑄅𑄪𑄖𑄴𑄖𑄮𑄉𑄎𑄢𑄴 𑄟𑄢𑄨𑄠𑄚 𑄉𑄭 𑄉𑄭 𑄞𑄨𑄘𑄳𑄠"
        ]
      },
      "🇲🇶": {
        "default": [
          "𑄙𑄧𑄏"
        ],
        "tts": [
          "𑄙𑄧𑄏: 𑄟𑄢𑄴𑄑𑄨𑄚𑄨𑄇𑄴"
        ]
      },
      "🇲🇷": {
        "default": [
          "𑄙𑄧𑄏"
        ],
        "tts": [
          "𑄙𑄧𑄏: 𑄟𑄧𑄢𑄨𑄖𑄚𑄨𑄠"
        ]
      },
      "🇲🇸": {
        "default": [
          "𑄙𑄧𑄏"
        ],
        "tts": [
          "𑄙𑄧𑄏: 𑄟𑄧𑄚𑄴𑄑𑄴𑄥𑄬𑄢𑄑𑄴"
        ]
      },
      "🇲🇹": {
        "default": [
          "𑄙𑄧𑄏"
        ],
        "tts": [
          "𑄙𑄧𑄏: 𑄟𑄣𑄴𑄑"
        ]
      },
      "🇲🇺": {
        "default": [
          "𑄙𑄧𑄏"
        ],
        "tts": [
          "𑄙𑄧𑄏: 𑄟𑄧𑄢𑄨𑄥𑄥𑄴"
        ]
      },
      "🇲🇻": {
        "default": [
          "𑄙𑄧𑄏"
        ],
        "tts": [
          "𑄙𑄧𑄏: 𑄟𑄣𑄴𑄘𑄨𑄛𑄴"
        ]
      },
      "🇲🇼": {
        "default": [
          "𑄙𑄧𑄏"
        ],
        "tts": [
          "𑄙𑄧𑄏: 𑄟𑄣𑄃𑄪𑄃𑄨"
        ]
      },
      "🇲🇽": {
        "default": [
          "𑄙𑄧𑄏"
        ],
        "tts": [
          "𑄙𑄧𑄏: 𑄟𑄬𑄇𑄴𑄥𑄨𑄇𑄮"
        ]
      },
      "🇲🇾": {
        "default": [
          "𑄙𑄧𑄏"
        ],
        "tts": [
          "𑄙𑄧𑄏: 𑄟𑄣𑄴𑄠𑄬𑄥𑄨𑄠"
        ]
      },
      "🇲🇿": {
        "default": [
          "𑄙𑄧𑄏"
        ],
        "tts": [
          "𑄙𑄧𑄏: 𑄟𑄮𑄎𑄟𑄴𑄝𑄨𑄇𑄴"
        ]
      },
      "🇳🇦": {
        "default": [
          "𑄙𑄧𑄏"
        ],
        "tts": [
          "𑄙𑄧𑄏: 𑄚𑄟𑄨𑄝𑄨𑄠"
        ]
      },
      "🇳🇨": {
        "default": [
          "𑄙𑄧𑄏"
        ],
        "tts": [
          "𑄙𑄧𑄏: 𑄚𑄱 𑄇𑄳𑄠𑄣𑄬𑄓𑄮𑄚𑄨𑄠"
        ]
      },
      "🇳🇪": {
        "default": [
          "𑄙𑄧𑄏"
        ],
        "tts": [
          "𑄙𑄧𑄏: 𑄚𑄭𑄎𑄢𑄴"
        ]
      },
      "🇳🇫": {
        "default": [
          "𑄙𑄧𑄏"
        ],
        "tts": [
          "𑄙𑄧𑄏: 𑄚𑄨𑄢𑄴𑄜𑄮𑄇𑄴 𑄞𑄨𑄘𑄳𑄠"
        ]
      },
      "🇳🇬": {
        "default": [
          "𑄙𑄧𑄏"
        ],
        "tts": [
          "𑄙𑄧𑄏: 𑄚𑄭𑄎𑄬𑄢𑄨𑄠"
        ]
      },
      "🇳🇮": {
        "default": [
          "𑄙𑄧𑄏"
        ],
        "tts": [
          "𑄙𑄧𑄏: 𑄚𑄨𑄇𑄢𑄉𑄪𑄠"
        ]
      },
      "🇳🇱": {
        "default": [
          "𑄙𑄧𑄏"
        ],
        "tts": [
          "𑄙𑄧𑄏: 𑄚𑄬𑄘𑄢𑄴𑄣𑄳𑄠𑄚𑄴𑄓𑄴𑄥𑄴"
        ]
      },
      "🇳🇴": {
        "default": [
          "𑄙𑄧𑄏"
        ],
        "tts": [
          "𑄙𑄧𑄏: 𑄚𑄧𑄢𑄴𑄃𑄮𑄠𑄬"
        ]
      },
      "🇳🇵": {
        "default": [
          "𑄙𑄧𑄏"
        ],
        "tts": [
          "𑄙𑄧𑄏: 𑄚𑄬𑄛𑄣𑄴"
        ]
      },
      "🇳🇷": {
        "default": [
          "𑄙𑄧𑄏"
        ],
        "tts": [
          "𑄙𑄧𑄏: 𑄚𑄃𑄪𑄢𑄪"
        ]
      },
      "🇳🇺": {
        "default": [
          "𑄙𑄧𑄏"
        ],
        "tts": [
          "𑄙𑄧𑄏: 𑄚𑄨𑄃𑄪𑄠𑄬"
        ]
      },
      "🇳🇿": {
        "default": [
          "𑄙𑄧𑄏"
        ],
        "tts": [
          "𑄙𑄧𑄏: 𑄚𑄨𑄃𑄪𑄎𑄨𑄣𑄳𑄠𑄚𑄴𑄓𑄴"
        ]
      },
      "🇴🇲": {
        "default": [
          "𑄙𑄧𑄏"
        ],
        "tts": [
          "𑄙𑄧𑄏: 𑄃𑄮𑄟𑄚𑄴"
        ]
      },
      "🇵🇦": {
        "default": [
          "𑄙𑄧𑄏"
        ],
        "tts": [
          "𑄙𑄧𑄏: 𑄛𑄚𑄟"
        ]
      },
      "🇵🇪": {
        "default": [
          "𑄙𑄧𑄏"
        ],
        "tts": [
          "𑄙𑄧𑄏: 𑄛𑄬𑄢𑄪"
        ]
      },
      "🇵🇫": {
        "default": [
          "𑄙𑄧𑄏"
        ],
        "tts": [
          "𑄙𑄧𑄏: 𑄜𑄧𑄢𑄥𑄩 𑄛𑄧𑄣𑄨𑄚𑄬𑄥𑄨𑄠"
        ]
      },
      "🇵🇬": {
        "default": [
          "𑄙𑄧𑄏"
        ],
        "tts": [
          "𑄙𑄧𑄏: 𑄛𑄛𑄪𑄠 𑄚𑄨𑄃𑄪 𑄉𑄨𑄚𑄨"
        ]
      },
      "🇵🇭": {
        "default": [
          "𑄙𑄧𑄏"
        ],
        "tts": [
          "𑄙𑄧𑄏: 𑄜𑄨𑄣𑄨𑄛𑄭𑄚𑄴"
        ]
      },
      "🇵🇰": {
        "default": [
          "𑄙𑄧𑄏"
        ],
        "tts": [
          "𑄙𑄧𑄏: 𑄛𑄇𑄨𑄌𑄴𑄖𑄚𑄴"
        ]
      },
      "🇵🇱": {
        "default": [
          "𑄙𑄧𑄏"
        ],
        "tts": [
          "𑄙𑄧𑄏: 𑄛𑄮𑄣𑄳𑄠𑄚𑄴𑄓𑄴"
        ]
      },
      "🇵🇲": {
        "default": [
          "𑄙𑄧𑄏"
        ],
        "tts": [
          "𑄙𑄧𑄏: 𑄥𑄬𑄚𑄴𑄑𑄴 𑄛𑄨𑄠𑄬𑄢𑄴 𑄃𑄮 𑄟𑄨𑄢𑄪𑄠𑄬𑄣𑄧𑄚𑄴"
        ]
      },
      "🇵🇳": {
        "default": [
          "𑄙𑄧𑄏"
        ],
        "tts": [
          "𑄙𑄧𑄏: 𑄛𑄨𑄇𑄴𑄇𑄬𑄠𑄢𑄴𑄚𑄴 𑄉𑄭 𑄉𑄭 𑄞𑄨𑄘𑄳𑄠"
        ]
      },
      "🇵🇷": {
        "default": [
          "𑄙𑄧𑄏"
        ],
        "tts": [
          "𑄙𑄧𑄏: 𑄛𑄪𑄠𑄬𑄢𑄴𑄖𑄮 𑄢𑄨𑄇𑄮"
        ]
      },
      "🇵🇸": {
        "default": [
          "𑄙𑄧𑄏"
        ],
        "tts": [
          "𑄙𑄧𑄏: 𑄜𑄨𑄣𑄨𑄌𑄴𑄖𑄨𑄚𑄴 𑄎𑄉𑄊𑄚𑄨"
        ]
      },
      "🇵🇹": {
        "default": [
          "𑄙𑄧𑄏"
        ],
        "tts": [
          "𑄙𑄧𑄏: 𑄛𑄧𑄢𑄴𑄖𑄪𑄉𑄣𑄴"
        ]
      },
      "🇵🇼": {
        "default": [
          "𑄙𑄧𑄏"
        ],
        "tts": [
          "𑄙𑄧𑄏: 𑄛𑄣𑄃𑄪"
        ]
      },
      "🇵🇾": {
        "default": [
          "𑄙𑄧𑄏"
        ],
        "tts": [
          "𑄙𑄧𑄏: 𑄛𑄳𑄠𑄢𑄉𑄪𑄠𑄬"
        ]
      },
      "🇶🇦": {
        "default": [
          "𑄙𑄧𑄏"
        ],
        "tts": [
          "𑄙𑄧𑄏: 𑄇𑄖𑄢𑄴"
        ]
      },
      "🇷🇪": {
        "default": [
          "𑄙𑄧𑄏"
        ],
        "tts": [
          "𑄙𑄧𑄏: 𑄢𑄨𑄃𑄨𑄃𑄪𑄚𑄨𑄠𑄧𑄚𑄴"
        ]
      },
      "🇷🇴": {
        "default": [
          "𑄙𑄧𑄏"
        ],
        "tts": [
          "𑄙𑄧𑄏: 𑄢𑄮𑄟𑄚𑄨𑄠"
        ]
      },
      "🇷🇸": {
        "default": [
          "𑄙𑄧𑄏"
        ],
        "tts": [
          "𑄙𑄧𑄏: 𑄥𑄢𑄴𑄝𑄨𑄠"
        ]
      },
      "🇷🇺": {
        "default": [
          "𑄙𑄧𑄏"
        ],
        "tts": [
          "𑄙𑄧𑄏: 𑄢𑄥𑄨𑄠"
        ]
      },
      "🇷🇼": {
        "default": [
          "𑄙𑄧𑄏"
        ],
        "tts": [
          "𑄙𑄧𑄏: 𑄢𑄪𑄠𑄚𑄴𑄓"
        ]
      },
      "🇸🇦": {
        "default": [
          "𑄙𑄧𑄏"
        ],
        "tts": [
          "𑄙𑄧𑄏: 𑄥𑄯𑄘𑄨 𑄃𑄢𑄧𑄝𑄴"
        ]
      },
      "🇸🇧": {
        "default": [
          "𑄙𑄧𑄏"
        ],
        "tts": [
          "𑄙𑄧𑄏: 𑄥𑄧𑄣𑄮𑄟𑄚𑄴 𑄉𑄭 𑄉𑄭 𑄞𑄨𑄘𑄳𑄠"
        ]
      },
      "🇸🇨": {
        "default": [
          "𑄙𑄧𑄏"
        ],
        "tts": [
          "𑄙𑄧𑄏: 𑄥𑄨𑄥𑄨𑄣𑄨"
        ]
      },
      "🇸🇩": {
        "default": [
          "𑄙𑄧𑄏"
        ],
        "tts": [
          "𑄙𑄧𑄏: 𑄥𑄪𑄘𑄚𑄴"
        ]
      },
      "🇸🇪": {
        "default": [
          "𑄙𑄧𑄏"
        ],
        "tts": [
          "𑄙𑄧𑄏: 𑄥𑄭𑄪𑄓𑄬𑄚𑄴"
        ]
      },
      "🇸🇬": {
        "default": [
          "𑄙𑄧𑄏"
        ],
        "tts": [
          "𑄙𑄧𑄏: 𑄥𑄨𑄋𑄴𑄉𑄛𑄪𑄢𑄴"
        ]
      },
      "🇸🇭": {
        "default": [
          "𑄙𑄧𑄏"
        ],
        "tts": [
          "𑄙𑄧𑄏: 𑄥𑄬𑄚𑄴𑄑𑄴 𑄦𑄬𑄣𑄬𑄚"
        ]
      },
      "🇸🇮": {
        "default": [
          "𑄙𑄧𑄏"
        ],
        "tts": [
          "𑄙𑄧𑄏: 𑄥𑄳𑄣𑄮𑄞𑄚𑄨𑄠"
        ]
      },
      "🇸🇯": {
        "default": [
          "𑄙𑄧𑄏"
        ],
        "tts": [
          "𑄙𑄧𑄏: 𑄥𑄣𑄴𑄝𑄢𑄴𑄓𑄴 𑄃𑄮 𑄎𑄚𑄴 𑄟𑄬𑄠𑄬𑄚𑄴"
        ]
      },
      "🇸🇰": {
        "default": [
          "𑄙𑄧𑄏"
        ],
        "tts": [
          "𑄙𑄧𑄏: 𑄥𑄳𑄣𑄮𑄞𑄇𑄨𑄠"
        ]
      },
      "🇸🇱": {
        "default": [
          "𑄙𑄧𑄏"
        ],
        "tts": [
          "𑄙𑄧𑄏: 𑄥𑄨𑄠𑄬𑄢𑄣𑄨𑄃𑄮𑄚𑄴"
        ]
      },
      "🇸🇲": {
        "default": [
          "𑄙𑄧𑄏"
        ],
        "tts": [
          "𑄙𑄧𑄏: 𑄥𑄚𑄴 𑄟𑄢𑄨𑄚𑄮"
        ]
      },
      "🇸🇳": {
        "default": [
          "𑄙𑄧𑄏"
        ],
        "tts": [
          "𑄙𑄧𑄏: 𑄥𑄬𑄚𑄬𑄉𑄣𑄴"
        ]
      },
      "🇸🇴": {
        "default": [
          "𑄙𑄧𑄏"
        ],
        "tts": [
          "𑄙𑄧𑄏: 𑄥𑄮𑄟𑄣𑄨𑄠"
        ]
      },
      "🇸🇷": {
        "default": [
          "𑄙𑄧𑄏"
        ],
        "tts": [
          "𑄙𑄧𑄏: 𑄥𑄪𑄢𑄨𑄚𑄟𑄴"
        ]
      },
      "🇸🇸": {
        "default": [
          "𑄙𑄧𑄏"
        ],
        "tts": [
          "𑄙𑄧𑄏: 𑄘𑄧𑄉𑄨𑄚𑄴 𑄥𑄪𑄘𑄚𑄴"
        ]
      },
      "🇸🇹": {
        "default": [
          "𑄙𑄧𑄏"
        ],
        "tts": [
          "𑄙𑄧𑄏: 𑄥𑄃𑄮𑄑𑄟 𑄃𑄮 𑄛𑄳𑄢𑄨𑄚𑄴𑄥𑄨𑄛𑄨"
        ]
      },
      "🇸🇻": {
        "default": [
          "𑄙𑄧𑄏"
        ],
        "tts": [
          "𑄙𑄧𑄏: 𑄆𑄣𑄴 𑄥𑄣𑄴𑄞𑄬𑄘𑄧𑄢𑄴"
        ]
      },
      "🇸🇽": {
        "default": [
          "𑄙𑄧𑄏"
        ],
        "tts": [
          "𑄙𑄧𑄏: 𑄥𑄨𑄚𑄴𑄑𑄴 𑄟𑄢𑄴𑄑𑄬𑄚𑄴"
        ]
      },
      "🇸🇾": {
        "default": [
          "𑄙𑄧𑄏"
        ],
        "tts": [
          "𑄙𑄧𑄏: 𑄥𑄨𑄢𑄨𑄠"
        ]
      },
      "🇸🇿": {
        "default": [
          "𑄙𑄧𑄏"
        ],
        "tts": [
          "𑄙𑄧𑄏: 𑄥𑄮𑄠𑄎𑄨𑄣𑄳𑄠𑄚𑄴𑄓𑄴"
        ]
      },
      "🇹🇦": {
        "default": [
          "𑄙𑄧𑄏"
        ],
        "tts": [
          "𑄙𑄧𑄏: 𑄑𑄳𑄢𑄌𑄴𑄑𑄚𑄴 𑄓 𑄇𑄪𑄚𑄴𑄦"
        ]
      },
      "🇹🇨": {
        "default": [
          "𑄙𑄧𑄏"
        ],
        "tts": [
          "𑄙𑄧𑄏: 𑄖𑄪𑄢𑄴𑄇𑄧𑄌𑄴 𑄃𑄮 𑄇𑄭𑄇𑄮𑄌𑄴 𑄉𑄭 𑄉𑄭 𑄞𑄨𑄘𑄳𑄠"
        ]
      },
      "🇹🇩": {
        "default": [
          "𑄙𑄧𑄏"
        ],
        "tts": [
          "𑄙𑄧𑄏: 𑄌𑄘𑄴"
        ]
      },
      "🇹🇫": {
        "default": [
          "𑄙𑄧𑄏"
        ],
        "tts": [
          "𑄙𑄧𑄏: 𑄜𑄢𑄥𑄩 𑄘𑄧𑄉𑄨𑄚𑄧 𑄎𑄉"
        ]
      },
      "🇹🇬": {
        "default": [
          "𑄙𑄧𑄏"
        ],
        "tts": [
          "𑄙𑄧𑄏: 𑄑𑄮𑄉𑄮"
        ]
      },
      "🇹🇭": {
        "default": [
          "𑄙𑄧𑄏"
        ],
        "tts": [
          "𑄙𑄧𑄏: 𑄗𑄭𑄣𑄳𑄠𑄚𑄴𑄓𑄴"
        ]
      },
      "🇹🇯": {
        "default": [
          "𑄙𑄧𑄏"
        ],
        "tts": [
          "𑄙𑄧𑄏: 𑄖𑄎𑄨𑄇𑄴𑄥𑄳𑄗𑄚𑄴"
        ]
      },
      "🇹🇰": {
        "default": [
          "𑄙𑄧𑄏"
        ],
        "tts": [
          "𑄙𑄧𑄏: 𑄑𑄮𑄇𑄬𑄣𑄃𑄪"
        ]
      },
      "🇹🇱": {
        "default": [
          "𑄙𑄧𑄏"
        ],
        "tts": [
          "𑄙𑄧𑄏: 𑄖𑄨𑄟𑄪𑄢𑄴-𑄣𑄬𑄌𑄴𑄖𑄬"
        ]
      },
      "🇹🇲": {
        "default": [
          "𑄙𑄧𑄏"
        ],
        "tts": [
          "𑄙𑄧𑄏: 𑄖𑄪𑄢𑄴𑄇𑄧𑄟𑄬𑄚𑄨𑄌𑄴𑄖𑄚𑄴"
        ]
      },
      "🇹🇳": {
        "default": [
          "𑄙𑄧𑄏"
        ],
        "tts": [
          "𑄙𑄧𑄏: 𑄖𑄨𑄃𑄪𑄚𑄨𑄥𑄨𑄠"
        ]
      },
      "🇹🇴": {
        "default": [
          "𑄙𑄧𑄏"
        ],
        "tts": [
          "𑄙𑄧𑄏: 𑄑𑄮𑄋𑄴𑄉"
        ]
      },
      "🇹🇷": {
        "default": [
          "𑄙𑄧𑄏"
        ],
        "tts": [
          "𑄙𑄧𑄏: 𑄖𑄪𑄢𑄧𑄌𑄴𑄇𑄧"
        ]
      },
      "🇹🇹": {
        "default": [
          "𑄙𑄧𑄏"
        ],
        "tts": [
          "𑄙𑄧𑄏: 𑄖𑄳𑄢𑄨𑄚𑄨𑄚𑄘𑄴 𑄃𑄮 𑄑𑄮𑄝𑄳𑄠𑄉𑄮"
        ]
      },
      "🇹🇻": {
        "default": [
          "𑄙𑄧𑄏"
        ],
        "tts": [
          "𑄙𑄧𑄏: 𑄑𑄪𑄞𑄣𑄪"
        ]
      },
      "🇹🇼": {
        "default": [
          "𑄙𑄧𑄏"
        ],
        "tts": [
          "𑄙𑄧𑄏: 𑄖𑄭𑄤𑄚𑄴"
        ]
      },
      "🇹🇿": {
        "default": [
          "𑄙𑄧𑄏"
        ],
        "tts": [
          "𑄙𑄧𑄏: 𑄖𑄚𑄴𑄎𑄚𑄨𑄠"
        ]
      },
      "🇺🇦": {
        "default": [
          "𑄙𑄧𑄏"
        ],
        "tts": [
          "𑄙𑄧𑄏: 𑄃𑄨𑄃𑄪𑄇𑄳𑄢𑄬𑄚𑄴"
        ]
      },
      "🇺🇬": {
        "default": [
          "𑄙𑄧𑄏"
        ],
        "tts": [
          "𑄙𑄧𑄏: 𑄅𑄉𑄚𑄴𑄓"
        ]
      },
      "🇺🇲": {
        "default": [
          "𑄙𑄧𑄏"
        ],
        "tts": [
          "𑄙𑄧𑄏: 𑄎𑄧𑄙𑄢𑄬𑄌𑄴𑄎𑄮𑄢𑄴 𑄦𑄭𑄇𑄪𑄢𑄬 𑄉𑄭 𑄉𑄭 𑄞𑄨𑄘𑄳𑄠"
        ]
      },
      "🇺🇳": {
        "default": [
          "𑄙𑄧𑄏"
        ],
        "tts": [
          "𑄙𑄧𑄏: 𑄎𑄘𑄨𑄥𑄧𑄁𑄊𑄧"
        ]
      },
      "🇺🇸": {
        "default": [
          "𑄙𑄧𑄏"
        ],
        "tts": [
          "𑄙𑄧𑄏: 𑄟𑄢𑄴𑄇𑄨𑄚𑄴 𑄎𑄧𑄙𑄢𑄬𑄌𑄴𑄎𑄮"
        ]
      },
      "🇺🇾": {
        "default": [
          "𑄙𑄧𑄏"
        ],
        "tts": [
          "𑄙𑄧𑄏: 𑄅𑄪𑄢𑄪𑄉𑄪𑄠𑄬"
        ]
      },
      "🇺🇿": {
        "default": [
          "𑄙𑄧𑄏"
        ],
        "tts": [
          "𑄙𑄧𑄏: 𑄅𑄪𑄎𑄴𑄝𑄬𑄇𑄨𑄌𑄴𑄖𑄚𑄴"
        ]
      },
      "🇻🇦": {
        "default": [
          "𑄙𑄧𑄏"
        ],
        "tts": [
          "𑄙𑄧𑄏: 𑄞𑄳𑄠𑄑𑄨𑄇𑄚𑄴 𑄥𑄨𑄑𑄨"
        ]
      },
      "🇻🇨": {
        "default": [
          "𑄙𑄧𑄏"
        ],
        "tts": [
          "𑄙𑄧𑄏: 𑄥𑄬𑄚𑄴𑄑𑄴 𑄞𑄨𑄚𑄴𑄥𑄬𑄚𑄴𑄑𑄴 𑄃𑄮 𑄘𑄳𑄠 𑄉𑄳𑄢𑄬𑄚𑄓𑄨𑄚𑄴𑄥𑄴"
        ]
      },
      "🇻🇪": {
        "default": [
          "𑄙𑄧𑄏"
        ],
        "tts": [
          "𑄙𑄧𑄏: 𑄞𑄬𑄚𑄬𑄎𑄪𑄠𑄬𑄣"
        ]
      },
      "🇻🇬": {
        "default": [
          "𑄙𑄧𑄏"
        ],
        "tts": [
          "𑄙𑄧𑄏: 𑄝𑄳𑄢𑄨𑄑𑄨𑄌𑄴 𑄞𑄢𑄴𑄎𑄨𑄚𑄴 𑄉𑄭 𑄉𑄭 𑄞𑄨𑄘𑄳𑄠"
        ]
      },
      "🇻🇮": {
        "default": [
          "𑄙𑄧𑄏"
        ],
        "tts": [
          "𑄙𑄧𑄏: 𑄟𑄢𑄴𑄇𑄨𑄚𑄴 𑄎𑄧𑄙𑄢𑄬𑄌𑄴𑄎𑄮𑄢𑄴 𑄞𑄢𑄴𑄎𑄨𑄚𑄴 𑄉𑄭 𑄉𑄭 𑄞𑄨𑄘𑄳𑄠"
        ]
      },
      "🇻🇳": {
        "default": [
          "𑄙𑄧𑄏"
        ],
        "tts": [
          "𑄙𑄧𑄏: 𑄞𑄨𑄠𑄬𑄖𑄴𑄚𑄟𑄴"
        ]
      },
      "🇻🇺": {
        "default": [
          "𑄙𑄧𑄏"
        ],
        "tts": [
          "𑄙𑄧𑄏: 𑄞𑄚𑄪𑄠𑄑𑄪"
        ]
      },
      "🇼🇫": {
        "default": [
          "𑄙𑄧𑄏"
        ],
        "tts": [
          "𑄙𑄧𑄏: 𑄤𑄣𑄨𑄌𑄴 𑄃𑄮 𑄜𑄪𑄑𑄪𑄚"
        ]
      },
      "🇼🇸": {
        "default": [
          "𑄙𑄧𑄏"
        ],
        "tts": [
          "𑄙𑄧𑄏: 𑄥𑄟𑄮𑄠"
        ]
      },
      "🇽🇰": {
        "default": [
          "𑄙𑄧𑄏"
        ],
        "tts": [
          "𑄙𑄧𑄏: 𑄇𑄧𑄥𑄮𑄞𑄮"
        ]
      },
      "🇾🇪": {
        "default": [
          "𑄙𑄧𑄏"
        ],
        "tts": [
          "𑄙𑄧𑄏: 𑄃𑄨𑄠𑄬𑄟𑄬𑄚𑄴"
        ]
      },
      "🇾🇹": {
        "default": [
          "𑄙𑄧𑄏"
        ],
        "tts": [
          "𑄙𑄧𑄏: 𑄟𑄠𑄮𑄖𑄴𑄖𑄬"
        ]
      },
      "🇿🇦": {
        "default": [
          "𑄙𑄧𑄏"
        ],
        "tts": [
          "𑄙𑄧𑄏: 𑄘𑄧𑄉𑄨𑄚𑄴 𑄃𑄜𑄳𑄢𑄨𑄇"
        ]
      },
      "🇿🇲": {
        "default": [
          "𑄙𑄧𑄏"
        ],
        "tts": [
          "𑄙𑄧𑄏: 𑄎𑄟𑄴𑄝𑄨𑄠"
        ]
      },
      "🇿🇼": {
        "default": [
          "𑄙𑄧𑄏"
        ],
        "tts": [
          "𑄙𑄧𑄏: 𑄎𑄨𑄟𑄴𑄝𑄝𑄪𑄠𑄬"
        ]
      },
      "🏴󠁧󠁢󠁥󠁮󠁧󠁿": {
        "default": [
          "𑄙𑄧𑄏"
        ],
        "tts": [
          "𑄙𑄧𑄏: 𑄃𑄨𑄁𑄣𑄳𑄠𑄚𑄳𑄓𑄴"
        ]
      },
      "🏴󠁧󠁢󠁳󠁣󠁴󠁿": {
        "default": [
          "𑄙𑄧𑄏"
        ],
        "tts": [
          "𑄙𑄧𑄏: 𑄌𑄳𑄇𑄧𑄖𑄴𑄣𑄳𑄠𑄚𑄳𑄓𑄴"
        ]
      },
      "🏴󠁧󠁢󠁷󠁬󠁳󠁿": {
        "default": [
          "𑄙𑄧𑄏"
        ],
        "tts": [
          "𑄙𑄧𑄏: 𑄃𑄮𑄠𑄬𑄣𑄴"
        ]
      },
      "¤": {
        "tts": [
          "𑄦𑄧𑄝𑄢𑄴 𑄚𑄧𑄛𑄬𑄠𑄬 𑄑𑄬𑄋"
        ]
      },
      "֏": {
        "tts": [
          "𑄃𑄢𑄴𑄟𑄬𑄚𑄨𑄠𑄚𑄴 𑄘𑄳𑄢𑄟𑄴"
        ]
      },
      "؋": {
        "tts": [
          "𑄃𑄜𑄴𑄉𑄚𑄴 𑄃𑄜𑄴𑄉𑄚𑄨"
        ]
      },
      "৳": {
        "tts": [
          "𑄝𑄁𑄣𑄘𑄬𑄥𑄨 𑄑𑄬𑄋"
        ]
      },
      "฿": {
        "tts": [
          "𑄗𑄭 𑄝𑄖𑄴"
        ]
      },
      "៛": {
        "tts": [
          "𑄇𑄧𑄟𑄴𑄝𑄮𑄓𑄨𑄠𑄚𑄴 𑄢𑄨𑄠𑄬𑄣𑄴"
        ]
      },
      "₡": {
        "tts": [
          "𑄇𑄮𑄥𑄴𑄑𑄢𑄨𑄇 𑄇𑄮𑄣𑄮𑄚𑄴"
        ]
      },
      "₦": {
        "tts": [
          "𑄚𑄭𑄎𑄬𑄢𑄨𑄠𑄚𑄴 𑄚𑄠𑄴𑄢"
        ]
      },
      "₪": {
        "tts": [
          "𑄃𑄨𑄥𑄳𑄢𑄭𑄣𑄨 𑄚𑄱 𑄥𑄬𑄇𑄬𑄣𑄴"
        ]
      },
      "₫": {
        "tts": [
          "𑄞𑄨𑄠𑄬𑄖𑄴𑄚𑄟𑄨 𑄓𑄧𑄋𑄴𑄉𑄧"
        ]
      },
      "₭": {
        "tts": [
          "𑄣𑄬𑄅𑄪𑄥𑄚𑄴 𑄇𑄨𑄛𑄴"
        ]
      },
      "₮": {
        "tts": [
          "𑄟𑄧𑄋𑄴𑄉𑄮𑄣𑄨𑄠𑄚𑄴 𑄖𑄪𑄇𑄴𑄢𑄨𑄇𑄴"
        ]
      },
      "₲": {
        "tts": [
          "𑄛𑄳𑄠𑄢𑄉𑄪𑄠𑄚𑄴 𑄉𑄪𑄠𑄢𑄚𑄨"
        ]
      },
      "₴": {
        "tts": [
          "ই𑄃𑄨𑄃𑄪𑄇𑄳𑄢𑄭𑄚𑄴 𑄢𑄨𑄛𑄴𑄚𑄨𑄠"
        ]
      },
      "₵": {
        "tts": [
          "𑄊𑄚 𑄥𑄬𑄓𑄨"
        ]
      },
      "₸": {
        "tts": [
          "𑄇𑄎𑄈𑄥𑄴𑄖𑄚𑄨 𑄑𑄬𑄋𑄴𑄉𑄬"
        ]
      },
      "₺": {
        "tts": [
          "𑄖𑄪𑄢𑄴𑄇𑄨 𑄣𑄨𑄢"
        ]
      },
      "₼": {
        "tts": [
          "𑄃𑄎𑄢𑄴𑄝𑄭𑄎𑄚𑄴 𑄟𑄚𑄖𑄴"
        ]
      },
      "₾": {
        "tts": [
          "𑄎𑄧𑄢𑄴𑄎𑄨𑄠𑄚𑄴 𑄣𑄢𑄨"
        ]
      },
      "₧": {
        "tts": [
          "𑄥𑄳𑄛𑄳𑄠𑄚𑄨𑄥𑄴 𑄛𑄬𑄥𑄬𑄖"
        ]
      }
    }
  }
}
