{
  "annotationsDerived": {
    "identity": {
      "language": "ckb"
    },
    "annotations": {
      "¤": {
        "tts": [
          "پارەی نەناسراو"
        ]
      },
      "֏": {
        "tts": [
          "درامی ئەرمینیایی"
        ]
      },
      "؋": {
        "tts": [
          "ئەفغانیی ئەفغانستان"
        ]
      },
      "৳": {
        "tts": [
          "تەکەی بەنگالی"
        ]
      },
      "៛": {
        "tts": [
          "ڕیالی کەمبۆدی"
        ]
      },
      "₪": {
        "tts": [
          "شەخەلی ئیسرائیلی"
        ]
      },
      "₫": {
        "tts": [
          "دۆنگی ڤێتنامی"
        ]
      },
      "₮": {
        "tts": [
          "توگریکی مەنگۆلی"
        ]
      },
      "₸": {
        "tts": [
          "تەنگەی کازاخستانی"
        ]
      },
      "₺": {
        "tts": [
          "لیرەی تورکیا"
        ]
      },
      "₼": {
        "tts": [
          "مەنەتی ئازەربایجانی"
        ]
      },
      "₾": {
        "tts": [
          "لاری جۆرجیی"
        ]
      }
    }
  }
}
